inches,ram,weight,is_ips,is_touchscreen,res_width,res_height,storage_gb,has_ssd,has_hdd,ppi,company_Apple,company_Asus,company_Chuwi,company_Dell,company_Fujitsu,company_Google,company_Hp,company_Huawei,company_Lenovo,company_Lg,company_Mediacom,company_Microsoft,company_Msi,company_Razer,company_Samsung,company_Toshiba,company_Vero,company_Xiaomi,typename_Gaming,typename_Netbook,typename_Notebook,typename_Ultrabook,typename_Workstation,opsys_Chrome Os,opsys_Linux,opsys_Mac Os X,opsys_Macos,opsys_No Os,opsys_Windows 10,opsys_Windows 10 S,opsys_Windows 7
13.3,8.0,1.37,1,0,2560,1600,128.0,1,0,226.98300468106115,True,False,False,False,False,False,False,False,False,False,False,False,False,False,False,False,False,False,False,False,False,True,False,False,False,False,True,False,False,False,False
13.3,8.0,1.34,0,0,1440,900,128.0,0,0,127.67794013309688,True,False,False,False,False,False,False,False,False,False,False,False,False,False,False,False,False,False,False,False,False,True,False,False,False,False,True,False,False,False,False
15.6,8.0,1.86,0,0,1920,1080,256.0,1,0,141.21199808219862,False,False,False,False,False,False,True,False,False,False,False,False,False,False,False,False,False,False,False,False,True,False,False,False,False,False,False,True,False,False,False
15.4,16.0,1.83,1,0,2880,1800,512.0,1,0,220.53462386625827,True,False,False,False,False,False,False,False,False,False,False,False,False,False,False,False,False,False,False,False,False,True,False,False,False,False,True,False,False,False,False
13.3,8.0,1.37,1,0,2560,1600,256.0,1,0,226.98300468106115,True,False,False,False,False,False,False,False,False,False,False,False,False,False,False,False,False,False,False,False,False,True,False,False,False,False,True,False,False,False,False
15.6,4.0,2.1,0,0,1366,768,500.0,0,1,100.45466986113651,False,False,False,False,False,False,False,False,False,False,False,False,False,False,False,False,False,False,False,False,True,False,False,False,False,False,False,False,True,False,False
15.4,16.0,2.04,1,0,2880,1800,256.0,0,0,220.53462386625827,True,False,False,False,False,False,False,False,False,False,False,False,False,False,False,False,False,False,False,False,False,True,False,False,False,True,False,False,False,False,False
13.3,8.0,1.34,0,0,1440,900,256.0,0,0,127.67794013309688,True,False,False,False,False,False,False,False,False,False,False,False,False,False,False,False,False,False,False,False,False,True,False,False,False,False,True,False,False,False,False
14.0,16.0,1.3,0,0,1920,1080,512.0,1,0,157.3505121487356,False,True,False,False,False,False,False,False,False,False,False,False,False,False,False,False,False,False,False,False,False,True,False,False,False,False,False,False,True,False,False
14.0,8.0,1.6,1,0,1920,1080,256.0,1,0,157.3505121487356,False,False,False,False,False,False,False,False,False,False,False,False,False,False,False,False,False,False,False,False,False,True,False,False,False,False,False,False,True,False,False
15.6,4.0,1.86,0,0,1366,768,500.0,0,1,100.45466986113651,False,False,False,False,False,False,True,False,False,False,False,False,False,False,False,False,False,False,False,False,True,False,False,False,False,False,False,True,False,False,False
15.6,4.0,1.86,0,0,1920,1080,500.0,0,1,141.21199808219862,False,False,False,False,False,False,True,False,False,False,False,False,False,False,False,False,False,False,False,False,True,False,False,False,False,False,False,True,False,False,False
15.4,16.0,1.83,1,0,2880,1800,256.0,1,0,220.53462386625827,True,False,False,False,False,False,False,False,False,False,False,False,False,False,False,False,False,False,False,False,False,True,False,False,False,False,True,False,False,False,False
15.6,4.0,2.2,0,0,1920,1080,256.0,1,0,141.21199808219862,False,False,False,True,False,False,False,False,False,False,False,False,False,False,False,False,False,False,False,False,True,False,False,False,False,False,False,False,True,False,False
12.0,8.0,0.92,1,0,2304,1440,256.0,1,0,226.41554716935852,True,False,False,False,False,False,False,False,False,False,False,False,False,False,False,False,False,False,False,False,False,True,False,False,False,False,True,False,False,False,False
13.3,8.0,1.37,1,0,2560,1600,256.0,1,0,226.98300468106115,True,False,False,False,False,False,False,False,False,False,False,False,False,False,False,False,False,False,False,False,False,True,False,False,False,False,True,False,False,False,False
15.6,8.0,2.2,0,0,1920,1080,256.0,1,0,141.21199808219862,False,False,False,True,False,False,False,False,False,False,False,False,False,False,False,False,False,False,False,False,True,False,False,False,False,False,False,False,True,False,False
15.4,16.0,1.83,1,0,2880,1800,512.0,1,0,220.53462386625827,True,False,False,False,False,False,False,False,False,False,False,False,False,False,False,False,False,False,False,False,False,True,False,False,False,False,True,False,False,False,False
15.6,8.0,2.2,0,0,1920,1080,1024.0,0,1,141.21199808219862,False,False,False,False,False,False,False,False,True,False,False,False,False,False,False,False,False,False,False,False,True,False,False,False,False,False,False,True,False,False,False
13.3,8.0,1.22,1,1,1920,1080,128.0,1,0,165.6321180513006,False,False,False,True,False,False,False,False,False,False,False,False,False,False,False,False,False,False,False,False,False,True,False,False,False,False,False,False,True,False,False
15.6,8.0,2.5,1,0,1920,1080,1152.0,1,1,141.21199808219862,False,False,False,False,False,False,False,False,True,False,False,False,False,False,False,False,False,False,True,False,False,False,False,False,False,False,False,False,True,False,False
15.6,4.0,1.86,0,0,1366,768,500.0,0,1,100.45466986113651,False,False,False,False,False,False,True,False,False,False,False,False,False,False,False,False,False,False,False,False,True,False,False,False,False,False,False,True,False,False,False
13.3,8.0,1.62,0,1,1920,1080,256.0,1,0,165.6321180513006,False,False,False,True,False,False,False,False,False,False,False,False,False,False,False,False,False,False,False,False,False,False,False,False,False,False,False,False,True,False,False
15.6,8.0,1.91,0,0,1920,1080,256.0,1,0,141.21199808219862,False,False,False,False,False,False,True,False,False,False,False,False,False,False,False,False,False,False,False,False,False,True,False,False,False,False,False,False,True,False,False
15.6,4.0,2.3,0,0,1366,768,1024.0,0,1,100.45466986113651,False,False,False,True,False,False,False,False,False,False,False,False,False,False,False,False,False,False,False,False,True,False,False,False,False,False,False,False,True,False,False
13.3,8.0,1.35,0,0,1440,900,128.0,0,0,127.67794013309688,True,False,False,False,False,False,False,False,False,False,False,False,False,False,False,False,False,False,False,False,False,True,False,False,False,True,False,False,False,False,False
15.6,8.0,2.2,0,0,1920,1080,256.0,1,0,141.21199808219862,False,False,False,True,False,False,False,False,False,False,False,False,False,False,False,False,False,False,False,False,True,False,False,False,False,False,False,False,True,False,False
15.6,8.0,1.88,0,0,1920,1080,512.0,1,0,141.21199808219862,False,False,False,True,False,False,False,False,False,False,False,False,False,False,False,False,False,False,False,False,False,True,False,False,False,False,False,False,True,False,False
17.3,8.0,2.5,0,0,1920,1080,1024.0,0,1,127.33567457123111,False,False,False,False,False,False,True,False,False,False,False,False,False,False,False,False,False,False,False,False,True,False,False,False,False,False,False,False,True,False,False
15.6,4.0,1.89,0,0,1920,1080,64.0,0,0,141.21199808219862,False,False,True,False,False,False,False,False,False,False,False,False,False,False,False,False,False,False,False,False,True,False,False,False,False,False,False,False,True,False,False
14.0,2.0,1.65,0,0,1366,768,32.0,0,0,111.93520355955211,False,True,False,False,False,False,False,False,False,False,False,False,False,False,False,False,False,False,False,False,True,False,False,False,False,False,False,False,True,False,False
17.3,4.0,2.71,0,0,1920,1080,500.0,0,1,127.33567457123111,False,False,False,False,False,False,True,False,False,False,False,False,False,False,False,False,False,False,False,False,True,False,False,False,False,False,False,False,True,False,False
13.3,16.0,1.2,0,1,3200,1800,512.0,1,0,276.053530085501,False,False,False,True,False,False,False,False,False,False,False,False,False,False,False,False,False,False,False,False,False,True,False,False,False,False,False,False,True,False,False
13.3,8.0,1.35,0,0,1440,900,256.0,0,0,127.67794013309688,True,False,False,False,False,False,False,False,False,False,False,False,False,False,False,False,False,False,False,False,False,True,False,False,False,True,False,False,False,False,False
14.0,4.0,1.44,0,0,1366,768,64.0,0,0,111.93520355955211,False,False,False,False,False,False,False,False,True,False,False,False,False,False,False,False,False,False,False,False,True,False,False,False,False,False,False,False,True,False,False
15.6,4.0,2.1,0,0,1366,768,1024.0,0,1,100.45466986113651,False,False,False,False,False,False,False,False,False,False,False,False,False,False,False,False,False,False,False,False,True,False,False,False,True,False,False,False,False,False,False
17.3,8.0,2.8,1,0,1920,1080,1152.0,1,1,127.33567457123111,False,False,False,True,False,False,False,False,False,False,False,False,False,False,False,False,False,False,False,False,True,False,False,False,False,False,False,False,True,False,False
15.6,4.0,1.86,0,0,1366,768,1024.0,0,1,100.45466986113651,False,False,False,False,False,False,True,False,False,False,False,False,False,False,False,False,False,False,False,False,True,False,False,False,False,False,False,False,True,False,False
15.6,8.0,2.1,0,0,1920,1080,256.0,1,0,141.21199808219862,False,False,False,False,False,False,True,False,False,False,False,False,False,False,False,False,False,False,False,False,True,False,False,False,False,False,False,False,True,False,False
15.6,4.0,2.0,0,0,1920,1080,1024.0,0,1,141.21199808219862,False,True,False,False,False,False,False,False,False,False,False,False,False,False,False,False,False,False,False,False,True,False,False,False,True,False,False,False,False,False,False
15.6,16.0,2.65,1,0,1920,1080,1280.0,1,1,141.21199808219862,False,False,False,True,False,False,False,False,False,False,False,False,False,False,False,False,False,False,True,False,False,False,False,False,False,False,False,False,True,False,False
15.6,8.0,2.3,0,0,1366,768,1024.0,0,1,100.45466986113651,False,True,False,False,False,False,False,False,False,False,False,False,False,False,False,False,False,False,False,False,True,False,False,False,True,False,False,False,False,False,False
15.6,4.0,2.2,1,0,1920,1080,256.0,1,0,141.21199808219862,False,False,False,False,False,False,False,False,False,False,False,False,False,False,False,False,False,False,False,False,True,False,False,False,False,False,False,False,True,False,False
17.3,12.0,2.77,0,1,1920,1080,1024.0,0,1,127.33567457123111,False,False,False,True,False,False,False,False,False,False,False,False,False,False,False,False,False,False,False,False,False,False,False,False,False,False,False,False,True,False,False
13.3,8.0,1.37,1,0,2560,1600,256.0,1,0,226.98300468106115,True,False,False,False,False,False,False,False,False,False,False,False,False,False,False,False,False,False,False,False,False,True,False,False,False,False,True,False,False,False,False
17.3,8.0,3.2,0,0,1920,1080,1280.0,1,1,127.33567457123111,False,True,False,False,False,False,False,False,False,False,False,False,False,False,False,False,False,False,True,False,False,False,False,False,False,False,False,False,True,False,False
15.6,4.0,2.3,0,0,1920,1080,256.0,1,0,141.21199808219862,False,False,False,True,False,False,False,False,False,False,False,False,False,False,False,False,False,False,False,False,True,False,False,False,False,False,False,False,True,False,False
17.3,4.0,2.8,0,0,1366,768,1024.0,0,1,90.58340172449303,False,True,False,False,False,False,False,False,False,False,False,False,False,False,False,False,False,False,False,False,True,False,False,False,False,False,False,False,True,False,False
15.6,8.0,2.2,1,0,1920,1080,256.0,1,0,141.21199808219862,False,False,False,False,False,False,False,False,False,False,False,False,False,False,False,False,False,False,False,False,True,False,False,False,False,False,False,False,True,False,False
15.6,4.0,1.86,0,0,1920,1080,256.0,1,0,141.21199808219862,False,False,False,False,False,False,True,False,False,False,False,False,False,False,False,False,False,False,False,False,True,False,False,False,False,False,False,False,True,False,False
13.3,8.0,1.49,0,0,1920,1080,512.0,1,0,165.6321180513006,False,False,False,False,False,False,True,False,False,False,False,False,False,False,False,False,False,False,False,False,True,False,False,False,False,False,False,False,True,False,False
15.6,4.0,2.4,0,0,1366,768,1024.0,0,1,100.45466986113651,False,False,False,False,False,False,False,False,False,False,False,False,False,False,False,False,False,False,False,False,True,False,False,False,False,False,False,False,True,False,False
15.6,8.0,2.13,0,0,1920,1080,256.0,1,0,141.21199808219862,False,False,False,True,False,False,False,False,False,False,False,False,False,False,False,False,False,False,False,False,True,False,False,False,False,False,False,False,True,False,False
15.6,4.0,1.91,0,0,1920,1080,128.0,1,0,141.21199808219862,False,False,False,False,False,False,True,False,False,False,False,False,False,False,False,False,False,False,False,False,True,False,False,False,False,False,False,False,True,False,False
15.6,4.0,2.0,0,0,1366,768,256.0,1,0,100.45466986113651,False,True,False,False,False,False,False,False,False,False,False,False,False,False,False,False,False,False,False,False,True,False,False,False,False,False,False,False,True,False,False
17.3,16.0,2.43,0,0,1920,1080,2304.0,1,1,127.33567457123111,False,False,False,False,False,False,False,False,False,False,False,False,True,False,False,False,False,False,True,False,False,False,False,False,False,False,False,False,True,False,False
15.6,4.0,2.0,0,0,1920,1080,256.0,1,0,141.21199808219862,False,True,False,False,False,False,False,False,False,False,False,False,False,False,False,False,False,False,False,False,True,False,False,False,True,False,False,False,False,False,False
17.3,16.0,2.8,0,0,1920,1080,2304.0,1,1,127.33567457123111,False,False,False,True,False,False,False,False,False,False,False,False,False,False,False,False,False,False,False,False,True,False,False,False,False,False,False,False,True,False,False
14.0,8.0,1.7,0,0,1920,1080,256.0,1,0,157.3505121487356,False,False,False,True,False,False,False,False,False,False,False,False,False,False,False,False,False,False,False,False,False,True,False,False,False,False,False,False,True,False,False
14.0,8.0,1.7,1,0,1920,1080,256.0,1,0,157.3505121487356,False,False,False,False,False,False,False,False,True,False,False,False,False,False,False,False,False,False,False,False,True,False,False,False,False,False,False,True,False,False,False
14.0,8.0,1.4,0,0,1920,1080,256.0,1,0,157.3505121487356,False,True,False,False,False,False,False,False,False,False,False,False,False,False,False,False,False,False,False,False,True,False,False,False,False,False,False,False,True,False,False
15.6,8.0,1.86,0,0,1920,1080,256.0,1,0,141.21199808219862,False,False,False,False,False,False,True,False,False,False,False,False,False,False,False,False,False,False,False,False,True,False,False,False,False,False,False,False,True,False,False
15.6,16.0,1.8,0,0,1920,1080,512.0,1,0,141.21199808219862,False,True,False,False,False,False,False,False,False,False,False,False,False,False,False,False,False,False,False,False,False,True,False,False,False,False,False,False,True,False,False
15.6,4.0,1.86,0,0,1366,768,500.0,0,1,100.45466986113651,False,False,False,False,False,False,True,False,False,False,False,False,False,False,False,False,False,False,False,False,True,False,False,False,False,False,False,False,True,False,False
14.0,4.0,1.44,0,0,1366,768,32.0,1,0,111.93520355955211,False,False,False,False,False,False,True,False,False,False,False,False,False,False,False,False,False,False,False,False,True,False,False,False,False,False,False,False,True,False,False
15.6,4.0,1.9,0,0,1920,1080,1024.0,0,1,141.21199808219862,False,False,False,False,False,False,False,False,True,False,False,False,False,False,False,False,False,False,False,False,True,False,False,False,False,False,False,False,True,False,False
17.3,12.0,3.0,0,0,1920,1080,1024.0,0,1,127.33567457123111,False,True,False,False,False,False,False,False,False,False,False,False,False,False,False,False,False,False,True,False,False,False,False,False,True,False,False,False,False,False,False
13.5,4.0,1.252,0,1,2256,1504,128.0,1,0,200.84255993695703,False,False,False,False,False,False,False,False,False,False,False,True,False,False,False,False,False,False,False,False,False,True,False,False,False,False,False,False,False,True,False
13.3,64.0,1.4,1,0,1920,1080,256.0,1,0,165.6321180513006,False,False,False,True,False,False,False,False,False,False,False,False,False,False,False,False,False,False,False,False,False,True,False,False,False,False,False,False,True,False,False
15.6,8.0,2.2,0,0,1920,1080,256.0,1,0,141.21199808219862,False,False,False,True,False,False,False,False,False,False,False,False,False,False,False,False,False,False,False,False,True,False,False,False,False,False,False,False,True,False,False
17.3,8.0,2.7,0,0,1920,1080,1152.0,1,1,127.33567457123111,False,False,False,False,False,False,False,False,False,False,False,False,True,False,False,False,False,False,True,False,False,False,False,False,False,False,False,False,True,False,False
14.0,8.0,2.1,0,0,1366,768,1024.0,0,1,111.93520355955211,False,False,False,False,False,False,False,False,False,False,False,False,False,False,False,False,False,False,False,False,True,False,False,False,False,False,False,False,True,False,False
15.6,8.0,2.2,0,0,1920,1080,1024.0,0,1,141.21199808219862,False,True,False,False,False,False,False,False,False,False,False,False,False,False,False,False,False,False,True,False,False,False,False,False,False,False,False,False,True,False,False
15.6,8.0,2.2,0,0,1920,1080,2048.0,0,1,141.21199808219862,False,False,False,False,False,False,False,False,True,False,False,False,False,False,False,False,False,False,False,False,True,False,False,False,False,False,False,True,False,False,False
15.6,8.0,2.02,0,0,1920,1080,1152.0,1,1,141.21199808219862,False,False,False,True,False,False,False,False,False,False,False,False,False,False,False,False,False,False,False,False,True,False,False,False,False,False,False,False,True,False,False
15.6,4.0,2.2,0,0,1920,1080,1024.0,0,1,141.21199808219862,False,False,False,False,False,False,False,False,False,False,False,False,False,False,False,False,False,False,False,False,True,False,False,False,False,False,False,False,True,False,False
17.3,8.0,2.5,0,0,1920,1080,1152.0,1,1,127.33567457123111,False,False,False,False,False,False,True,False,False,False,False,False,False,False,False,False,False,False,False,False,True,False,False,False,False,False,False,False,True,False,False
15.6,8.0,1.88,1,0,1920,1080,256.0,1,0,141.21199808219862,False,False,False,True,False,False,False,False,False,False,False,False,False,False,False,False,False,False,False,False,False,True,False,False,False,False,False,False,True,False,False
12.0,8.0,0.92,1,0,2304,1440,512.0,1,0,226.41554716935852,True,False,False,False,False,False,False,False,False,False,False,False,False,False,False,False,False,False,False,False,False,True,False,False,False,False,True,False,False,False,False
14.0,8.0,1.63,0,0,1920,1080,256.0,1,0,157.3505121487356,False,False,False,False,False,False,True,False,False,False,False,False,False,False,False,False,False,False,False,False,True,False,False,False,False,False,False,False,True,False,False
15.6,4.0,2.2,0,0,1920,1080,128.0,1,0,141.21199808219862,False,False,False,False,False,False,False,False,True,False,False,False,False,False,False,False,False,False,False,False,True,False,False,False,False,False,False,False,True,False,False
15.6,4.0,2.1,0,0,1366,768,1024.0,0,1,100.45466986113651,False,False,False,False,False,False,False,False,False,False,False,False,False,False,False,False,False,False,False,False,True,False,False,False,False,False,False,False,True,False,False
15.6,16.0,2.65,1,0,1920,1080,1152.0,1,1,141.21199808219862,False,False,False,True,False,False,False,False,False,False,False,False,False,False,False,False,False,False,True,False,False,False,False,False,False,False,False,False,True,False,False
15.6,8.0,1.83,1,0,1920,1080,256.0,1,0,141.21199808219862,False,False,False,False,False,False,True,False,False,False,False,False,False,False,False,False,False,False,False,False,False,True,False,False,False,False,False,False,True,False,False
15.6,8.0,1.96,0,0,1920,1080,256.0,1,0,141.21199808219862,False,False,False,False,False,False,True,False,False,False,False,False,False,False,False,False,False,False,False,False,True,False,False,False,False,False,False,False,True,False,False
15.6,16.0,2.2,1,0,1920,1080,1152.0,1,1,141.21199808219862,False,True,False,False,False,False,False,False,False,False,False,False,False,False,False,False,False,False,True,False,False,False,False,False,False,False,False,False,True,False,False
13.3,8.0,1.21,1,0,1920,1080,256.0,1,0,165.6321180513006,False,False,False,True,False,False,False,False,False,False,False,False,False,False,False,False,False,False,False,False,False,True,False,False,False,False,False,False,True,False,False
15.6,8.0,2.45,0,0,1920,1080,1024.0,0,1,141.21199808219862,False,True,False,False,False,False,False,False,False,False,False,False,False,False,False,False,False,False,True,False,False,False,False,False,False,False,False,False,True,False,False
15.6,2.0,2.2,0,0,1920,1080,1024.0,0,1,141.21199808219862,False,False,False,False,False,False,False,False,False,False,False,False,False,False,False,False,False,False,False,False,True,False,False,False,False,False,False,False,True,False,False
13.3,16.0,1.49,0,0,1920,1080,512.0,1,0,165.6321180513006,False,False,False,False,False,False,True,False,False,False,False,False,False,False,False,False,False,False,False,False,True,False,False,False,False,False,False,False,True,False,False
15.6,8.0,2.65,0,0,1920,1080,256.0,1,0,141.21199808219862,False,False,False,True,False,False,False,False,False,False,False,False,False,False,False,False,False,False,True,False,False,False,False,False,False,False,False,False,True,False,False
14.0,8.0,1.25,0,0,1920,1080,256.0,1,0,157.3505121487356,False,True,False,False,False,False,False,False,False,False,False,False,False,False,False,False,False,False,False,False,False,True,False,False,False,False,False,False,True,False,False
13.3,8.0,1.5,1,1,1920,1080,256.0,1,0,165.6321180513006,False,False,False,False,False,False,False,False,False,False,False,False,False,False,False,False,False,False,False,False,False,False,False,False,False,False,False,False,True,False,False
15.6,8.0,2.2,0,0,1920,1080,1024.0,0,1,141.21199808219862,False,False,False,True,False,False,False,False,False,False,False,False,False,False,False,False,False,False,False,False,True,False,False,False,True,False,False,False,False,False,False
15.6,4.0,2.2,0,0,1920,1080,256.0,1,0,141.21199808219862,False,False,False,True,False,False,False,False,False,False,False,False,False,False,False,False,False,False,False,False,True,False,False,False,True,False,False,False,False,False,False
15.6,6.0,2.0,0,0,1920,1080,256.0,1,0,141.21199808219862,False,True,False,False,False,False,False,False,False,False,False,False,False,False,False,False,False,False,False,False,True,False,False,False,False,False,False,False,True,False,False
15.6,12.0,2.62,1,0,1920,1080,1152.0,1,1,141.21199808219862,False,False,False,False,False,False,True,False,False,False,False,False,False,False,False,False,False,False,True,False,False,False,False,False,False,False,False,False,True,False,False
15.6,8.0,1.91,0,0,1920,1080,256.0,1,0,141.21199808219862,False,False,False,False,False,False,True,False,False,False,False,False,False,False,False,False,False,False,False,False,True,False,False,False,False,False,False,False,True,False,False
15.6,4.0,2.1,0,0,1920,1080,500.0,0,1,141.21199808219862,False,False,False,False,False,False,True,False,False,False,False,False,False,False,False,False,False,False,False,False,True,False,False,False,False,False,False,False,True,False,False
15.6,8.0,2.2,0,0,1920,1080,1024.0,0,1,141.21199808219862,False,False,False,True,False,False,False,False,False,False,False,False,False,False,False,False,False,False,False,False,True,False,False,False,True,False,False,False,False,False,False
13.3,8.0,1.38,1,0,1920,1080,256.0,1,0,165.6321180513006,False,False,False,False,False,False,True,False,False,False,False,False,False,False,False,False,False,False,False,False,False,True,False,False,False,False,False,False,True,False,False
13.5,8.0,1.252,0,1,2256,1504,256.0,1,0,200.84255993695703,False,False,False,False,False,False,False,False,False,False,False,True,False,False,False,False,False,False,False,False,False,True,False,False,False,False,False,False,False,True,False
14.0,6.0,1.58,1,0,1920,1080,256.0,1,0,157.3505121487356,False,False,False,False,False,False,True,False,False,False,False,False,False,False,False,False,False,False,False,False,True,False,False,False,False,False,False,False,True,False,False
15.6,4.0,1.85,0,0,1920,1080,1024.0,0,1,141.21199808219862,False,False,False,False,False,False,False,False,True,False,False,False,False,False,False,False,False,False,False,False,True,False,False,False,False,False,False,False,True,False,False
14.0,8.0,1.3,1,0,1920,1080,256.0,1,0,157.3505121487356,False,True,False,False,False,False,False,False,False,False,False,False,False,False,False,False,False,False,False,False,False,True,False,False,False,False,False,False,True,False,False
15.6,16.0,2.2,0,0,1920,1080,1280.0,1,1,141.21199808219862,False,False,False,False,False,False,False,False,False,False,False,False,True,False,False,False,False,False,True,False,False,False,False,False,False,False,False,False,True,False,False
14.0,8.0,1.58,1,0,1920,1080,256.0,1,0,157.3505121487356,False,False,False,False,False,False,False,False,True,False,False,False,False,False,False,False,False,False,False,False,True,False,False,False,False,False,False,False,True,False,False
15.6,16.0,1.5,0,0,1920,1080,1280.0,1,1,141.21199808219862,False,True,False,False,False,False,False,False,False,False,False,False,False,False,False,False,False,False,False,False,False,True,False,False,False,False,False,False,True,False,False
13.3,8.0,1.23,0,1,3200,1800,256.0,1,0,276.053530085501,False,False,False,True,False,False,False,False,False,False,False,False,False,False,False,False,False,False,False,False,False,True,False,False,False,False,False,False,True,False,False
13.3,8.0,1.37,1,1,1920,1080,256.0,1,0,165.6321180513006,False,False,False,False,False,False,False,False,True,False,False,False,False,False,False,False,False,False,False,False,False,False,False,False,False,False,False,False,True,False,False
14.0,4.0,1.63,1,0,1366,768,500.0,0,1,111.93520355955211,False,False,False,False,False,False,True,False,False,False,False,False,False,False,False,False,False,False,False,False,True,False,False,False,False,False,False,False,True,False,False
13.3,8.0,1.21,1,0,1920,1080,256.0,1,0,165.6321180513006,False,False,False,True,False,False,False,False,False,False,False,False,False,False,False,False,False,False,False,False,False,True,False,False,False,False,False,False,True,False,False
14.0,8.0,1.63,0,0,1920,1080,512.0,1,0,157.3505121487356,False,False,False,False,False,False,True,False,False,False,False,False,False,False,False,False,False,False,False,False,True,False,False,False,False,False,False,False,True,False,False
15.6,8.0,2.16,1,0,1920,1080,1280.0,1,1,141.21199808219862,False,False,False,True,False,False,False,False,False,False,False,False,False,False,False,False,False,False,False,False,True,False,False,False,False,False,False,False,True,False,False
17.3,4.0,2.0,0,0,1920,1080,1024.0,0,1,127.33567457123111,False,True,False,False,False,False,False,False,False,False,False,False,False,False,False,False,False,False,False,False,True,False,False,False,False,False,False,False,True,False,False
15.6,8.0,1.7,0,0,1920,1080,256.0,1,0,141.21199808219862,False,True,False,False,False,False,False,False,False,False,False,False,False,False,False,False,False,False,False,False,True,False,False,False,False,False,False,False,True,False,False
15.6,6.0,2.1,1,1,1920,1080,1024.0,0,1,141.21199808219862,False,False,False,False,False,False,False,False,False,False,False,False,False,False,False,False,False,False,False,False,True,False,False,False,False,False,False,False,True,False,False
15.6,16.0,1.8,0,0,1920,1080,2304.0,1,1,141.21199808219862,False,False,False,False,False,False,False,False,False,False,False,False,True,False,False,False,False,False,True,False,False,False,False,False,False,False,False,False,True,False,False
15.6,8.0,2.2,0,0,1920,1080,256.0,1,0,141.21199808219862,False,False,False,False,False,False,False,False,True,False,False,False,False,False,False,False,False,False,False,False,True,False,False,False,False,False,False,True,False,False,False
17.3,16.0,2.5,0,0,1920,1080,512.0,1,0,127.33567457123111,False,False,False,False,False,False,True,False,False,False,False,False,False,False,False,False,False,False,False,False,True,False,False,False,False,False,False,False,True,False,False
15.6,4.0,2.1,0,0,1366,768,256.0,1,0,100.45466986113651,False,False,False,False,False,False,False,False,False,False,False,False,False,False,False,False,False,False,False,False,True,False,False,False,False,False,False,False,True,False,False
14.0,8.0,1.63,0,0,1920,1080,1024.0,0,1,157.3505121487356,False,False,False,False,False,False,True,False,False,False,False,False,False,False,False,False,False,False,False,False,True,False,False,False,False,False,False,False,True,False,False
14.0,4.0,1.65,0,0,1366,768,64.0,1,0,111.93520355955211,False,True,False,False,False,False,False,False,False,False,False,False,False,False,False,False,False,False,False,False,True,False,False,False,False,False,False,False,False,True,False
17.3,16.0,2.8,0,0,1920,1080,2304.0,1,1,127.33567457123111,False,False,False,True,False,False,False,False,False,False,False,False,False,False,False,False,False,False,False,False,True,False,False,False,False,False,False,False,True,False,False
17.3,8.0,2.5,0,0,1920,1080,256.0,1,0,127.33567457123111,False,False,False,False,False,False,True,False,False,False,False,False,False,False,False,False,False,False,False,False,True,False,False,False,False,False,False,False,True,False,False
15.6,8.0,2.36,0,0,1366,768,1024.0,0,1,100.45466986113651,False,False,False,True,False,False,False,False,False,False,False,False,False,False,False,False,False,False,False,False,True,False,False,False,False,False,False,False,True,False,False
15.6,4.0,2.2,0,0,1920,1080,1024.0,0,1,141.21199808219862,False,False,False,True,False,False,False,False,False,False,False,False,False,False,False,False,False,False,False,False,True,False,False,False,False,False,False,False,True,False,False
14.0,8.0,1.6,1,0,1920,1080,256.0,1,0,157.3505121487356,False,False,False,False,False,False,False,False,False,False,False,False,False,False,False,False,False,False,False,False,False,True,False,False,False,False,False,False,True,False,False
15.6,4.0,3.575,0,0,1920,1080,256.0,1,0,141.21199808219862,False,False,False,False,False,False,False,False,False,False,False,False,False,False,False,False,False,False,False,False,True,False,False,False,False,False,False,False,True,False,False
15.6,8.0,2.05,0,0,1366,768,1024.0,0,1,100.45466986113651,False,False,False,False,False,False,True,False,False,False,False,False,False,False,False,False,False,False,False,False,True,False,False,False,False,False,False,False,True,False,False
14.0,8.0,1.63,0,0,1920,1080,256.0,1,0,157.3505121487356,False,False,False,False,False,False,True,False,False,False,False,False,False,False,False,False,False,False,False,False,True,False,False,False,False,False,False,False,True,False,False
15.6,4.0,1.9,0,0,1366,768,1024.0,0,1,100.45466986113651,False,False,False,False,False,False,False,False,True,False,False,False,False,False,False,False,False,False,False,False,True,False,False,False,False,False,False,True,False,False,False
17.3,8.0,3.0,0,0,1920,1080,1152.0,1,1,127.33567457123111,False,True,False,False,False,False,False,False,False,False,False,False,False,False,False,False,False,False,True,False,False,False,False,False,False,False,False,False,True,False,False
15.6,4.0,2.2,0,0,1920,1080,1024.0,0,1,141.21199808219862,False,False,False,False,False,False,False,False,True,False,False,False,False,False,False,False,False,False,False,False,True,False,False,False,False,False,False,True,False,False,False
13.3,4.0,1.32,1,0,1920,1080,256.0,1,0,165.6321180513006,False,False,False,False,False,False,True,False,False,False,False,False,False,False,False,False,False,False,False,False,True,False,False,False,False,False,False,False,True,False,False
17.3,4.0,3.0,1,0,1920,1080,1024.0,0,1,127.33567457123111,False,False,False,False,False,False,False,False,False,False,False,False,False,False,False,False,False,False,False,False,True,False,False,False,False,False,False,False,True,False,False
14.0,8.0,1.75,1,0,1920,1080,256.0,1,0,157.3505121487356,False,False,False,False,False,False,False,False,True,False,False,False,False,False,False,False,False,False,False,False,True,False,False,False,False,False,False,False,True,False,False
15.6,8.0,2.4,1,0,1920,1080,256.0,1,0,141.21199808219862,False,False,False,False,False,False,False,False,True,False,False,False,False,False,False,False,False,False,True,False,False,False,False,False,False,False,False,True,False,False,False
15.6,4.0,2.1,0,0,1366,768,500.0,0,1,100.45466986113651,False,False,False,False,False,False,False,False,False,False,False,False,False,False,False,True,False,False,False,False,True,False,False,False,False,False,False,False,True,False,False
15.6,4.0,1.86,0,0,1366,768,256.0,1,0,100.45466986113651,False,False,False,False,False,False,True,False,False,False,False,False,False,False,False,False,False,False,False,False,True,False,False,False,False,False,False,False,True,False,False
14.0,8.0,1.25,0,0,1920,1080,256.0,1,0,157.3505121487356,False,True,False,False,False,False,False,False,False,False,False,False,False,False,False,False,False,False,False,False,False,True,False,False,False,False,False,False,True,False,False
12.5,8.0,0.97,1,1,3840,2160,512.0,1,0,352.4651472131677,False,False,False,False,False,False,True,False,False,False,False,False,False,False,False,False,False,False,False,False,False,True,False,False,False,False,False,False,True,False,False
15.6,4.0,2.0,0,0,1920,1080,1024.0,0,1,141.21199808219862,False,True,False,False,False,False,False,False,False,False,False,False,False,False,False,False,False,False,False,False,True,False,False,False,False,False,False,False,True,False,False
15.6,4.0,2.1,0,0,1366,768,1024.0,0,1,100.45466986113651,False,False,False,False,False,False,False,False,False,False,False,False,False,False,False,False,False,False,False,False,True,False,False,False,False,False,False,False,True,False,False
15.6,16.0,2.56,0,0,1920,1080,512.0,1,0,141.21199808219862,False,False,False,True,False,False,False,False,False,False,False,False,False,False,False,False,False,False,True,False,False,False,False,False,False,False,False,False,True,False,False
15.6,8.0,2.62,0,0,1920,1080,1024.0,0,0,141.21199808219862,False,False,False,True,False,False,False,False,False,False,False,False,False,False,False,False,False,False,True,False,False,False,False,False,False,False,False,False,True,False,False
15.6,4.0,1.9,0,0,1366,768,128.0,1,0,100.45466986113651,False,False,False,False,False,False,False,False,True,False,False,False,False,False,False,False,False,False,False,False,True,False,False,False,False,False,False,False,True,False,False
17.3,16.0,2.8,0,0,1920,1080,1280.0,1,1,127.33567457123111,False,False,False,False,False,False,False,False,False,False,False,False,True,False,False,False,False,False,True,False,False,False,False,False,False,False,False,False,True,False,False
14.0,4.0,1.48,0,0,1920,1080,256.0,1,0,157.3505121487356,False,False,False,False,False,False,True,False,False,False,False,False,False,False,False,False,False,False,False,False,False,True,False,False,False,False,False,False,True,False,False
15.6,6.0,1.91,0,0,1920,1080,256.0,1,0,141.21199808219862,False,False,False,False,False,False,True,False,False,False,False,False,False,False,False,False,False,False,False,False,True,False,False,False,False,False,False,False,True,False,False
14.0,4.0,1.74,1,1,1920,1080,256.0,1,0,157.3505121487356,False,False,False,False,False,False,False,False,True,False,False,False,False,False,False,False,False,False,False,False,False,False,False,False,False,False,False,False,True,False,False
13.3,8.0,1.1,0,1,1920,1080,256.0,1,0,165.6321180513006,False,True,False,False,False,False,False,False,False,False,False,False,False,False,False,False,False,False,False,False,False,False,False,False,False,False,False,False,True,False,False
15.6,8.0,1.56,0,1,1920,1080,256.0,1,0,141.21199808219862,False,False,False,True,False,False,False,False,False,False,False,False,False,False,False,False,False,False,False,False,False,False,False,False,False,False,False,False,True,False,False
15.6,4.0,2.1,0,0,1366,768,500.0,0,1,100.45466986113651,False,False,False,False,False,False,False,False,False,False,False,False,False,False,False,True,False,False,False,False,True,False,False,False,False,False,False,False,True,False,False
15.6,4.0,2.03,0,0,1366,768,1024.0,0,1,100.45466986113651,False,True,False,False,False,False,False,False,False,False,False,False,False,False,False,False,False,False,False,False,True,False,False,False,False,False,False,False,True,False,False
17.3,4.0,3.0,1,0,1920,1080,256.0,1,0,127.33567457123111,False,False,False,False,False,False,False,False,False,False,False,False,False,False,False,False,False,False,False,False,True,False,False,False,False,False,False,False,True,False,False
15.6,8.0,2.13,0,0,1920,1080,256.0,1,0,141.21199808219862,False,False,False,True,False,False,False,False,False,False,False,False,False,False,False,False,False,False,False,False,True,False,False,False,False,False,False,False,True,False,False
15.6,16.0,2.5,1,0,1920,1080,256.0,1,0,141.21199808219862,False,False,False,False,False,False,False,False,True,False,False,False,False,False,False,False,False,False,True,False,False,False,False,False,False,False,False,False,True,False,False
15.6,4.0,2.1,0,0,1366,768,1024.0,0,1,100.45466986113651,False,False,False,False,False,False,False,False,False,False,False,False,False,False,False,False,False,False,False,False,True,False,False,False,False,False,False,False,True,False,False
15.6,16.0,2.4,1,0,1920,1080,1280.0,1,1,141.21199808219862,False,False,False,False,False,False,False,False,False,False,False,False,True,False,False,False,False,False,True,False,False,False,False,False,False,False,False,False,True,False,False
15.6,4.0,2.1,0,0,1366,768,1024.0,0,1,100.45466986113651,False,False,False,False,False,False,False,False,False,False,False,False,False,False,False,False,False,False,False,False,True,False,False,False,False,False,False,False,True,False,False
15.6,8.0,2.56,0,0,1920,1080,1152.0,1,1,141.21199808219862,False,False,False,True,False,False,False,False,False,False,False,False,False,False,False,False,False,False,True,False,False,False,False,False,False,False,False,False,True,False,False
17.3,8.0,3.0,1,0,1920,1080,256.0,1,0,127.33567457123111,False,False,False,False,False,False,False,False,False,False,False,False,False,False,False,False,False,False,False,False,True,False,False,False,False,False,False,False,True,False,False
13.3,4.0,1.49,1,0,1920,1080,500.0,0,1,165.6321180513006,False,False,False,False,False,False,True,False,False,False,False,False,False,False,False,False,False,False,False,False,True,False,False,False,False,False,False,False,True,False,False
13.0,8.0,1.05,1,0,2160,1440,256.0,1,0,199.69207064108247,False,False,False,False,False,False,False,True,False,False,False,False,False,False,False,False,False,False,False,False,False,True,False,False,False,False,False,False,True,False,False
17.3,6.0,2.71,1,0,1920,1080,2048.0,0,1,127.33567457123111,False,False,False,False,False,False,True,False,False,False,False,False,False,False,False,False,False,False,False,False,True,False,False,False,False,False,False,False,True,False,False
15.6,4.0,2.2,0,0,1366,768,500.0,0,1,100.45466986113651,False,False,False,False,False,False,False,False,True,False,False,False,False,False,False,False,False,False,False,False,True,False,False,False,False,False,False,True,False,False,False
15.6,4.0,3.575,0,0,1366,768,500.0,0,1,100.45466986113651,False,False,False,False,False,False,False,False,False,False,False,False,False,False,False,True,False,False,False,False,True,False,False,False,False,False,False,False,True,False,False
17.3,8.0,2.5,0,0,1920,1080,256.0,1,0,127.33567457123111,False,False,False,False,False,False,True,False,False,False,False,False,False,False,False,False,False,False,False,False,True,False,False,False,False,False,False,False,True,False,False
15.6,8.0,2.3,0,0,1366,768,1024.0,0,1,100.45466986113651,False,False,False,True,False,False,False,False,False,False,False,False,False,False,False,False,False,False,False,False,True,False,False,False,False,False,False,False,True,False,False
15.6,4.0,2.1,0,0,1366,768,128.0,1,0,100.45466986113651,False,False,False,False,False,False,False,False,False,False,False,False,False,False,False,False,False,False,False,False,True,False,False,False,False,False,False,False,True,False,False
18.4,32.0,3.575,0,0,1920,1080,1536.0,1,1,119.7232157653423,False,False,False,False,False,False,False,False,False,False,False,False,True,False,False,False,False,False,True,False,False,False,False,False,False,False,False,False,True,False,False
15.6,8.0,1.9,0,0,1920,1080,1152.0,1,1,141.21199808219862,False,False,False,False,False,False,False,False,True,False,False,False,False,False,False,False,False,False,False,False,True,False,False,False,False,False,False,False,True,False,False
13.3,8.0,1.29,1,1,3840,2160,256.0,1,0,331.2642361026012,False,False,False,False,False,False,True,False,False,False,False,False,False,False,False,False,False,False,False,False,False,False,False,False,False,False,False,False,True,False,False
15.6,16.0,2.02,0,0,1920,1080,2304.0,1,1,141.21199808219862,False,False,False,True,False,False,False,False,False,False,False,False,False,False,False,False,False,False,False,False,True,False,False,False,True,False,False,False,False,False,False
13.3,8.0,1.23,0,0,1920,1080,256.0,1,0,165.6321180513006,False,False,False,True,False,False,False,False,False,False,False,False,False,False,False,False,False,False,False,False,False,True,False,False,False,False,False,False,True,False,False
13.9,16.0,1.4,1,1,3840,2160,512.0,1,0,316.96506044349616,False,False,False,False,False,False,False,False,True,False,False,False,False,False,False,False,False,False,False,False,False,False,False,False,False,False,False,False,True,False,False
15.6,8.0,2.0,0,0,1366,768,128.0,1,0,100.45466986113651,False,False,False,False,False,False,False,False,False,False,False,False,False,False,False,True,False,False,False,False,True,False,False,False,False,False,False,False,True,False,False
15.6,8.0,1.95,1,0,1920,1080,256.0,1,0,141.21199808219862,False,False,False,False,False,False,False,False,False,False,False,False,False,False,False,False,False,True,False,False,True,False,False,False,False,False,False,True,False,False,False
17.3,16.0,2.77,0,1,1920,1080,512.0,1,0,127.33567457123111,False,False,False,True,False,False,False,False,False,False,False,False,False,False,False,False,False,False,False,False,True,False,False,False,False,False,False,False,True,False,False
15.6,16.0,2.06,0,1,3840,2160,512.0,1,0,282.42399616439724,False,False,False,True,False,False,False,False,False,False,False,False,False,False,False,False,False,False,False,False,True,False,False,False,False,False,False,False,True,False,False
15.6,8.0,2.4,1,0,1920,1080,256.0,1,0,141.21199808219862,False,False,False,False,False,False,False,False,True,False,False,False,False,False,False,False,False,False,True,False,False,False,False,False,False,False,False,True,False,False,False
13.3,8.0,1.12,1,0,1920,1080,256.0,1,0,165.6321180513006,False,False,False,False,False,False,False,False,False,False,False,False,False,False,False,False,False,False,False,False,False,True,False,False,False,False,False,False,True,False,False
17.3,8.0,2.8,0,0,1920,1080,1152.0,1,1,127.33567457123111,False,False,False,True,False,False,False,False,False,False,False,False,False,False,False,False,False,False,False,False,True,False,False,False,False,False,False,False,True,False,False
14.0,4.0,1.3,1,0,1920,1080,32.0,0,0,157.3505121487356,False,False,False,False,False,False,False,False,False,False,False,False,False,False,False,False,True,False,False,False,True,False,False,False,False,False,False,False,True,False,False
13.3,8.0,1.3,1,0,1920,1080,256.0,1,0,165.6321180513006,False,False,False,False,False,False,False,False,False,False,False,False,False,False,False,False,False,True,False,False,False,True,False,False,False,False,False,True,False,False,False
17.3,8.0,2.8,0,0,1600,900,256.0,1,0,106.11306214269258,False,False,False,False,False,False,False,False,True,False,False,False,False,False,False,False,False,False,False,False,True,False,False,False,False,False,False,True,False,False,False
13.3,8.0,1.62,1,1,1920,1080,1024.0,0,1,165.6321180513006,False,False,False,True,False,False,False,False,False,False,False,False,False,False,False,False,False,False,False,False,False,False,False,False,False,False,False,False,True,False,False
17.3,8.0,2.5,1,0,1920,1080,1024.0,0,1,127.33567457123111,False,False,False,False,False,False,True,False,False,False,False,False,False,False,False,False,False,False,False,False,True,False,False,False,False,False,False,False,True,False,False
17.3,32.0,3.49,0,1,3840,2160,1024.0,1,0,254.67134914246222,False,False,False,False,False,False,False,False,False,False,False,False,False,True,False,False,False,False,True,False,False,False,False,False,False,False,False,False,True,False,False
13.3,8.0,1.49,0,0,1920,1080,512.0,1,0,165.6321180513006,False,False,False,False,False,False,True,False,False,False,False,False,False,False,False,False,False,False,False,False,True,False,False,False,False,False,False,False,True,False,False
17.3,16.0,3.35,1,0,1920,1080,1280.0,1,1,127.33567457123111,False,False,False,False,False,False,True,False,False,False,False,False,False,False,False,False,False,False,True,False,False,False,False,False,False,False,False,False,True,False,False
17.3,8.0,2.5,0,0,1920,1080,256.0,1,0,127.33567457123111,False,False,False,False,False,False,True,False,False,False,False,False,False,False,False,False,False,False,False,False,True,False,False,False,False,False,False,False,True,False,False
15.6,16.0,2.65,1,0,3840,2160,1536.0,1,1,282.42399616439724,False,False,False,True,False,False,False,False,False,False,False,False,False,False,False,False,False,False,True,False,False,False,False,False,False,False,False,False,True,False,False
15.6,4.0,2.1,0,0,1366,768,128.0,1,0,100.45466986113651,False,False,False,False,False,False,False,False,True,False,False,False,False,False,False,False,False,False,False,False,True,False,False,False,False,False,False,False,True,False,False
15.6,8.0,2.23,0,0,1920,1080,1024.0,0,1,141.21199808219862,False,False,False,False,False,False,False,False,False,False,False,False,False,False,False,False,False,False,False,False,True,False,False,False,False,False,False,False,True,False,False
15.6,16.0,3.2,1,0,1920,1080,1536.0,1,1,141.21199808219862,False,False,False,False,False,False,False,False,True,False,False,False,False,False,False,False,False,False,True,False,False,False,False,False,False,False,False,False,True,False,False
15.6,16.0,2.8,0,0,3840,2160,1280.0,1,1,282.42399616439724,False,False,False,True,False,False,False,False,False,False,False,False,False,False,False,False,False,False,False,False,False,False,True,False,False,False,False,False,True,False,False
15.6,16.0,2.4,0,0,1920,1080,512.0,1,0,141.21199808219862,False,False,False,False,False,False,False,False,True,False,False,False,False,False,False,False,False,False,True,False,False,False,False,False,False,False,False,True,False,False,False
15.6,6.0,2.3,0,1,1366,768,1024.0,0,1,100.45466986113651,False,False,False,True,False,False,False,False,False,False,False,False,False,False,False,False,False,False,False,False,True,False,False,False,False,False,False,False,True,False,False
13.3,8.0,1.21,1,1,3840,2160,256.0,1,0,331.2642361026012,False,False,False,True,False,False,False,False,False,False,False,False,False,False,False,False,False,False,False,False,False,True,False,False,False,False,False,False,True,False,False
13.3,8.0,2.04,0,0,1920,1080,256.0,1,0,165.6321180513006,False,False,False,True,False,False,False,False,False,False,False,False,False,False,False,False,False,False,False,False,False,True,False,False,False,False,False,False,True,False,False
15.6,8.0,2.4,0,0,1920,1080,1024.0,0,1,141.21199808219862,False,False,False,False,False,False,False,False,False,False,False,False,False,False,False,False,False,False,False,False,True,False,False,False,True,False,False,False,False,False,False
17.3,16.0,2.9,0,0,1920,1080,1280.0,1,1,127.33567457123111,False,True,False,False,False,False,False,False,False,False,False,False,False,False,False,False,False,False,True,False,False,False,False,False,False,False,False,False,True,False,False
15.6,4.0,2.1,0,0,1920,1080,500.0,0,1,141.21199808219862,False,False,False,False,False,False,True,False,False,False,False,False,False,False,False,False,False,False,False,False,True,False,False,False,False,False,False,True,False,False,False
15.6,8.0,2.2,0,0,1920,1080,256.0,1,0,141.21199808219862,False,False,False,False,False,False,False,False,True,False,False,False,False,False,False,False,False,False,False,False,True,False,False,False,False,False,False,True,False,False,False
13.0,8.0,1.05,1,0,2160,1440,512.0,1,0,199.69207064108247,False,False,False,False,False,False,False,True,False,False,False,False,False,False,False,False,False,False,False,False,False,True,False,False,False,False,False,False,True,False,False
13.3,8.0,1.4,1,0,1920,1080,256.0,1,0,165.6321180513006,False,False,False,True,False,False,False,False,False,False,False,False,False,False,False,False,False,False,False,False,False,True,False,False,False,False,False,False,True,False,False
17.3,8.0,2.8,0,0,1600,900,1024.0,0,1,106.11306214269258,False,False,False,False,False,False,False,False,True,False,False,False,False,False,False,False,False,False,False,False,True,False,False,False,False,False,False,True,False,False,False
14.0,8.0,1.63,0,0,1920,1080,256.0,1,0,157.3505121487356,False,False,False,False,False,False,True,False,False,False,False,False,False,False,False,False,False,False,False,False,True,False,False,False,False,False,False,False,True,False,False
14.0,8.0,1.6,0,0,1920,1080,256.0,1,0,157.3505121487356,False,False,False,True,False,False,False,False,False,False,False,False,False,False,False,False,False,False,False,False,False,True,False,False,False,False,False,False,True,False,False
13.3,16.0,1.62,0,1,1920,1080,512.0,1,0,165.6321180513006,False,False,False,True,False,False,False,False,False,False,False,False,False,False,False,False,False,False,False,False,False,False,False,False,False,False,False,False,True,False,False
15.6,8.0,2.2,0,0,1920,1080,256.0,1,0,141.21199808219862,False,False,False,True,False,False,False,False,False,False,False,False,False,False,False,False,False,False,False,False,True,False,False,False,True,False,False,False,False,False,False
14.0,8.0,1.74,1,0,1920,1080,256.0,1,0,157.3505121487356,False,False,False,False,False,False,False,False,True,False,False,False,False,False,False,False,False,False,False,False,False,False,False,False,False,False,False,False,True,False,False
13.3,8.0,1.2,0,0,1920,1080,256.0,1,0,165.6321180513006,False,False,False,False,False,False,False,False,False,False,False,False,False,False,False,True,False,False,False,False,False,True,False,False,False,False,False,False,True,False,False
15.6,8.0,2.1,0,0,1920,1080,1024.0,0,1,141.21199808219862,False,False,False,False,False,False,True,False,False,False,False,False,False,False,False,False,False,False,False,False,True,False,False,False,False,False,False,False,True,False,False
17.3,16.0,3.575,1,0,1920,1080,1280.0,1,1,127.33567457123111,False,False,False,True,False,False,False,False,False,False,False,False,False,False,False,False,False,False,True,False,False,False,False,False,False,False,False,False,True,False,False
15.6,8.0,2.2,0,0,1920,1080,256.0,1,0,141.21199808219862,False,False,False,False,False,False,False,False,False,False,False,False,False,False,False,False,False,False,False,False,True,False,False,False,False,False,False,False,True,False,False
15.6,16.0,2.3,0,1,1920,1080,1024.0,0,1,141.21199808219862,False,False,False,True,False,False,False,False,False,False,False,False,False,False,False,False,False,False,False,False,True,False,False,False,False,False,False,False,True,False,False
15.6,8.0,2.0,0,0,1920,1080,256.0,1,0,141.21199808219862,False,True,False,False,False,False,False,False,False,False,False,False,False,False,False,False,False,False,False,False,True,False,False,False,False,False,False,False,True,False,False
17.3,8.0,2.69,0,0,1920,1080,756.0,1,1,127.33567457123111,False,True,False,False,False,False,False,False,False,False,False,False,False,False,False,False,False,False,False,False,True,False,False,False,False,False,False,False,True,False,False
15.6,8.0,1.9,0,0,1920,1080,1024.0,0,1,141.21199808219862,False,False,False,False,False,False,True,False,False,False,False,False,False,False,False,False,False,False,False,False,True,False,False,False,False,False,False,False,True,False,False
15.6,4.0,2.37,0,0,1366,768,1024.0,0,1,100.45466986113651,False,True,False,False,False,False,False,False,False,False,False,False,False,False,False,False,False,False,False,False,True,False,False,False,False,False,False,False,True,False,False
15.6,4.0,2.1,0,0,1366,768,500.0,0,1,100.45466986113651,False,False,False,False,False,False,True,False,False,False,False,False,False,False,False,False,False,False,False,False,True,False,False,False,False,False,False,False,True,False,False
15.6,16.0,3.2,1,0,1920,1080,1280.0,1,1,141.21199808219862,False,False,False,False,False,False,False,False,True,False,False,False,False,False,False,False,False,False,True,False,False,False,False,False,False,False,False,False,True,False,False
14.0,8.0,1.6,0,0,1920,1080,256.0,1,0,157.3505121487356,False,False,False,True,False,False,False,False,False,False,False,False,False,False,False,False,False,False,False,False,True,False,False,False,False,False,False,False,True,False,False
13.3,8.0,1.6,1,1,1920,1080,256.0,1,0,165.6321180513006,False,False,False,False,False,False,False,False,False,False,False,False,False,False,False,False,False,False,False,False,False,False,False,False,False,False,False,False,True,False,False
15.6,16.0,2.36,0,0,1920,1080,256.0,1,0,141.21199808219862,False,False,False,True,False,False,False,False,False,False,False,False,False,False,False,False,False,False,False,False,True,False,False,False,True,False,False,False,False,False,False
15.6,4.0,2.1,0,0,1366,768,1024.0,0,1,100.45466986113651,False,False,False,False,False,False,False,False,False,False,False,False,False,False,False,False,False,False,False,False,True,False,False,False,True,False,False,False,False,False,False
15.6,4.0,2.2,0,0,1920,1080,1152.0,1,1,141.21199808219862,False,True,False,False,False,False,False,False,False,False,False,False,False,False,False,False,False,False,False,False,True,False,False,False,False,False,False,False,True,False,False
17.3,32.0,3.575,0,0,1920,1080,1536.0,1,1,127.33567457123111,False,True,False,False,False,False,False,False,False,False,False,False,False,False,False,False,False,False,True,False,False,False,False,False,False,False,False,False,True,False,False
15.6,8.0,2.5,1,0,1920,1080,256.0,1,0,141.21199808219862,False,False,False,False,False,False,False,False,False,False,False,False,False,False,False,False,False,False,True,False,False,False,False,False,False,False,False,False,True,False,False
15.6,8.0,3.575,0,0,1366,768,128.0,1,0,100.45466986113651,False,False,False,False,False,False,False,False,True,False,False,False,False,False,False,False,False,False,False,False,True,False,False,False,False,False,False,False,True,False,False
17.3,8.0,2.1,0,0,1920,1080,1152.0,1,1,127.33567457123111,False,True,False,False,False,False,False,False,False,False,False,False,False,False,False,False,False,False,False,False,True,False,False,False,False,False,False,False,True,False,False
17.3,8.0,2.69,0,0,1920,1080,1152.0,1,1,127.33567457123111,False,True,False,False,False,False,False,False,False,False,False,False,False,False,False,False,False,False,False,False,True,False,False,False,False,False,False,True,False,False,False
15.6,8.0,2.56,0,0,1920,1080,256.0,1,0,141.21199808219862,False,False,False,True,False,False,False,False,False,False,False,False,False,False,False,False,False,False,True,False,False,False,False,False,False,False,False,False,True,False,False
13.9,8.0,1.38,1,1,1920,1080,256.0,1,0,158.48253022174808,False,False,False,False,False,False,False,False,True,False,False,False,False,False,False,False,False,False,False,False,False,False,False,False,False,False,False,False,True,False,False
15.6,8.0,2.2,0,0,1920,1080,2176.0,1,1,141.21199808219862,False,False,False,True,False,False,False,False,False,False,False,False,False,False,False,False,False,False,False,False,True,False,False,False,False,False,False,False,True,False,False
15.6,8.0,2.04,0,1,1366,768,1024.0,0,1,100.45466986113651,False,False,False,False,False,False,True,False,False,False,False,False,False,False,False,False,False,False,False,False,True,False,False,False,False,False,False,False,True,False,False
17.3,16.0,3.575,0,0,1920,1080,256.0,1,0,127.33567457123111,False,True,False,False,False,False,False,False,False,False,False,False,False,False,False,False,False,False,True,False,False,False,False,False,False,False,False,False,True,False,False
13.3,4.0,1.49,1,0,1920,1080,500.0,0,1,165.6321180513006,False,False,False,False,False,False,True,False,False,False,False,False,False,False,False,False,False,False,False,False,True,False,False,False,False,False,False,False,True,False,False
13.3,8.0,1.37,1,0,2560,1600,512.0,1,0,226.98300468106115,True,False,False,False,False,False,False,False,False,False,False,False,False,False,False,False,False,False,False,False,False,True,False,False,False,False,True,False,False,False,False
15.6,8.0,2.08,1,1,1920,1080,1024.0,0,1,141.21199808219862,False,False,False,True,False,False,False,False,False,False,False,False,False,False,False,False,False,False,False,False,False,False,False,False,False,False,False,False,True,False,False
17.3,16.0,3.575,0,0,1920,1080,1280.0,1,1,127.33567457123111,False,True,False,False,False,False,False,False,False,False,False,False,False,False,False,False,False,False,True,False,False,False,False,False,False,False,False,False,True,False,False
15.6,4.0,1.68,0,0,1366,768,1024.0,0,1,100.45466986113651,False,True,False,False,False,False,False,False,False,False,False,False,False,False,False,False,False,False,False,False,True,False,False,False,False,False,False,False,True,False,False
13.9,8.0,1.37,1,1,1920,1080,512.0,1,0,158.48253022174808,False,False,False,False,False,False,False,False,True,False,False,False,False,False,False,False,False,False,False,False,False,False,False,False,False,False,False,False,True,False,False
17.3,4.0,3.0,1,0,1920,1080,256.0,1,0,127.33567457123111,False,False,False,False,False,False,False,False,False,False,False,False,False,False,False,False,False,False,False,False,True,False,False,False,False,False,False,False,True,False,False
13.3,8.0,1.41,0,0,1920,1080,256.0,1,0,165.6321180513006,False,False,False,True,False,False,False,False,False,False,False,False,False,False,False,False,False,False,False,False,False,True,False,False,False,False,False,False,True,False,False
15.6,8.0,1.91,0,0,1366,768,128.0,1,0,100.45466986113651,False,False,False,False,False,False,True,False,False,False,False,False,False,False,False,False,False,False,False,False,True,False,False,False,False,False,False,False,True,False,False
17.3,16.0,2.9,1,0,1920,1080,1024.0,0,1,127.33567457123111,False,False,False,False,False,False,True,False,False,False,False,False,False,False,False,False,False,False,False,False,True,False,False,False,False,False,False,False,True,False,False
17.3,16.0,3.575,0,0,1920,1080,1536.0,1,1,127.33567457123111,False,False,False,False,False,False,False,False,False,False,False,False,True,False,False,False,False,False,True,False,False,False,False,False,False,False,False,False,True,False,False
15.6,8.0,2.0,1,1,1920,1080,512.0,1,0,141.21199808219862,False,False,False,False,False,False,False,False,True,False,False,False,False,False,False,False,False,False,False,False,False,False,False,False,False,False,False,False,True,False,False
17.3,8.0,2.8,0,0,1920,1080,1152.0,1,1,127.33567457123111,False,False,False,True,False,False,False,False,False,False,False,False,False,False,False,False,False,False,False,False,True,False,False,False,False,False,False,False,True,False,False
15.6,4.0,2.2,0,0,1920,1080,256.0,1,0,141.21199808219862,False,False,False,False,False,False,False,False,True,False,False,False,False,False,False,False,False,False,False,False,True,False,False,False,False,False,False,True,False,False,False
15.6,4.0,2.1,1,0,1920,1080,500.0,0,1,141.21199808219862,False,False,False,False,False,False,True,False,False,False,False,False,False,False,False,False,False,False,False,False,True,False,False,False,False,False,False,False,True,False,False
15.6,4.0,2.18,0,0,1920,1080,1024.0,0,1,141.21199808219862,False,False,False,True,False,False,False,False,False,False,False,False,False,False,False,False,False,False,False,False,True,False,False,False,False,False,False,False,True,False,False
15.6,8.0,2.24,0,0,1920,1080,1024.0,0,1,141.21199808219862,False,False,False,True,False,False,False,False,False,False,False,False,False,False,False,False,False,False,False,False,True,False,False,False,False,False,False,False,True,False,False
15.6,8.0,2.67,0,1,1920,1080,256.0,1,0,141.21199808219862,False,False,False,True,False,False,False,False,False,False,False,False,False,False,False,False,False,False,False,False,False,False,False,False,False,False,False,False,True,False,False
13.3,8.0,3.575,0,1,1920,1080,1024.0,1,0,165.6321180513006,False,True,False,False,False,False,False,False,False,False,False,False,False,False,False,False,False,False,False,False,False,False,False,False,False,False,False,False,True,False,False
17.3,8.0,2.5,0,0,1920,1080,1024.0,0,1,127.33567457123111,False,False,False,False,False,False,True,False,False,False,False,False,False,False,False,False,False,False,False,False,True,False,False,False,False,False,False,False,True,False,False
15.6,8.0,2.05,0,0,1920,1080,256.0,1,0,141.21199808219862,False,False,False,False,False,False,False,False,True,False,False,False,False,False,False,False,False,False,False,False,True,False,False,False,False,False,False,False,True,False,False
13.3,8.0,1.37,1,0,2560,1600,512.0,1,0,226.98300468106115,True,False,False,False,False,False,False,False,False,False,False,False,False,False,False,False,False,False,False,False,False,True,False,False,False,False,True,False,False,False,False
17.3,16.0,3.2,0,0,1920,1080,1280.0,1,1,127.33567457123111,False,True,False,False,False,False,False,False,False,False,False,False,False,False,False,False,False,False,True,False,False,False,False,False,False,False,False,False,True,False,False
15.6,8.0,2.14,0,0,1920,1080,256.0,1,0,141.21199808219862,False,False,False,True,False,False,False,False,False,False,False,False,False,False,False,False,False,False,False,False,True,False,False,False,True,False,False,False,False,False,False
14.0,16.0,1.36,0,1,2560,1440,512.0,1,0,209.8006828649808,False,False,False,False,False,False,False,False,True,False,False,False,False,False,False,False,False,False,False,False,False,False,False,False,False,False,False,False,True,False,False
15.6,8.0,2.2,0,0,1366,768,500.0,0,1,100.45466986113651,False,False,False,False,False,False,False,False,False,False,False,False,False,False,False,True,False,False,False,False,True,False,False,False,False,False,False,False,True,False,False
15.6,12.0,2.3,0,0,1366,768,1024.0,0,1,100.45466986113651,False,False,False,True,False,False,False,False,False,False,False,False,False,False,False,False,False,False,False,False,True,False,False,False,False,False,False,False,True,False,False
17.3,8.0,2.8,0,0,1920,1080,1152.0,1,1,127.33567457123111,False,False,False,True,False,False,False,False,False,False,False,False,False,False,False,False,False,False,False,False,True,False,False,False,True,False,False,False,False,False,False
15.6,8.0,2.2,1,0,1920,1080,1024.0,0,1,141.21199808219862,False,False,False,False,False,False,False,False,False,False,False,False,False,False,False,False,False,False,False,False,True,False,False,False,False,False,False,False,True,False,False
17.3,4.0,2.8,0,0,1600,900,1024.0,0,1,106.11306214269258,False,False,False,False,False,False,False,False,True,False,False,False,False,False,False,False,False,False,False,False,True,False,False,False,False,False,False,False,True,False,False
17.3,8.0,2.8,0,0,1920,1080,2048.0,0,1,127.33567457123111,False,False,False,False,False,False,False,False,True,False,False,False,False,False,False,False,False,False,False,False,True,False,False,False,False,False,False,True,False,False,False
17.3,6.0,2.8,0,0,1600,900,1152.0,1,1,106.11306214269258,False,False,False,False,False,False,False,False,True,False,False,False,False,False,False,False,False,False,False,False,True,False,False,False,False,False,False,False,True,False,False
15.6,4.0,2.25,0,0,1920,1080,1024.0,0,1,141.21199808219862,False,False,False,True,False,False,False,False,False,False,False,False,False,False,False,False,False,False,False,False,True,False,False,False,True,False,False,False,False,False,False
15.6,8.0,2.5,1,0,1920,1080,256.0,1,0,141.21199808219862,False,False,False,False,False,False,False,False,True,False,False,False,False,False,False,False,False,False,True,False,False,False,False,False,False,False,False,False,True,False,False
15.6,6.0,2.2,0,0,1920,1080,256.0,1,0,141.21199808219862,False,False,False,False,False,False,False,False,True,False,False,False,False,False,False,False,False,False,False,False,True,False,False,False,False,False,False,False,True,False,False
15.6,8.0,3.0,1,0,1920,1080,256.0,1,0,141.21199808219862,False,False,False,False,False,False,False,False,False,False,False,False,False,False,False,False,False,False,False,False,True,False,False,False,False,False,False,False,True,False,False
15.6,12.0,2.15,1,1,1920,1080,1024.0,0,1,141.21199808219862,False,False,False,False,False,False,False,False,False,False,False,False,False,False,False,False,False,False,False,False,True,False,False,False,False,False,False,False,True,False,False
15.6,8.0,1.95,1,0,1920,1080,256.0,1,0,141.21199808219862,False,False,False,False,False,False,False,False,True,False,False,False,False,False,False,False,False,False,False,False,True,False,False,False,False,False,False,False,True,False,False
15.6,8.0,1.7,0,0,1920,1080,256.0,1,0,141.21199808219862,False,True,False,False,False,False,False,False,False,False,False,False,False,False,False,False,False,False,False,False,False,True,False,False,False,False,False,False,True,False,False
15.6,16.0,2.5,1,0,1920,1080,1280.0,1,1,141.21199808219862,False,False,False,False,False,False,False,False,True,False,False,False,False,False,False,False,False,False,True,False,False,False,False,False,False,False,False,False,True,False,False
15.6,8.0,2.2,0,0,1920,1080,1024.0,0,1,141.21199808219862,False,False,False,False,False,False,False,False,True,False,False,False,False,False,False,False,False,False,False,False,True,False,False,False,False,False,False,True,False,False,False
15.6,2.0,2.19,0,0,1366,768,16.0,1,0,100.45466986113651,False,False,False,False,False,False,False,False,False,False,False,False,False,False,False,False,False,False,False,False,True,False,False,True,False,False,False,False,False,False,False
17.3,8.0,3.0,0,0,1920,1080,1024.0,0,1,127.33567457123111,False,True,False,False,False,False,False,False,False,False,False,False,False,False,False,False,False,False,True,False,False,False,False,False,False,False,False,False,True,False,False
17.3,8.0,2.54,0,0,1600,900,1024.0,0,1,106.11306214269258,False,False,False,False,False,False,True,False,False,False,False,False,False,False,False,False,False,False,False,False,True,False,False,False,False,False,False,False,True,False,False
15.6,8.0,2.0,0,0,1920,1080,256.0,1,0,141.21199808219862,False,False,False,True,False,False,False,False,False,False,False,False,False,False,False,False,False,False,False,False,True,False,False,False,False,False,False,False,True,False,False
15.6,8.0,2.05,0,0,1920,1080,256.0,1,0,141.21199808219862,False,False,False,False,False,False,False,False,True,False,False,False,False,False,False,False,False,False,False,False,True,False,False,False,False,False,False,False,True,False,False
15.6,8.0,3.2,1,0,1920,1080,1024.0,0,1,141.21199808219862,False,False,False,False,False,False,False,False,True,False,False,False,False,False,False,False,False,False,True,False,False,False,False,False,False,False,False,False,True,False,False
15.6,8.0,2.5,0,0,1920,1080,256.0,1,0,141.21199808219862,False,False,False,False,False,False,False,False,False,False,False,False,False,False,False,False,False,False,False,False,True,False,False,False,True,False,False,False,False,False,False
17.3,16.0,3.42,0,0,1920,1080,256.0,1,0,127.33567457123111,False,False,False,True,False,False,False,False,False,False,False,False,False,False,False,False,False,False,False,False,False,False,True,False,False,False,False,False,True,False,False
15.6,6.0,2.4,0,0,1920,1080,1024.0,0,1,141.21199808219862,False,False,False,False,False,False,False,False,True,False,False,False,False,False,False,False,False,False,False,False,True,False,False,False,False,False,False,False,True,False,False
15.6,16.0,1.63,0,0,1920,1080,512.0,1,0,141.21199808219862,False,True,False,False,False,False,False,False,False,False,False,False,False,False,False,False,False,False,False,False,False,True,False,False,False,False,False,False,True,False,False
14.0,4.0,1.3,0,0,1366,768,128.0,1,0,111.93520355955211,False,True,False,False,False,False,False,False,False,False,False,False,False,False,False,False,False,False,False,False,True,False,False,False,False,False,False,False,True,False,False
17.3,16.0,2.9,0,0,1920,1080,1280.0,1,1,127.33567457123111,False,True,False,False,False,False,False,False,False,False,False,False,False,False,False,False,False,False,True,False,False,False,False,False,False,False,False,False,True,False,False
17.3,6.0,3.575,0,0,1600,900,1024.0,0,1,106.11306214269258,False,False,False,False,False,False,False,False,True,False,False,False,False,False,False,False,False,False,False,False,True,False,False,False,False,False,False,False,True,False,False
15.6,8.0,2.2,0,0,1366,768,2048.0,0,1,100.45466986113651,False,False,False,False,False,False,False,False,True,False,False,False,False,False,False,False,False,False,False,False,True,False,False,False,False,False,False,True,False,False,False
15.6,8.0,2.5,0,0,1920,1080,1152.0,1,1,141.21199808219862,False,True,False,False,False,False,False,False,False,False,False,False,False,False,False,False,False,False,True,False,False,False,False,False,False,False,False,False,True,False,False
15.6,4.0,2.2,0,0,1366,768,1024.0,0,1,100.45466986113651,False,False,False,False,False,False,False,False,True,False,False,False,False,False,False,False,False,False,False,False,True,False,False,False,False,False,False,True,False,False,False
13.3,16.0,1.28,0,1,1920,1080,256.0,1,0,165.6321180513006,False,False,False,False,False,False,True,False,False,False,False,False,False,False,False,False,False,False,False,False,False,False,False,False,False,False,False,False,True,False,False
15.6,8.0,2.2,1,0,1920,1080,256.0,1,0,141.21199808219862,False,False,False,False,False,False,False,False,False,False,False,False,False,False,False,True,False,False,False,False,True,False,False,False,False,False,False,False,True,False,False
15.6,8.0,2.3,0,0,1920,1080,1152.0,1,1,141.21199808219862,False,False,False,False,False,False,False,False,True,False,False,False,False,False,False,False,False,False,False,False,True,False,False,False,False,False,False,False,True,False,False
15.6,4.0,1.86,0,0,1920,1080,1024.0,0,1,141.21199808219862,False,False,False,False,False,False,True,False,False,False,False,False,False,False,False,False,False,False,False,False,True,False,False,False,False,False,False,False,True,False,False
13.3,8.0,1.1,1,0,1920,1080,256.0,1,0,165.6321180513006,False,False,False,False,False,False,False,False,True,False,False,False,False,False,False,False,False,False,False,False,True,False,False,False,False,False,False,False,True,False,False
13.3,16.0,1.21,1,1,3840,2160,1024.0,1,0,331.2642361026012,False,False,False,True,False,False,False,False,False,False,False,False,False,False,False,False,False,False,False,False,False,True,False,False,False,False,False,False,True,False,False
15.6,16.0,2.8,1,0,1920,1080,1280.0,1,1,141.21199808219862,False,False,False,False,False,False,False,False,False,False,False,False,True,False,False,False,False,False,True,False,False,False,False,False,False,False,False,False,True,False,False
15.6,8.0,2.23,0,0,1920,1080,256.0,1,0,141.21199808219862,False,False,False,False,False,False,False,False,False,False,False,False,False,False,False,False,False,False,False,False,True,False,False,False,False,False,False,False,True,False,False
11.6,2.0,1.1,0,1,1366,768,32.0,0,0,135.0942111925629,False,True,False,False,False,False,False,False,False,False,False,False,False,False,False,False,False,False,False,False,False,False,False,False,False,False,False,False,True,False,False
15.6,8.0,2.33,0,0,1920,1080,1152.0,1,1,141.21199808219862,False,False,False,True,False,False,False,False,False,False,False,False,False,False,False,False,False,False,False,False,True,False,False,False,False,False,False,False,True,False,False
13.3,16.0,1.29,1,1,3840,2160,1024.0,1,0,331.2642361026012,False,False,False,False,False,False,True,False,False,False,False,False,False,False,False,False,False,False,False,False,False,False,False,False,False,False,False,False,True,False,False
13.3,4.0,1.45,0,0,1366,768,16.0,0,0,117.82653006268643,False,False,False,False,False,False,False,False,True,False,False,False,False,False,False,False,False,False,False,False,True,False,False,True,False,False,False,False,False,False,False
14.0,8.0,1.95,0,0,1920,1080,256.0,1,0,157.3505121487356,False,False,False,False,False,False,True,False,False,False,False,False,False,False,False,False,False,False,False,False,True,False,False,False,False,False,False,False,True,False,False
11.6,4.0,1.4,0,0,1366,768,128.0,0,0,135.0942111925629,False,False,False,False,False,False,False,False,False,False,False,False,False,False,False,False,False,False,False,False,True,False,False,False,False,False,False,False,True,False,False
14.0,8.0,1.48,0,0,1920,1080,256.0,1,0,157.3505121487356,False,False,False,False,False,False,True,False,False,False,False,False,False,False,False,False,False,False,False,False,True,False,False,False,False,False,False,False,True,False,False
17.3,4.0,2.79,0,0,1600,900,1024.0,0,1,106.11306214269258,False,False,False,False,False,False,False,False,True,False,False,False,False,False,False,False,False,False,False,False,True,False,False,False,False,False,False,False,True,False,False
14.0,8.0,2.0,0,0,1920,1080,256.0,1,0,157.3505121487356,False,True,False,False,False,False,False,False,False,False,False,False,False,False,False,False,False,False,False,False,True,False,False,False,False,False,False,False,True,False,False
15.6,8.0,2.1,1,0,1366,768,1024.0,0,1,100.45466986113651,False,False,False,False,False,False,True,False,False,False,False,False,False,False,False,False,False,False,False,False,True,False,False,False,False,False,False,False,True,False,False
15.6,8.0,2.2,0,0,1366,768,256.0,1,0,100.45466986113651,False,False,False,False,False,False,False,False,False,False,False,False,False,False,False,False,False,False,False,False,True,False,False,False,False,False,False,False,True,False,False
14.0,4.0,1.44,0,0,1366,768,32.0,0,0,111.93520355955211,False,False,False,False,False,False,False,False,True,False,False,False,False,False,False,False,False,False,False,False,True,False,False,False,False,False,False,False,True,False,False
15.6,6.0,3.575,0,0,1366,768,1024.0,0,1,100.45466986113651,False,False,False,False,False,False,False,False,False,False,False,False,False,False,False,False,False,False,False,False,True,False,False,False,False,False,False,False,True,False,False
15.6,8.0,1.7,0,0,1920,1080,256.0,1,0,141.21199808219862,False,True,False,False,False,False,False,False,False,False,False,False,False,False,False,False,False,False,False,False,False,True,False,False,False,False,False,False,True,False,False
12.5,8.0,1.26,0,0,1920,1080,256.0,1,0,176.23257360658386,False,False,False,False,False,False,True,False,False,False,False,False,False,False,False,False,False,False,False,False,False,True,False,False,False,False,False,False,True,False,False
15.6,32.0,2.06,0,1,3840,2160,1024.0,1,0,282.42399616439724,False,False,False,True,False,False,False,False,False,False,False,False,False,False,False,False,False,False,False,False,True,False,False,False,False,False,False,False,True,False,False
17.3,8.0,2.7,0,0,1920,1080,1280.0,1,1,127.33567457123111,False,False,False,False,False,False,False,False,False,False,False,False,True,False,False,False,False,False,True,False,False,False,False,False,False,False,False,False,True,False,False
15.6,8.0,2.0,1,0,1920,1080,256.0,1,0,141.21199808219862,False,False,False,False,False,False,False,False,False,False,False,False,False,False,False,True,False,False,False,False,True,False,False,False,False,False,False,False,True,False,False
14.0,8.0,2.0,0,0,1920,1080,1280.0,1,1,157.3505121487356,False,True,False,False,False,False,False,False,False,False,False,False,False,False,False,False,False,False,False,False,True,False,False,False,False,False,False,False,True,False,False
15.6,4.0,1.85,0,0,1920,1080,1024.0,0,1,141.21199808219862,False,False,False,False,False,False,False,False,True,False,False,False,False,False,False,False,False,False,False,False,True,False,False,False,False,False,False,False,True,False,False
15.6,8.0,2.5,0,0,1920,1080,256.0,1,0,141.21199808219862,False,True,False,False,False,False,False,False,False,False,False,False,False,False,False,False,False,False,True,False,False,False,False,False,False,False,False,False,True,False,False
14.0,8.0,1.48,0,0,1920,1080,256.0,1,0,157.3505121487356,False,False,False,False,False,False,True,False,False,False,False,False,False,False,False,False,False,False,False,False,True,False,False,False,False,False,False,False,True,False,False
15.6,8.0,1.84,0,0,1920,1080,256.0,1,0,141.21199808219862,False,False,False,False,False,False,True,False,False,False,False,False,False,False,False,False,False,False,False,False,True,False,False,False,False,False,False,False,True,False,False
15.6,4.0,2.0,0,0,1366,768,1024.0,0,1,100.45466986113651,False,True,False,False,False,False,False,False,False,False,False,False,False,False,False,False,False,False,False,False,True,False,False,False,True,False,False,False,False,False,False
15.6,8.0,2.0,0,0,1920,1080,256.0,1,0,141.21199808219862,False,False,False,True,False,False,False,False,False,False,False,False,False,False,False,False,False,False,False,False,True,False,False,False,False,False,False,False,True,False,False
15.6,4.0,2.2,0,0,1366,768,500.0,0,1,100.45466986113651,False,False,False,True,False,False,False,False,False,False,False,False,False,False,False,False,False,False,False,False,True,False,False,False,True,False,False,False,False,False,False
15.6,12.0,2.2,0,0,1920,1080,2048.0,0,1,141.21199808219862,False,False,False,False,False,False,False,False,True,False,False,False,False,False,False,False,False,False,False,False,True,False,False,False,False,False,False,False,True,False,False
15.6,8.0,2.1,1,0,1920,1080,1024.0,0,1,141.21199808219862,False,False,False,False,False,False,True,False,False,False,False,False,False,False,False,False,False,False,False,False,True,False,False,False,False,False,False,False,True,False,False
13.9,16.0,1.4,1,1,3840,2160,512.0,1,0,316.96506044349616,False,False,False,False,False,False,False,False,True,False,False,False,False,False,False,False,False,False,False,False,False,False,False,False,False,False,False,False,True,False,False
13.3,8.0,1.2,0,0,1920,1080,256.0,1,0,165.6321180513006,False,False,False,True,False,False,False,False,False,False,False,False,False,False,False,False,False,False,False,False,False,True,False,False,False,False,False,False,True,False,False
15.6,16.0,2.4,1,0,1920,1080,2304.0,1,1,141.21199808219862,False,False,False,False,False,False,False,False,True,False,False,False,False,False,False,False,False,False,True,False,False,False,False,False,False,False,False,False,True,False,False
14.0,2.0,1.44,0,0,1366,768,32.0,0,0,111.93520355955211,False,False,False,False,False,False,True,False,False,False,False,False,False,False,False,False,False,False,False,False,True,False,False,False,False,False,False,False,True,False,False
15.6,16.0,1.88,0,0,1920,1080,768.0,1,0,141.21199808219862,False,False,False,True,False,False,False,False,False,False,False,False,False,False,False,False,False,False,False,False,False,True,False,False,False,False,False,False,True,False,False
11.6,4.0,1.5,0,1,1366,768,32.0,0,0,135.0942111925629,False,True,False,False,False,False,False,False,False,False,False,False,False,False,False,False,False,False,False,False,False,False,False,False,False,False,False,False,True,False,False
15.6,8.0,0.2549999999999999,0,0,1920,1080,1024.0,0,1,141.21199808219862,False,False,False,True,False,False,False,False,False,False,False,False,False,False,False,False,False,False,False,False,False,True,False,False,False,False,False,False,True,False,False
15.6,8.0,1.84,0,0,1920,1080,256.0,1,0,141.21199808219862,False,False,False,False,False,False,True,False,False,False,False,False,False,False,False,False,False,False,False,False,True,False,False,False,False,False,False,False,True,False,False
17.3,8.0,2.7,0,0,1920,1080,1152.0,1,1,127.33567457123111,False,False,False,False,False,False,False,False,False,False,False,False,True,False,False,False,False,False,True,False,False,False,False,False,False,False,False,False,True,False,False
15.6,8.0,2.6,0,0,1920,1080,256.0,1,0,141.21199808219862,False,False,False,False,False,False,True,False,False,False,False,False,False,False,False,False,False,False,False,False,False,False,True,False,False,False,False,False,True,False,False
15.6,16.0,2.4,1,0,1920,1080,512.0,1,0,141.21199808219862,False,False,False,False,False,False,False,False,False,False,False,False,False,False,False,True,False,False,False,False,True,False,False,False,False,False,False,False,True,False,False
15.6,8.0,2.02,0,0,1920,1080,2176.0,1,1,141.21199808219862,False,False,False,True,False,False,False,False,False,False,False,False,False,False,False,False,False,False,False,False,True,False,False,False,False,False,False,False,True,False,False
15.6,4.0,2.2,0,0,1366,768,1024.0,0,1,100.45466986113651,False,False,False,False,False,False,False,False,True,False,False,False,False,False,False,False,False,False,False,False,True,False,False,False,False,False,False,True,False,False,False
15.6,8.0,2.65,0,0,1920,1080,1024.0,0,1,141.21199808219862,False,False,False,True,False,False,False,False,False,False,False,False,False,False,False,False,False,False,True,False,False,False,False,False,False,False,False,False,True,False,False
15.6,8.0,2.36,0,1,1366,768,2048.0,0,1,100.45466986113651,False,False,False,True,False,False,False,False,False,False,False,False,False,False,False,False,False,False,False,False,True,False,False,False,False,False,False,False,True,False,False
14.0,8.0,1.36,0,0,1920,1080,256.0,1,0,157.3505121487356,False,False,False,True,False,False,False,False,False,False,False,False,False,False,False,False,False,False,False,False,True,False,False,False,False,False,False,False,True,False,False
15.6,4.0,1.86,0,0,1366,768,500.0,0,1,100.45466986113651,False,False,False,False,False,False,True,False,False,False,False,False,False,False,False,False,False,False,False,False,True,False,False,False,False,False,False,False,True,False,False
14.0,8.0,2.0,0,0,1920,1080,256.0,1,0,157.3505121487356,False,True,False,False,False,False,False,False,False,False,False,False,False,False,False,False,False,False,False,False,True,False,False,False,False,False,False,False,True,False,False
17.3,6.0,2.8,0,0,1600,900,1152.0,1,1,106.11306214269258,False,False,False,False,False,False,False,False,True,False,False,False,False,False,False,False,False,False,False,False,True,False,False,False,False,False,False,False,True,False,False
15.6,8.0,1.86,0,0,1920,1080,1024.0,0,1,141.21199808219862,False,False,False,False,False,False,True,False,False,False,False,False,False,False,False,False,False,False,False,False,True,False,False,False,False,False,False,False,True,False,False
15.6,8.0,2.2,0,0,1366,768,256.0,1,0,100.45466986113651,False,False,False,False,False,False,False,False,True,False,False,False,False,False,False,False,False,False,False,False,True,False,False,False,False,False,False,True,False,False,False
15.6,8.0,2.04,0,0,1366,768,2048.0,0,1,100.45466986113651,False,False,False,False,False,False,True,False,False,False,False,False,False,False,False,False,False,False,False,False,True,False,False,False,False,False,False,False,True,False,False
17.3,8.0,2.8,0,0,1920,1080,1152.0,1,1,127.33567457123111,False,False,False,True,False,False,False,False,False,False,False,False,False,False,False,False,False,False,False,False,True,False,False,False,False,False,False,False,True,False,False
15.6,8.0,2.4,1,0,1920,1080,1152.0,1,1,141.21199808219862,False,False,False,False,False,False,False,False,True,False,False,False,False,False,False,False,False,False,True,False,False,False,False,False,False,False,False,True,False,False,False
15.6,8.0,2.33,0,0,1920,1080,256.0,1,0,141.21199808219862,False,False,False,True,False,False,False,False,False,False,False,False,False,False,False,False,False,False,False,False,True,False,False,False,False,False,False,False,True,False,False
14.0,8.0,1.36,1,0,1920,1080,256.0,1,0,157.3505121487356,False,False,False,False,False,False,True,False,False,False,False,False,False,False,False,False,False,False,False,False,False,True,False,False,False,False,False,False,True,False,False
15.6,12.0,2.26,0,1,1920,1080,2560.0,1,1,141.21199808219862,False,True,False,False,False,False,False,False,False,False,False,False,False,False,False,False,False,False,False,False,False,False,False,False,False,False,False,False,True,False,False
15.6,4.0,2.1,0,0,1366,768,128.0,1,0,100.45466986113651,False,False,False,False,False,False,False,False,False,False,False,False,False,False,False,False,False,False,False,False,True,False,False,False,False,False,False,False,True,False,False
17.3,16.0,3.25,1,0,1920,1080,1280.0,1,1,127.33567457123111,False,True,False,False,False,False,False,False,False,False,False,False,False,False,False,False,False,False,True,False,False,False,False,False,False,False,False,False,True,False,False
17.3,4.0,2.6,0,0,1600,900,128.0,1,0,106.11306214269258,False,False,False,False,False,False,False,False,True,False,False,False,False,False,False,False,False,False,False,False,True,False,False,False,False,False,False,False,True,False,False
13.3,8.0,1.62,0,1,1920,1080,256.0,1,0,165.6321180513006,False,False,False,True,False,False,False,False,False,False,False,False,False,False,False,False,False,False,False,False,False,False,False,False,False,False,False,False,True,False,False
15.6,4.0,1.91,0,0,1920,1080,256.0,1,0,141.21199808219862,False,False,False,False,False,False,True,False,False,False,False,False,False,False,False,False,False,False,False,False,True,False,False,False,False,False,False,False,True,False,False
11.6,4.0,1.59,1,0,1366,768,128.0,1,0,135.0942111925629,False,False,False,False,False,False,False,False,True,False,False,False,False,False,False,False,False,False,False,True,False,False,False,False,False,False,False,False,True,False,False
15.6,4.0,1.8,0,0,1366,768,500.0,0,1,100.45466986113651,False,False,False,True,False,False,False,False,False,False,False,False,False,False,False,False,False,False,False,False,True,False,False,False,False,False,False,False,True,False,False
14.0,4.0,1.5,0,0,1366,768,32.0,0,0,111.93520355955211,False,True,False,False,False,False,False,False,False,False,False,False,False,False,False,False,False,False,False,False,True,False,False,False,False,False,False,False,True,False,False
15.6,8.0,2.4,0,0,1920,1080,1024.0,0,1,141.21199808219862,False,False,False,False,False,False,False,False,False,False,False,False,False,False,False,False,False,False,False,False,True,False,False,False,True,False,False,False,False,False,False
17.3,8.0,3.35,1,0,1920,1080,1152.0,1,1,127.33567457123111,False,False,False,False,False,False,True,False,False,False,False,False,False,False,False,False,False,False,True,False,False,False,False,False,False,False,False,False,True,False,False
15.6,4.0,1.85,0,0,1920,1080,128.0,1,0,141.21199808219862,False,False,False,False,False,False,False,False,True,False,False,False,False,False,False,False,False,False,False,False,True,False,False,False,False,False,False,True,False,False,False
15.6,8.0,2.3,1,0,1920,1080,1152.0,1,1,141.21199808219862,False,True,False,False,False,False,False,False,False,False,False,False,False,False,False,False,False,False,True,False,False,False,False,False,False,False,False,False,True,False,False
14.0,8.0,1.5,1,0,1920,1080,256.0,1,0,157.3505121487356,False,False,False,False,False,False,False,False,True,False,False,False,False,False,False,False,False,False,False,False,True,False,False,False,False,False,False,False,True,False,False
13.3,16.0,1.1,0,1,1920,1080,512.0,1,0,165.6321180513006,False,True,False,False,False,False,False,False,False,False,False,False,False,False,False,False,False,False,False,False,False,True,False,False,False,False,False,False,True,False,False
14.0,8.0,1.13,1,0,2560,1440,512.0,1,0,209.8006828649808,False,False,False,False,False,False,False,False,True,False,False,False,False,False,False,False,False,False,False,False,False,True,False,False,False,False,False,False,True,False,False
13.3,4.0,1.5,1,0,1920,1080,128.0,1,0,165.6321180513006,False,False,False,False,False,False,False,False,True,False,False,False,False,False,False,False,False,False,False,False,True,False,False,False,False,False,False,False,True,False,False
15.6,8.0,2.23,0,0,1920,1080,500.0,0,1,141.21199808219862,False,False,False,True,False,False,False,False,False,False,False,False,False,False,False,False,False,False,False,False,False,False,True,False,False,False,False,False,True,False,False
15.6,8.0,2.0,1,0,1920,1080,256.0,1,0,141.21199808219862,False,False,False,True,False,False,False,False,False,False,False,False,False,False,False,False,False,False,False,False,False,False,True,False,False,False,False,False,True,False,False
14.0,16.0,1.42,0,1,2560,1440,512.0,1,0,209.8006828649808,False,False,False,False,False,False,False,False,True,False,False,False,False,False,False,False,False,False,False,False,False,False,False,False,False,False,False,False,True,False,False
17.3,8.0,3.0,0,0,1920,1080,1024.0,0,1,127.33567457123111,False,True,False,False,False,False,False,False,False,False,False,False,False,False,False,False,False,False,True,False,False,False,False,False,False,False,False,False,True,False,False
17.3,16.0,3.0,0,0,1920,1080,1280.0,1,1,127.33567457123111,False,True,False,False,False,False,False,False,False,False,False,False,False,False,False,False,False,False,True,False,False,False,False,False,False,False,False,False,True,False,False
15.6,12.0,2.2,1,0,1366,768,1024.0,0,1,100.45466986113651,False,False,False,False,False,False,False,False,False,False,False,False,False,False,False,False,False,False,False,False,True,False,False,False,False,False,False,False,True,False,False
17.3,8.0,2.7,0,0,1920,1080,256.0,1,0,127.33567457123111,False,False,False,False,False,False,False,False,False,False,False,False,True,False,False,False,False,False,True,False,False,False,False,False,False,False,False,False,True,False,False
15.6,8.0,2.33,0,0,1920,1080,256.0,1,0,141.21199808219862,False,False,False,True,False,False,False,False,False,False,False,False,False,False,False,False,False,False,False,False,True,False,False,False,True,False,False,False,False,False,False
15.6,4.0,1.91,0,0,1920,1080,256.0,1,0,141.21199808219862,False,False,False,False,False,False,True,False,False,False,False,False,False,False,False,False,False,False,False,False,False,True,False,False,False,False,False,False,True,False,False
15.6,8.0,2.1,1,0,1920,1080,256.0,1,0,141.21199808219862,False,False,False,False,False,False,False,False,True,False,False,False,False,False,False,False,False,False,False,False,True,False,False,False,False,False,False,False,True,False,False
14.0,8.0,1.9,1,0,1920,1080,256.0,1,0,157.3505121487356,False,False,False,False,False,False,False,False,True,False,False,False,False,False,False,False,False,False,False,False,True,False,False,False,False,False,False,False,True,False,False
15.6,8.0,1.78,0,1,3840,2160,256.0,1,0,282.42399616439724,False,False,False,True,False,False,False,False,False,False,False,False,False,False,False,False,False,False,False,False,False,False,True,False,False,False,False,False,True,False,False
14.0,16.0,1.13,1,0,2560,1440,1024.0,1,0,209.8006828649808,False,False,False,False,False,False,False,False,True,False,False,False,False,False,False,False,False,False,False,False,False,True,False,False,False,False,False,False,True,False,False
15.6,4.0,2.2,0,0,1366,768,1024.0,0,1,100.45466986113651,False,False,False,False,False,False,False,False,True,False,False,False,False,False,False,False,False,False,False,False,True,False,False,False,False,False,False,False,True,False,False
17.3,16.0,2.9,0,0,1920,1080,1280.0,1,1,127.33567457123111,False,True,False,False,False,False,False,False,False,False,False,False,False,False,False,False,False,False,True,False,False,False,False,False,False,False,False,False,True,False,False
25.6,8.0,2.1,1,0,1920,1080,1280.0,1,1,86.05106133133977,False,False,False,False,False,False,False,False,True,False,False,False,False,False,False,False,False,False,False,False,True,False,False,False,False,False,False,False,True,False,False
15.6,8.0,2.5,0,0,1920,1080,256.0,1,0,141.21199808219862,False,False,False,False,False,False,False,False,False,False,False,False,False,False,False,False,False,False,False,False,True,False,False,False,True,False,False,False,False,False,False
17.3,16.0,2.8,0,0,1920,1080,1280.0,1,1,127.33567457123111,False,False,False,False,False,False,False,False,False,False,False,False,True,False,False,False,False,False,True,False,False,False,False,False,False,False,False,False,True,False,False
14.0,8.0,1.1,0,0,1920,1080,512.0,1,0,157.3505121487356,False,True,False,False,False,False,False,False,False,False,False,False,False,False,False,False,False,False,False,False,False,True,False,False,False,False,False,False,True,False,False
13.3,16.0,1.2,0,0,1920,1080,512.0,1,0,165.6321180513006,False,False,False,False,False,False,False,False,False,False,False,False,False,False,False,True,False,False,False,False,False,True,False,False,False,False,False,False,True,False,False
14.0,8.0,1.36,0,0,1920,1080,512.0,1,0,157.3505121487356,False,False,False,True,False,False,False,False,False,False,False,False,False,False,False,False,False,False,False,False,False,True,False,False,False,False,False,False,True,False,False
35.6,4.0,2.2,0,0,1920,1080,500.0,0,1,61.879414889952194,False,False,False,False,False,False,False,False,True,False,False,False,False,False,False,False,False,False,False,False,True,False,False,False,False,False,False,False,True,False,False
11.6,2.0,1.15,0,0,1366,768,32.0,0,0,135.0942111925629,False,False,False,False,False,False,False,False,True,False,False,False,False,False,False,False,False,False,False,False,True,False,False,False,False,False,False,False,True,False,False
15.6,8.0,2.67,0,0,1920,1080,512.0,1,0,141.21199808219862,False,False,False,False,False,False,False,False,True,False,False,False,False,False,False,False,False,False,False,False,False,False,True,False,False,False,False,False,True,False,False
14.0,8.0,1.7,1,0,2560,1440,512.0,1,0,209.8006828649808,False,False,False,False,False,False,False,False,True,False,False,False,False,False,False,False,False,False,False,False,False,True,False,False,False,False,False,False,True,False,False
15.6,4.0,2.1,0,0,1920,1080,1024.0,0,1,141.21199808219862,False,False,False,False,False,False,True,False,False,False,False,False,False,False,False,False,False,False,False,False,True,False,False,False,False,False,False,False,True,False,False
13.3,8.0,1.6,1,1,1920,1080,256.0,1,0,165.6321180513006,False,False,False,False,False,False,False,False,False,False,False,False,False,False,False,False,False,False,False,False,False,False,False,False,False,False,False,False,True,False,False
13.3,8.0,1.27,1,1,1920,1080,256.0,1,0,165.6321180513006,False,True,False,False,False,False,False,False,False,False,False,False,False,False,False,False,False,False,False,False,False,False,False,False,False,False,False,False,True,False,False
15.6,4.0,2.3,0,0,1920,1080,256.0,1,0,141.21199808219862,False,False,False,True,False,False,False,False,False,False,False,False,False,False,False,False,False,False,False,False,True,False,False,False,True,False,False,False,False,False,False
13.3,4.0,1.65,0,0,1366,768,128.0,1,0,117.82653006268643,False,False,False,True,False,False,False,False,False,False,False,False,False,False,False,False,False,False,False,False,True,False,False,False,False,False,False,False,True,False,False
14.0,8.0,1.43,0,0,1920,1080,256.0,1,0,157.3505121487356,False,False,False,False,False,False,True,False,False,False,False,False,False,False,False,False,False,False,False,False,False,True,False,False,False,False,False,False,True,False,False
15.6,8.0,2.14,0,0,1366,768,1024.0,0,1,100.45466986113651,False,False,False,True,False,False,False,False,False,False,False,False,False,False,False,False,False,False,False,False,True,False,False,False,False,False,False,False,True,False,False
14.0,8.0,1.75,1,0,1920,1080,256.0,1,0,157.3505121487356,False,False,False,False,False,False,False,False,True,False,False,False,False,False,False,False,False,False,False,False,False,True,False,False,False,False,False,False,True,False,False
15.6,16.0,2.0,1,1,3840,2160,512.0,1,0,282.42399616439724,False,False,False,False,False,False,False,False,True,False,False,False,False,False,False,False,False,False,False,False,False,False,False,False,False,False,False,False,True,False,False
12.3,6.0,1.4,1,0,2736,1824,64.0,0,0,267.3384360344031,False,False,True,False,False,False,False,False,False,False,False,False,False,False,False,False,False,False,False,False,True,False,False,False,False,False,False,False,True,False,False
15.6,8.0,2.31,0,0,1920,1080,256.0,1,0,141.21199808219862,False,False,False,False,False,False,True,False,False,False,False,False,False,False,False,False,False,False,False,False,True,False,False,False,False,False,False,False,True,False,False
35.6,8.0,2.3,0,0,1920,1080,1024.0,0,1,61.879414889952194,False,True,False,False,False,False,False,False,False,False,False,False,False,False,False,False,False,False,False,False,True,False,False,False,True,False,False,False,False,False,False
27.3,16.0,3.575,1,0,2560,1440,1280.0,1,1,107.59009377691324,False,False,False,True,False,False,False,False,False,False,False,False,False,False,False,False,False,False,True,False,False,False,False,False,False,False,False,False,True,False,False
15.6,8.0,2.62,1,0,1920,1080,1152.0,1,1,141.21199808219862,False,False,False,True,False,False,False,False,False,False,False,False,False,False,False,False,False,False,True,False,False,False,False,False,False,False,False,False,True,False,False
15.6,8.0,2.02,0,0,1920,1080,2304.0,1,1,141.21199808219862,False,False,False,True,False,False,False,False,False,False,False,False,False,False,False,False,False,False,False,False,True,False,False,False,False,False,False,False,True,False,False
14.0,8.0,1.6,0,0,1920,1080,256.0,1,0,157.3505121487356,False,False,False,True,False,False,False,False,False,False,False,False,False,False,False,False,False,False,False,False,False,True,False,False,True,False,False,False,False,False,False
17.3,12.0,3.35,0,0,1920,1080,1280.0,1,1,127.33567457123111,False,False,False,False,False,False,True,False,False,False,False,False,False,False,False,False,False,False,True,False,False,False,False,False,False,False,False,False,True,False,False
11.6,4.0,1.16,1,1,1920,1080,32.0,1,0,189.90579052433606,False,False,False,False,False,False,False,False,False,False,True,False,False,False,False,False,False,False,False,False,False,False,False,False,False,False,False,False,True,False,False
11.6,4.0,1.15,0,0,1366,768,16.0,0,0,135.0942111925629,False,False,False,False,False,False,False,False,False,False,False,False,False,False,True,False,False,False,False,True,False,False,False,True,False,False,False,False,False,False,False
13.3,8.0,1.4,1,0,1920,1080,256.0,1,0,165.6321180513006,False,False,False,False,False,False,False,False,True,False,False,False,False,False,False,False,False,False,False,False,True,False,False,False,False,False,False,False,True,False,False
14.0,4.0,1.7,1,0,1920,1080,128.0,1,0,157.3505121487356,False,False,False,False,False,False,False,False,True,False,False,False,False,False,False,False,False,False,False,False,True,False,False,False,False,False,False,False,True,False,False
15.6,16.0,2.3,1,0,3840,2160,512.0,1,0,282.42399616439724,False,False,False,False,False,False,False,False,True,False,False,False,False,False,False,False,False,False,False,False,False,False,True,False,False,False,False,False,True,False,False
15.6,16.0,2.5,0,0,1920,1080,512.0,1,0,141.21199808219862,False,False,False,False,False,False,False,False,True,False,False,False,False,False,False,False,False,False,False,False,True,False,False,False,False,False,False,False,True,False,False
17.3,8.0,3.2,0,0,1920,1080,1280.0,1,1,127.33567457123111,False,True,False,False,False,False,False,False,False,False,False,False,False,False,False,False,False,False,True,False,False,False,False,False,False,False,False,False,True,False,False
15.6,4.0,2.1,0,0,1366,768,500.0,0,1,100.45466986113651,False,False,False,False,False,False,True,False,False,False,False,False,False,False,False,False,False,False,False,False,True,False,False,False,False,False,False,False,True,False,False
12.3,16.0,1.1,0,1,2400,1600,512.0,1,0,234.50740003017813,False,False,False,False,False,True,False,False,False,False,False,False,False,False,False,False,False,False,False,False,False,True,False,True,False,False,False,False,False,False,False
24.0,24.0,1.32,0,0,2560,1440,512.0,1,0,122.3837316712388,False,False,False,False,False,False,False,False,True,False,False,False,False,False,False,False,False,False,False,False,False,True,False,False,False,False,False,False,True,False,False
15.6,4.0,2.0,0,0,1920,1080,256.0,1,0,141.21199808219862,False,True,False,False,False,False,False,False,False,False,False,False,False,False,False,False,False,False,False,False,True,False,False,False,True,False,False,False,False,False,False
17.3,8.0,2.8,0,0,1600,900,1024.0,0,1,106.11306214269258,False,False,False,False,False,False,False,False,True,False,False,False,False,False,False,False,False,False,False,False,True,False,False,False,False,False,False,False,True,False,False
15.6,4.0,2.2,0,0,1920,1080,256.0,1,0,141.21199808219862,False,False,False,True,False,False,False,False,False,False,False,False,False,False,False,False,False,False,False,False,True,False,False,False,False,False,False,False,True,False,False
12.5,8.0,1.36,1,0,1920,1080,256.0,1,0,176.23257360658386,False,False,False,False,False,False,False,False,True,False,False,False,False,False,False,False,False,False,False,False,False,True,False,False,False,False,False,False,True,False,False
15.6,4.0,2.2,0,0,1920,1080,128.0,1,0,141.21199808219862,False,False,False,False,False,False,False,False,True,False,False,False,False,False,False,False,False,False,False,False,True,False,False,False,False,False,False,False,True,False,False
15.6,8.0,2.2,1,0,1920,1080,1152.0,1,1,141.21199808219862,False,False,False,False,False,False,True,False,False,False,False,False,False,False,False,False,False,False,True,False,False,False,False,False,False,False,False,False,True,False,False
14.0,8.0,1.64,0,0,1920,1080,256.0,1,0,157.3505121487356,False,False,False,True,False,False,False,False,False,False,False,False,False,False,False,False,False,False,False,False,True,False,False,False,False,False,False,False,True,False,False
15.6,4.0,2.4,0,0,1366,768,500.0,0,1,100.45466986113651,False,False,False,False,False,False,False,False,False,False,False,False,False,False,False,False,False,False,False,False,True,False,False,False,True,False,False,False,False,False,False
15.6,8.0,2.23,0,0,1920,1080,1088.0,0,1,141.21199808219862,False,False,False,True,False,False,False,False,False,False,False,False,False,False,False,False,False,False,False,False,False,False,True,False,False,False,False,False,True,False,False
15.6,8.0,2.2,0,0,1920,1080,256.0,1,0,141.21199808219862,False,False,False,False,False,False,False,False,False,False,False,False,True,False,False,False,False,False,True,False,False,False,False,False,False,False,False,False,True,False,False
13.5,16.0,1.25,0,1,2256,1504,512.0,1,0,200.84255993695703,False,False,False,False,False,False,False,False,False,False,False,True,False,False,False,False,False,False,False,False,False,True,False,False,False,False,False,False,False,True,False
15.6,8.0,1.91,0,0,1366,768,128.0,1,0,100.45466986113651,False,False,False,False,False,False,True,False,False,False,False,False,False,False,False,False,False,False,False,False,True,False,False,False,False,False,False,False,True,False,False
15.6,16.0,2.17,1,0,1920,1080,256.0,1,0,141.21199808219862,False,False,False,True,False,False,False,False,False,False,False,False,False,False,False,False,False,False,False,False,False,False,True,False,False,False,False,False,True,False,False
15.6,8.0,2.31,1,0,1920,1080,512.0,1,0,141.21199808219862,False,False,False,False,False,False,True,False,False,False,False,False,False,False,False,False,False,False,False,False,False,False,True,False,False,False,False,False,True,False,False
14.0,8.0,1.65,0,0,1920,1080,256.0,1,0,157.3505121487356,False,False,False,False,False,False,False,False,True,False,False,False,False,False,False,False,False,False,False,False,True,False,False,False,False,False,False,False,True,False,False
15.6,8.0,2.36,0,0,1920,1080,1152.0,1,1,141.21199808219862,False,False,False,True,False,False,False,False,False,False,False,False,False,False,False,False,False,False,False,False,True,False,False,False,False,False,False,False,True,False,False
11.6,4.0,1.47,0,1,1366,768,500.0,0,1,135.0942111925629,False,False,False,True,False,False,False,False,False,False,False,False,False,False,False,False,False,False,False,False,False,False,False,False,False,False,False,False,True,False,False
17.3,8.0,3.575,1,0,1920,1080,1024.0,0,1,127.33567457123111,False,False,False,True,False,False,False,False,False,False,False,False,False,False,False,False,False,False,False,False,True,False,False,False,False,False,False,False,True,False,False
13.5,4.0,1.252,0,1,2256,1504,128.0,1,0,200.84255993695703,False,False,False,False,False,False,False,False,False,False,False,True,False,False,False,False,False,False,False,False,False,True,False,False,False,False,False,False,False,True,False
33.5,8.0,1.25,0,1,2256,1504,256.0,1,0,80.93655400444537,False,False,False,False,False,False,False,False,False,False,False,True,False,False,False,False,False,False,False,False,False,True,False,False,False,False,False,False,False,True,False
17.3,8.0,2.5,0,0,1600,900,256.0,1,0,106.11306214269258,False,False,False,False,False,False,True,False,False,False,False,False,False,False,False,False,False,False,False,False,True,False,False,False,False,False,False,False,True,False,False
15.6,4.0,2.23,0,0,1920,1080,1024.0,0,1,141.21199808219862,False,False,False,False,False,False,False,False,False,False,False,False,False,False,False,False,False,False,False,False,True,False,False,False,False,False,False,False,True,False,False
11.6,4.0,1.4,0,0,1366,768,128.0,1,0,135.0942111925629,False,False,False,False,False,False,False,False,False,False,False,False,False,False,False,False,False,False,False,True,False,False,False,False,False,False,False,False,True,False,False
15.6,8.0,2.37,0,0,1920,1080,1024.0,0,1,141.21199808219862,False,True,False,False,False,False,False,False,False,False,False,False,False,False,False,False,False,False,False,False,True,False,False,False,False,False,False,False,True,False,False
14.0,8.0,1.5,1,0,1920,1080,512.0,1,0,157.3505121487356,False,False,False,False,False,False,False,False,True,False,False,False,False,False,False,False,False,False,False,False,True,False,False,False,False,False,False,True,False,False,False
15.6,8.0,2.67,0,0,1920,1080,256.0,1,0,141.21199808219862,False,False,False,False,False,False,False,False,True,False,False,False,False,False,False,False,False,False,False,False,True,False,False,False,False,False,False,False,True,False,False
15.6,4.0,2.0,0,0,1366,768,500.0,0,1,100.45466986113651,False,True,False,False,False,False,False,False,False,False,False,False,False,False,False,False,False,False,False,False,True,False,False,False,False,False,False,False,True,False,False
15.6,4.0,2.2,0,0,1366,768,500.0,0,1,100.45466986113651,False,False,False,False,False,False,False,False,False,False,False,False,False,False,False,False,False,False,False,False,True,False,False,False,False,False,False,False,True,False,False
15.6,8.0,2.02,0,0,1920,1080,2048.0,0,1,141.21199808219862,False,False,False,True,False,False,False,False,False,False,False,False,False,False,False,False,False,False,False,False,True,False,False,False,False,False,False,False,True,False,False
17.3,12.0,3.575,1,0,1920,1080,1024.0,0,1,127.33567457123111,False,False,False,False,False,False,True,False,False,False,False,False,False,False,False,False,False,False,True,False,False,False,False,False,False,False,False,False,True,False,False
14.0,12.0,1.4,1,0,2560,1440,256.0,1,0,209.8006828649808,False,False,False,False,False,False,False,False,True,False,False,False,False,False,False,False,False,False,False,False,False,True,False,False,False,False,False,False,True,False,False
13.3,8.0,1.29,1,1,3840,2160,512.0,1,0,331.2642361026012,False,False,False,False,False,False,True,False,False,False,False,False,False,False,False,False,False,False,False,False,False,False,False,False,False,False,False,False,True,False,False
15.6,8.0,1.9,0,0,1920,1080,500.0,0,1,141.21199808219862,False,False,False,False,False,False,True,False,False,False,False,False,False,False,False,False,False,False,False,False,True,False,False,False,False,False,False,False,True,False,False
12.3,8.0,1.1,0,1,2400,1600,128.0,1,0,234.50740003017813,False,False,False,False,False,True,False,False,False,False,False,False,False,False,False,False,False,False,False,False,False,True,False,True,False,False,False,False,False,False,False
13.3,8.0,1.42,0,1,1920,1080,256.0,1,0,165.6321180513006,False,False,False,True,False,False,False,False,False,False,False,False,False,False,False,False,False,False,False,False,False,True,False,False,False,False,False,False,True,False,False
15.6,12.0,2.06,1,0,3840,2160,1152.0,1,1,282.42399616439724,False,True,False,False,False,False,False,False,False,False,False,False,False,False,False,False,False,False,False,False,True,False,False,False,False,False,False,False,True,False,False
14.0,8.0,1.79,0,0,1366,768,128.0,1,0,111.93520355955211,False,False,False,True,False,False,False,False,False,False,False,False,False,False,False,False,False,False,False,False,True,False,False,False,False,False,False,False,True,False,False
14.0,8.0,1.7,0,0,1920,1080,180.0,1,0,157.3505121487356,False,False,False,False,False,False,False,False,True,False,False,False,False,False,False,False,False,False,False,False,True,False,False,False,False,False,False,False,True,False,False
13.3,8.0,1.05,1,0,1920,1080,256.0,1,0,165.6321180513006,False,False,False,False,False,False,False,False,False,False,False,False,False,False,False,True,False,False,False,False,True,False,False,False,False,False,False,False,True,False,False
15.6,8.0,2.16,1,0,1920,1080,512.0,1,0,141.21199808219862,False,False,False,True,False,False,False,False,False,False,False,False,False,False,False,False,False,False,False,False,True,False,False,False,False,False,False,False,True,False,False
15.6,4.0,2.18,0,0,1366,768,1024.0,0,1,100.45466986113651,False,False,False,True,False,False,False,False,False,False,False,False,False,False,False,False,False,False,False,False,True,False,False,False,False,False,False,False,True,False,False
13.3,4.0,1.49,1,0,1920,1080,128.0,1,0,165.6321180513006,False,False,False,False,False,False,True,False,False,False,False,False,False,False,False,False,False,False,False,False,True,False,False,False,False,False,False,False,True,False,False
15.6,4.0,1.89,0,0,1920,1080,64.0,0,0,141.21199808219862,False,False,True,False,False,False,False,False,False,False,False,False,False,False,False,False,False,False,False,False,True,False,False,False,False,False,False,False,True,False,False
15.6,4.0,2.3,0,0,1366,768,128.0,1,0,100.45466986113651,False,False,False,False,False,False,False,False,True,False,False,False,False,False,False,False,False,False,False,False,True,False,False,False,False,False,False,False,True,False,False
14.0,8.0,1.75,1,0,1920,1080,256.0,1,0,157.3505121487356,False,False,False,False,False,False,False,False,True,False,False,False,False,False,False,False,False,False,False,False,True,False,False,False,False,False,False,False,True,False,False
15.6,16.0,2.17,1,0,1920,1080,512.0,1,0,141.21199808219862,False,False,False,True,False,False,False,False,False,False,False,False,False,False,False,False,False,False,False,False,False,False,True,False,False,False,False,False,True,False,False
15.6,16.0,2.06,0,0,1920,1080,512.0,1,0,141.21199808219862,False,False,False,True,False,False,False,False,False,False,False,False,False,False,False,False,False,False,False,False,True,False,False,False,False,False,False,False,True,False,False
12.5,16.0,1.36,1,0,1920,1080,512.0,1,0,176.23257360658386,False,False,False,False,False,False,False,False,True,False,False,False,False,False,False,False,False,False,False,False,False,True,False,False,False,False,False,False,True,False,False
12.5,16.0,0.91,0,0,1920,1080,512.0,1,0,176.23257360658386,False,True,False,False,False,False,False,False,False,False,False,False,False,False,False,False,False,False,False,False,False,True,False,False,False,False,False,False,True,False,False
15.6,8.0,2.3,1,0,1920,1080,256.0,1,0,141.21199808219862,False,False,False,False,False,False,False,False,True,False,False,False,False,False,False,False,False,False,False,False,True,False,False,False,False,False,False,False,True,False,False
13.3,32.0,1.05,0,1,1920,1080,512.0,1,0,165.6321180513006,False,False,False,False,False,False,False,False,False,False,False,False,False,False,False,True,False,False,False,False,False,True,False,False,False,False,False,False,True,False,False
15.6,8.0,1.99,0,0,1920,1080,1152.0,1,1,141.21199808219862,False,True,False,False,False,False,False,False,False,False,False,False,False,False,False,False,False,False,True,False,False,False,False,False,False,False,False,False,True,False,False
15.6,8.0,2.2,0,0,1366,768,1024.0,0,1,100.45466986113651,False,False,False,False,False,False,False,False,False,False,False,False,False,False,False,False,False,False,False,False,True,False,False,False,False,False,False,False,True,False,False
17.3,24.0,3.575,1,1,1920,1080,1280.0,1,1,127.33567457123111,False,True,False,False,False,False,False,False,False,False,False,False,False,False,False,False,False,False,True,False,False,False,False,False,False,False,False,False,True,False,False
12.5,8.0,1.3,1,0,1366,768,180.0,1,0,125.36742798669837,False,False,False,False,False,False,False,False,True,False,False,False,False,False,False,False,False,False,False,False,False,True,False,False,False,False,False,False,True,False,False
15.6,8.0,2.17,0,0,1920,1080,256.0,1,0,141.21199808219862,False,False,False,False,False,False,False,False,True,False,False,False,False,False,False,False,False,False,False,False,True,False,False,False,False,False,False,False,True,False,False
14.0,8.0,1.48,0,0,1920,1080,1024.0,1,0,157.3505121487356,False,False,False,False,False,False,True,False,False,False,False,False,False,False,False,False,False,False,False,False,True,False,False,False,False,False,False,False,True,False,False
13.3,8.0,1.4,1,0,1920,1080,256.0,1,0,165.6321180513006,False,False,False,False,False,False,False,False,True,False,False,False,False,False,False,False,False,False,False,False,True,False,False,False,False,False,False,False,True,False,False
15.6,8.0,2.3,1,0,1920,1080,256.0,1,0,141.21199808219862,False,False,False,False,False,False,False,False,True,False,False,False,False,False,False,False,False,False,False,False,True,False,False,False,False,False,False,False,True,False,False
11.6,4.0,1.2,0,0,1366,768,64.0,0,0,135.0942111925629,False,True,False,False,False,False,False,False,False,False,False,False,False,False,False,False,False,False,False,True,False,False,False,False,False,False,False,False,False,True,False
15.6,8.0,1.91,0,0,1366,768,256.0,1,0,100.45466986113651,False,False,False,False,False,False,True,False,False,False,False,False,False,False,False,False,False,False,False,False,True,False,False,False,False,False,False,False,True,False,False
13.9,8.0,1.4,1,1,1920,1080,256.0,1,0,158.48253022174808,False,False,False,False,False,False,False,False,True,False,False,False,False,False,False,False,False,False,False,False,False,False,False,False,False,False,False,False,True,False,False
14.0,4.0,2.1,0,0,1366,768,500.0,0,1,111.93520355955211,False,False,False,False,False,False,False,False,True,False,False,False,False,False,False,False,False,False,False,False,True,False,False,False,False,False,False,False,True,False,False
11.6,4.0,1.25,0,0,1366,768,16.0,1,0,135.0942111925629,False,False,False,False,False,False,False,False,True,False,False,False,False,False,False,False,False,False,False,True,False,False,False,True,False,False,False,False,False,False,False
13.3,8.0,1.44,0,0,1920,1080,256.0,1,0,165.6321180513006,False,False,False,False,False,False,False,False,True,False,False,False,False,False,False,False,False,False,False,False,True,False,False,False,False,False,False,False,True,False,False
15.6,8.0,2.0,0,0,1920,1080,1280.0,1,1,141.21199808219862,False,True,False,False,False,False,False,False,False,False,False,False,False,False,False,False,False,False,False,False,True,False,False,False,False,False,False,False,True,False,False
15.6,4.0,2.2,1,0,1920,1080,1024.0,0,1,141.21199808219862,False,False,False,False,False,False,False,False,False,False,False,False,False,False,False,False,False,False,False,False,True,False,False,False,False,False,False,False,True,False,False
13.3,8.0,1.34,1,0,1920,1080,512.0,1,0,165.6321180513006,False,False,False,False,False,False,True,False,False,False,False,False,False,False,False,False,False,False,False,False,False,True,False,False,False,False,False,False,True,False,False
15.6,8.0,2.4,1,0,1920,1080,1280.0,1,1,141.21199808219862,False,False,False,False,False,False,False,False,True,False,False,False,False,False,False,False,False,False,True,False,False,False,False,False,False,False,False,True,False,False,False
13.3,8.0,1.29,1,1,1920,1080,128.0,1,0,165.6321180513006,False,False,False,True,False,False,False,False,False,False,False,False,False,False,False,False,False,False,False,False,False,True,False,False,False,False,False,False,True,False,False
15.6,4.0,2.2,0,0,1920,1080,500.0,0,1,141.21199808219862,False,False,False,False,False,False,False,False,False,False,False,False,False,False,False,False,False,False,False,False,True,False,False,False,False,False,False,False,True,False,False
15.6,8.0,2.18,0,0,1920,1080,1024.0,0,1,141.21199808219862,False,False,False,True,False,False,False,False,False,False,False,False,False,False,False,False,False,False,False,False,True,False,False,False,False,False,False,False,True,False,False
15.6,16.0,2.2,0,0,1920,1080,2304.0,1,1,141.21199808219862,False,False,False,True,False,False,False,False,False,False,False,False,False,False,False,False,False,False,False,False,True,False,False,False,False,False,False,False,True,False,False
15.6,16.0,1.95,1,0,1920,1080,256.0,1,0,141.21199808219862,False,False,False,False,False,False,False,False,False,False,False,False,False,False,False,False,False,True,False,False,True,False,False,False,False,False,False,True,False,False,False
11.6,2.0,1.1,0,0,1366,768,32.0,0,0,135.0942111925629,False,True,False,False,False,False,False,False,False,False,False,False,False,False,False,False,False,False,False,True,False,False,False,False,False,False,False,False,True,False,False
15.6,4.0,2.04,0,1,1366,768,1024.0,0,1,100.45466986113651,False,False,False,False,False,False,True,False,False,False,False,False,False,False,False,False,False,False,False,False,True,False,False,False,False,False,False,False,True,False,False
15.6,24.0,2.24,0,0,1920,1080,512.0,1,0,141.21199808219862,False,True,False,False,False,False,False,False,False,False,False,False,False,False,False,False,False,False,True,False,False,False,False,False,False,False,False,False,True,False,False
15.6,8.0,2.04,0,0,1920,1080,256.0,1,0,141.21199808219862,False,False,False,False,False,False,True,False,False,False,False,False,False,False,False,False,False,False,False,False,True,False,False,False,False,False,False,False,True,False,False
17.3,16.0,3.0,0,0,1920,1080,1280.0,1,1,127.33567457123111,False,True,False,False,False,False,False,False,False,False,False,False,False,False,False,False,False,False,True,False,False,False,False,False,False,False,False,False,True,False,False
15.6,8.0,3.2,1,0,1920,1080,1280.0,1,1,141.21199808219862,False,False,False,False,False,False,False,False,True,False,False,False,False,False,False,False,False,False,True,False,False,False,False,False,False,False,False,False,True,False,False
13.3,8.0,1.32,1,0,1920,1080,256.0,1,0,165.6321180513006,False,False,False,False,False,False,True,False,False,False,False,False,False,False,False,False,False,False,False,False,False,True,False,False,False,False,False,False,True,False,False
14.0,8.0,1.64,0,0,1920,1080,256.0,1,0,157.3505121487356,False,False,False,True,False,False,False,False,False,False,False,False,False,False,False,False,False,False,False,False,True,False,False,False,False,False,False,False,True,False,False
15.6,4.0,1.63,0,0,1366,768,128.0,1,0,100.45466986113651,False,False,False,False,False,False,True,False,False,False,False,False,False,False,False,False,False,False,False,False,True,False,False,False,False,False,False,False,True,False,False
17.3,8.0,2.8,1,0,1920,1080,1152.0,1,1,127.33567457123111,False,False,False,True,False,False,False,False,False,False,False,False,False,False,False,False,False,False,False,False,True,False,False,False,True,False,False,False,False,False,False
24.0,8.0,2.02,0,0,1920,1080,256.0,1,0,91.7877987534291,False,False,False,False,False,False,False,False,True,False,False,False,False,False,False,False,False,False,False,False,True,False,False,False,False,False,False,False,False,False,True
15.6,4.0,2.2,0,0,1920,1080,1024.0,0,1,141.21199808219862,False,False,False,False,False,False,False,False,True,False,False,False,False,False,False,False,False,False,False,False,True,False,False,False,False,False,False,False,True,False,False
15.6,8.0,2.2,0,0,1366,768,2048.0,0,1,100.45466986113651,False,False,False,False,False,False,False,False,True,False,False,False,False,False,False,False,False,False,False,False,True,False,False,False,False,False,False,True,False,False,False
15.6,4.0,2.3,0,0,1920,1080,500.0,0,1,141.21199808219862,False,False,False,True,False,False,False,False,False,False,False,False,False,False,False,False,False,False,False,False,True,False,False,False,False,False,False,False,True,False,False
15.6,8.0,1.9,0,0,1920,1080,256.0,1,0,141.21199808219862,False,False,False,True,False,False,False,False,False,False,False,False,False,False,False,False,False,False,False,False,True,False,False,False,False,False,False,False,True,False,False
17.3,16.0,3.575,1,0,1920,1080,1152.0,1,1,127.33567457123111,False,False,False,True,False,False,False,False,False,False,False,False,False,False,False,False,False,False,True,False,False,False,False,False,False,False,False,False,True,False,False
15.6,8.0,2.0,1,0,1920,1080,500.0,0,1,141.21199808219862,False,False,False,False,False,False,False,False,False,False,False,False,False,False,False,True,False,False,False,False,True,False,False,False,False,False,False,False,True,False,False
15.6,8.0,2.0,1,0,3840,2160,1280.0,1,1,282.42399616439724,False,True,False,False,False,False,False,False,False,False,False,False,False,False,False,False,False,False,False,False,True,False,False,False,False,False,False,False,True,False,False
13.3,4.0,1.2,1,0,1920,1080,32.0,1,0,165.6321180513006,False,False,False,False,False,False,False,False,False,False,True,False,False,False,False,False,False,False,False,False,True,False,False,False,False,False,False,False,True,False,False
15.6,8.0,2.3,1,0,1920,1080,1152.0,1,1,141.21199808219862,False,True,False,False,False,False,False,False,False,False,False,False,False,False,False,False,False,False,True,False,False,False,False,False,False,False,False,False,True,False,False
15.6,8.0,1.93,0,0,1920,1080,256.0,1,0,141.21199808219862,False,False,False,True,False,False,False,False,False,False,False,False,False,False,False,False,False,False,False,False,True,False,False,False,False,False,False,False,True,False,False
15.6,8.0,2.2,0,0,1920,1080,256.0,1,0,141.21199808219862,False,False,False,True,False,False,False,False,False,False,False,False,False,False,False,False,False,False,False,False,True,False,False,False,False,False,False,False,True,False,False
15.6,4.0,1.86,0,0,1920,1080,256.0,1,0,141.21199808219862,False,False,False,False,False,False,True,False,False,False,False,False,False,False,False,False,False,False,False,False,True,False,False,False,False,False,False,False,True,False,False
17.3,12.0,2.62,0,0,1920,1080,1024.0,0,1,127.33567457123111,False,False,False,False,False,False,True,False,False,False,False,False,False,False,False,False,False,False,True,False,False,False,False,False,False,False,False,False,True,False,False
14.0,8.0,1.87,1,0,1920,1080,256.0,1,0,157.3505121487356,False,False,False,False,False,False,False,False,True,False,False,False,False,False,False,False,False,False,False,False,True,False,False,False,False,False,False,False,True,False,False
13.3,8.0,1.2,0,1,3200,1800,256.0,1,0,276.053530085501,False,False,False,True,False,False,False,False,False,False,False,False,False,False,False,False,False,False,False,False,False,True,False,False,False,False,False,False,True,False,False
14.0,4.0,1.6,0,0,1920,1080,128.0,1,0,157.3505121487356,False,False,False,True,False,False,False,False,False,False,False,False,False,False,False,False,False,False,False,False,True,False,False,False,False,False,False,False,True,False,False
13.3,8.0,1.34,1,0,3200,1800,256.0,1,0,276.053530085501,False,False,False,False,False,False,True,False,False,False,False,False,False,False,False,False,False,False,False,False,False,True,False,False,False,False,False,False,True,False,False
15.6,8.0,2.4,0,0,1920,1080,1024.0,0,1,141.21199808219862,False,False,False,False,False,False,False,False,False,False,False,False,False,False,False,False,False,False,True,False,False,False,False,False,True,False,False,False,False,False,False
15.6,4.0,2.0,0,0,1366,768,500.0,0,1,100.45466986113651,False,True,False,False,False,False,False,False,False,False,False,False,False,False,False,False,False,False,False,False,True,False,False,False,False,False,False,False,True,False,False
15.6,4.0,2.1,0,0,1920,1080,128.0,1,0,141.21199808219862,False,False,False,False,False,False,True,False,False,False,False,False,False,False,False,False,False,False,False,False,True,False,False,False,False,False,False,False,True,False,False
14.0,4.0,1.87,0,0,1920,1080,500.0,0,1,157.3505121487356,False,False,False,False,False,False,False,False,True,False,False,False,False,False,False,False,False,False,False,False,True,False,False,False,False,False,False,False,True,False,False
15.6,4.0,2.15,0,0,1920,1080,1024.0,0,1,141.21199808219862,False,False,False,False,False,False,False,False,True,False,False,False,False,False,False,False,False,False,False,False,True,False,False,False,False,False,False,True,False,False,False
15.6,4.0,1.86,0,0,1920,1080,500.0,0,1,141.21199808219862,False,False,False,False,False,False,True,False,False,False,False,False,False,False,False,False,False,False,False,False,True,False,False,False,False,False,False,False,True,False,False
15.6,8.0,1.99,1,0,1920,1080,512.0,1,0,141.21199808219862,False,False,False,False,False,False,False,False,True,False,False,False,False,False,False,False,False,False,False,False,True,False,False,False,False,False,False,False,True,False,False
15.6,4.0,2.2,0,0,1920,1080,128.0,1,0,141.21199808219862,False,False,False,False,False,False,False,False,True,False,False,False,False,False,False,False,False,False,False,False,True,False,False,False,False,False,False,False,True,False,False
15.6,8.0,1.9,0,0,1920,1080,256.0,1,0,141.21199808219862,False,False,False,True,False,False,False,False,False,False,False,False,False,False,False,False,False,False,False,False,True,False,False,False,False,False,False,False,True,False,False
17.3,16.0,3.575,1,0,1920,1080,1280.0,1,1,127.33567457123111,False,False,False,True,False,False,False,False,False,False,False,False,False,False,False,False,False,False,True,False,False,False,False,False,False,False,False,False,True,False,False
17.3,8.0,2.65,0,0,1600,900,1024.0,0,1,106.11306214269258,False,False,False,False,False,False,True,False,False,False,False,False,False,False,False,False,False,False,False,False,True,False,False,False,False,False,False,False,True,False,False
17.3,8.0,2.63,0,0,1920,1080,1024.0,0,1,127.33567457123111,False,False,False,False,False,False,True,False,False,False,False,False,False,False,False,False,False,False,False,False,True,False,False,False,False,False,False,False,True,False,False
15.6,4.0,2.0,0,0,1366,768,500.0,0,1,100.45466986113651,False,True,False,False,False,False,False,False,False,False,False,False,False,False,False,False,False,False,False,False,True,False,False,False,True,False,False,False,False,False,False
13.3,4.0,1.35,1,0,1920,1080,32.0,0,0,165.6321180513006,False,False,False,False,False,False,False,False,False,False,True,False,False,False,False,False,False,False,False,False,True,False,False,False,False,False,False,False,True,False,False
17.3,6.0,2.8,0,0,1600,900,1152.0,1,1,106.11306214269258,False,False,False,False,False,False,False,False,True,False,False,False,False,False,False,False,False,False,False,False,True,False,False,False,False,False,False,False,True,False,False
15.6,6.0,1.91,1,0,1920,1080,128.0,1,0,141.21199808219862,False,False,False,False,False,False,True,False,False,False,False,False,False,False,False,False,False,False,False,False,True,False,False,False,False,False,False,False,True,False,False
15.6,4.0,2.18,0,0,1366,768,1024.0,0,1,100.45466986113651,False,False,False,True,False,False,False,False,False,False,False,False,False,False,False,False,False,False,False,False,True,False,False,False,False,False,False,False,True,False,False
11.6,4.0,1.25,1,1,1920,1080,32.0,0,0,189.90579052433606,False,False,False,False,False,False,False,False,False,False,False,False,False,False,False,False,False,False,False,False,False,False,False,False,False,False,False,False,True,False,False
15.6,4.0,2.05,0,0,1920,1080,128.0,1,0,141.21199808219862,False,False,False,False,False,False,False,False,True,False,False,False,False,False,False,False,False,False,False,False,True,False,False,False,False,False,False,False,True,False,False
13.3,16.0,1.16,1,1,3200,1800,512.0,1,0,276.053530085501,False,False,False,False,False,False,True,False,False,False,False,False,False,False,False,False,False,False,False,False,False,True,False,False,False,False,False,False,True,False,False
17.3,8.0,3.4,1,0,1920,1080,256.0,1,0,127.33567457123111,False,False,False,False,False,False,False,False,True,False,False,False,False,False,False,False,False,False,False,False,True,False,False,False,False,False,False,False,True,False,False
15.6,8.0,2.5,0,0,1920,1080,1152.0,1,1,141.21199808219862,False,True,False,False,False,False,False,False,False,False,False,False,False,False,False,False,False,False,False,False,True,False,False,False,False,False,False,False,True,False,False
13.3,8.0,1.21,1,1,3840,2160,128.0,1,0,331.2642361026012,False,False,False,True,False,False,False,False,False,False,False,False,False,False,False,False,False,False,False,False,False,True,False,False,False,False,False,False,True,False,False
15.6,4.0,1.93,0,0,1366,768,500.0,0,1,100.45466986113651,False,False,False,True,False,False,False,False,False,False,False,False,False,False,False,False,False,False,False,False,True,False,False,False,False,False,False,False,True,False,False
15.6,4.0,2.2,0,0,1920,1080,500.0,0,1,141.21199808219862,False,False,False,False,False,False,False,False,True,False,False,False,False,False,False,False,False,False,False,False,True,False,False,False,False,False,False,False,True,False,False
14.0,4.0,2.02,0,0,1366,768,500.0,0,1,111.93520355955211,False,False,False,False,False,False,False,False,True,False,False,False,False,False,False,False,False,False,False,False,True,False,False,False,False,False,False,False,True,False,False
17.3,8.0,3.14,0,0,1600,900,500.0,0,1,106.11306214269258,False,False,False,False,False,False,True,False,False,False,False,False,False,False,False,False,False,False,False,False,False,False,True,False,False,False,False,False,True,False,False
14.0,8.0,1.94,0,0,1366,768,2048.0,0,1,111.93520355955211,False,False,False,False,False,False,True,False,False,False,False,False,False,False,False,False,False,False,False,False,True,False,False,False,False,False,False,False,True,False,False
15.6,6.0,1.95,1,0,1920,1080,256.0,1,0,141.21199808219862,False,False,False,False,False,False,True,False,False,False,False,False,False,False,False,False,False,False,False,False,True,False,False,False,False,False,False,False,True,False,False
15.6,8.0,2.3,0,0,1920,1080,256.0,1,0,141.21199808219862,False,False,False,False,False,False,False,False,True,False,False,False,False,False,False,False,False,False,False,False,True,False,False,False,False,False,False,False,True,False,False
15.6,4.0,2.05,0,0,1920,1080,500.0,0,1,141.21199808219862,False,False,False,False,False,False,False,False,True,False,False,False,False,False,False,False,False,False,False,False,True,False,False,False,False,False,False,False,True,False,False
14.0,4.0,1.4,0,0,1920,1080,32.0,1,0,157.3505121487356,False,False,False,False,False,False,False,False,False,False,True,False,False,False,False,False,False,False,False,False,True,False,False,False,False,False,False,False,True,False,False
14.0,16.0,1.24,0,1,1920,1080,512.0,1,0,157.3505121487356,False,False,False,False,False,False,False,False,False,False,False,False,False,False,False,True,False,False,False,False,False,True,False,False,False,False,False,False,True,False,False
17.3,32.0,3.575,1,0,1920,1080,1280.0,1,1,127.33567457123111,False,False,False,False,False,False,False,False,True,False,False,False,False,False,False,False,False,False,True,False,False,False,False,False,False,False,False,False,True,False,False
17.3,16.0,3.575,0,0,1920,1080,1536.0,1,1,127.33567457123111,False,False,False,False,False,False,False,False,False,False,False,False,True,False,False,False,False,False,True,False,False,False,False,False,False,False,False,False,True,False,False
15.6,8.0,2.2,0,0,1920,1080,256.0,1,0,141.21199808219862,False,False,False,True,False,False,False,False,False,False,False,False,False,False,False,False,False,False,False,False,True,False,False,False,True,False,False,False,False,False,False
14.0,4.0,1.45,1,0,1920,1080,32.0,1,0,157.3505121487356,False,False,False,False,False,False,False,False,False,False,True,False,False,False,False,False,False,False,False,False,True,False,False,False,False,False,False,False,True,False,False
15.6,8.0,1.9,0,0,1366,768,500.0,0,1,100.45466986113651,False,False,False,True,False,False,False,False,False,False,False,False,False,False,False,False,False,False,False,False,True,False,False,False,False,False,False,False,True,False,False
13.3,4.0,1.49,0,0,1920,1080,128.0,1,0,165.6321180513006,False,False,False,False,False,False,True,False,False,False,False,False,False,False,False,False,False,False,False,False,True,False,False,False,False,False,False,False,True,False,False
15.6,16.0,1.93,0,0,1920,1080,256.0,1,0,141.21199808219862,False,False,False,True,False,False,False,False,False,False,False,False,False,False,False,False,False,False,False,False,True,False,False,False,False,False,False,False,True,False,False
11.6,4.0,1.26,0,0,1366,768,16.0,0,0,135.0942111925629,False,False,False,True,False,False,False,False,False,False,False,False,False,False,False,False,False,False,False,True,False,False,False,True,False,False,False,False,False,False,False
17.3,16.0,3.575,0,0,1920,1080,1152.0,1,1,127.33567457123111,False,False,False,False,False,False,False,False,False,False,False,False,True,False,False,False,False,False,True,False,False,False,False,False,False,False,False,False,True,False,False
17.3,16.0,3.575,1,0,1920,1080,1280.0,1,1,127.33567457123111,False,False,False,False,False,False,True,False,False,False,False,False,False,False,False,False,False,False,True,False,False,False,False,False,False,False,False,False,True,False,False
14.0,12.0,3.575,1,0,1920,1080,256.0,1,0,157.3505121487356,False,False,False,False,False,False,False,False,True,False,False,False,False,False,False,False,False,False,False,False,False,True,False,False,False,False,False,False,True,False,False
15.6,12.0,2.2,0,1,1366,768,1024.0,0,1,100.45466986113651,False,False,False,False,False,False,False,False,True,False,False,False,False,False,False,False,False,False,False,False,True,False,False,False,False,False,False,False,True,False,False
17.3,8.0,2.73,1,0,1920,1080,1152.0,1,1,127.33567457123111,False,True,False,False,False,False,False,False,False,False,False,False,False,False,False,False,False,False,True,False,False,False,False,False,False,False,False,False,True,False,False
15.6,8.0,2.2,0,1,1366,768,1024.0,0,1,100.45466986113651,False,True,False,False,False,False,False,False,False,False,False,False,False,False,False,False,False,False,False,False,False,False,False,False,False,False,False,False,True,False,False
15.6,12.0,2.2,0,0,1920,1080,512.0,1,0,141.21199808219862,False,False,False,False,False,False,False,False,True,False,False,False,False,False,False,False,False,False,False,False,True,False,False,False,False,False,False,False,True,False,False
31.6,4.0,1.39,0,1,1366,768,128.0,1,0,49.59154588081422,False,False,False,True,False,False,False,False,False,False,False,False,False,False,False,False,False,False,False,False,False,False,False,False,False,False,False,False,True,False,False
15.6,16.0,2.5,0,0,1920,1080,1152.0,1,1,141.21199808219862,False,False,False,False,False,False,False,False,False,False,False,False,False,False,True,False,False,False,False,False,True,False,False,False,False,False,False,False,True,False,False
17.3,4.0,2.8,0,0,1920,1080,500.0,0,1,127.33567457123111,False,False,False,False,False,False,False,False,True,False,False,False,False,False,False,False,False,False,False,False,True,False,False,False,False,False,False,True,False,False,False
15.6,8.0,2.29,0,0,1366,768,1024.0,0,1,100.45466986113651,False,False,False,False,False,False,False,False,True,False,False,False,False,False,False,False,False,False,False,False,True,False,False,False,False,False,False,False,True,False,False
13.3,8.0,1.37,1,1,1920,1080,512.0,1,0,165.6321180513006,False,False,False,False,False,False,False,False,True,False,False,False,False,False,False,False,False,False,False,False,False,False,False,False,False,False,False,False,True,False,False
14.0,8.0,1.7,1,0,1920,1080,256.0,1,0,157.3505121487356,False,False,False,False,False,False,False,False,True,False,False,False,False,False,False,False,False,False,False,False,True,False,False,False,False,False,False,False,True,False,False
12.5,8.0,1.34,0,1,1920,1080,256.0,1,0,176.23257360658386,False,False,False,True,False,False,False,False,False,False,False,False,False,False,False,False,False,False,False,False,False,False,False,False,False,False,False,False,True,False,False
15.6,8.0,2.06,0,1,1920,1080,256.0,1,0,141.21199808219862,False,False,False,True,False,False,False,False,False,False,False,False,False,False,False,False,False,False,False,False,False,False,True,False,False,False,False,False,True,False,False
15.6,8.0,1.84,0,0,1920,1080,256.0,1,0,141.21199808219862,False,False,False,False,False,False,True,False,False,False,False,False,False,False,False,False,False,False,False,False,True,False,False,False,False,False,False,False,True,False,False
15.6,4.0,2.1,0,0,1366,768,500.0,0,1,100.45466986113651,False,False,False,False,False,False,True,False,False,False,False,False,False,False,False,False,False,False,False,False,True,False,False,False,False,False,False,False,True,False,False
14.0,4.0,1.6,0,0,1920,1080,32.0,0,0,157.3505121487356,False,False,False,False,False,False,False,False,False,False,False,False,False,False,False,False,False,False,False,False,True,False,False,False,False,False,False,False,True,False,False
17.3,16.0,3.575,0,0,1920,1080,1152.0,1,1,127.33567457123111,False,False,False,False,False,False,False,False,False,False,False,False,True,False,False,False,False,False,True,False,False,False,False,False,False,False,False,False,True,False,False
15.6,4.0,2.18,0,0,1366,768,1024.0,0,1,100.45466986113651,False,False,False,True,False,False,False,False,False,False,False,False,False,False,False,False,False,False,False,False,True,False,False,False,True,False,False,False,False,False,False
15.6,16.0,1.8,0,0,3840,2160,2304.0,1,1,282.42399616439724,False,False,False,False,False,False,False,False,False,False,False,False,True,False,False,False,False,False,True,False,False,False,False,False,False,False,False,False,True,False,False
15.6,8.0,2.2,1,0,1920,1080,256.0,1,0,141.21199808219862,False,False,False,False,False,False,False,False,False,False,False,False,False,False,False,True,False,False,False,False,True,False,False,False,False,False,False,False,True,False,False
15.6,6.0,2.4,0,0,1920,1080,1024.0,0,1,141.21199808219862,False,False,False,False,False,False,False,False,True,False,False,False,False,False,False,False,False,False,False,False,True,False,False,False,False,False,False,False,True,False,False
15.6,8.0,2.0,1,1,1920,1080,256.0,1,0,141.21199808219862,False,False,False,False,False,False,False,False,True,False,False,False,False,False,False,False,False,False,False,False,False,False,False,False,False,False,False,False,True,False,False
14.0,4.0,1.6,0,0,1366,768,128.0,0,0,111.93520355955211,False,False,False,False,False,False,False,False,False,False,False,False,False,False,False,False,False,False,False,False,True,False,False,False,False,False,False,False,True,False,False
15.6,32.0,2.5,1,0,3840,2160,1024.0,1,0,282.42399616439724,False,False,False,False,False,False,False,False,True,False,False,False,False,False,False,False,False,False,False,False,True,False,False,False,False,False,False,False,True,False,False
15.6,16.0,2.59,0,0,1920,1080,1024.0,0,1,141.21199808219862,False,False,False,True,False,False,False,False,False,False,False,False,False,False,False,False,False,False,True,False,False,False,False,False,False,False,False,False,True,False,False
15.6,4.0,2.18,0,0,1366,768,1024.0,0,1,100.45466986113651,False,False,False,True,False,False,False,False,False,False,False,False,False,False,False,False,False,False,False,False,True,False,False,False,True,False,False,False,False,False,False
15.6,4.0,2.25,0,0,1366,768,1024.0,0,1,100.45466986113651,False,False,False,True,False,False,False,False,False,False,False,False,False,False,False,False,False,False,False,False,True,False,False,False,True,False,False,False,False,False,False
15.6,4.0,1.93,0,0,1366,768,500.0,0,1,100.45466986113651,False,False,False,True,False,False,False,False,False,False,False,False,False,False,False,False,False,False,False,False,True,False,False,False,True,False,False,False,False,False,False
17.3,8.0,3.0,0,0,1920,1080,1152.0,1,1,127.33567457123111,False,True,False,False,False,False,False,False,False,False,False,False,False,False,False,False,False,False,True,False,False,False,False,False,False,False,False,False,True,False,False
15.6,8.0,1.84,0,0,1920,1080,512.0,1,0,141.21199808219862,False,False,False,False,False,False,True,False,False,False,False,False,False,False,False,False,False,False,False,False,False,True,False,False,False,False,False,False,True,False,False
15.6,16.0,2.94,0,0,1920,1080,1280.0,1,1,141.21199808219862,False,False,False,False,False,False,False,False,False,False,False,False,True,False,False,False,False,False,True,False,False,False,False,False,False,False,False,False,True,False,False
11.6,4.0,1.25,1,1,1366,768,32.0,0,0,135.0942111925629,False,False,False,False,False,False,False,False,False,False,False,False,False,False,False,False,False,False,False,False,False,False,False,True,False,False,False,False,False,False,False
14.0,8.0,2.31,0,0,1366,768,256.0,1,0,111.93520355955211,False,False,False,False,False,False,True,False,False,False,False,False,False,False,False,False,False,False,False,False,True,False,False,False,False,False,False,False,True,False,False
14.0,8.0,1.65,0,0,1920,1080,256.0,1,0,157.3505121487356,False,False,False,False,False,False,False,False,True,False,False,False,False,False,False,False,False,False,False,False,True,False,False,False,False,False,False,False,False,False,True
15.6,4.0,2.2,0,0,1920,1080,1024.0,0,1,141.21199808219862,False,False,False,True,False,False,False,False,False,False,False,False,False,False,False,False,False,False,False,False,True,False,False,False,False,False,False,False,True,False,False
15.6,8.0,2.2,0,0,1366,768,256.0,1,0,100.45466986113651,False,False,False,False,True,False,False,False,False,False,False,False,False,False,False,False,False,False,False,False,True,False,False,False,False,False,False,False,True,False,False
15.6,4.0,1.88,0,0,1366,768,500.0,0,1,100.45466986113651,False,False,False,False,False,False,True,False,False,False,False,False,False,False,False,False,False,False,False,False,True,False,False,False,False,False,False,False,False,False,True
14.0,2.0,1.4,0,0,1920,1080,32.0,0,0,157.3505121487356,False,False,False,False,False,False,False,False,False,False,True,False,False,False,False,False,False,False,False,False,True,False,False,False,False,False,False,False,True,False,False
15.6,4.0,2.2,0,0,1920,1080,128.0,1,0,141.21199808219862,False,False,False,False,False,False,False,False,True,False,False,False,False,False,False,False,False,False,False,False,True,False,False,False,False,False,False,True,False,False,False
13.3,6.0,1.5,0,1,1920,1080,1024.0,0,1,165.6321180513006,False,True,False,False,False,False,False,False,False,False,False,False,False,False,False,False,False,False,False,False,False,False,False,False,False,False,False,False,True,False,False
14.0,16.0,3.575,0,0,1920,1080,512.0,1,0,157.3505121487356,False,True,False,False,False,False,False,False,False,False,False,False,False,False,False,False,False,False,False,False,False,True,False,False,False,False,False,False,True,False,False
15.6,16.0,2.62,0,0,1920,1080,1280.0,1,1,141.21199808219862,False,False,False,True,False,False,False,False,False,False,False,False,False,False,False,False,False,False,True,False,False,False,False,False,False,False,False,False,True,False,False
15.6,4.0,1.8,0,0,1920,1080,256.0,1,0,141.21199808219862,False,False,False,False,False,False,False,False,True,False,False,False,False,False,False,False,False,False,False,False,True,False,False,False,False,False,False,False,True,False,False
15.6,4.0,2.2,0,0,1920,1080,1024.0,0,1,141.21199808219862,False,False,False,False,False,False,False,False,True,False,False,False,False,False,False,False,False,False,False,False,True,False,False,False,False,False,False,False,True,False,False
15.6,8.0,2.0,0,0,1366,768,1024.0,0,1,100.45466986113651,False,True,False,False,False,False,False,False,False,False,False,False,False,False,False,False,False,False,False,False,True,False,False,False,False,False,False,False,True,False,False
15.6,8.0,1.99,0,0,1920,1080,1024.0,0,1,141.21199808219862,False,True,False,False,False,False,False,False,False,False,False,False,False,False,False,False,False,False,False,False,True,False,False,False,False,False,False,False,True,False,False
13.3,8.0,1.23,0,1,3200,1800,256.0,1,0,276.053530085501,False,False,False,True,False,False,False,False,False,False,False,False,False,False,False,False,False,False,False,False,False,True,False,False,False,False,False,False,True,False,False
14.0,2.0,1.42,0,0,1366,768,32.0,0,0,111.93520355955211,False,False,False,False,False,False,False,False,True,False,False,False,False,False,False,False,False,False,False,False,True,False,False,False,False,False,False,False,True,False,False
13.3,8.0,1.37,1,1,1920,1080,256.0,1,0,165.6321180513006,False,False,False,False,False,False,False,False,True,False,False,False,False,False,False,False,False,False,False,False,False,False,False,False,False,False,False,False,True,False,False
15.6,16.0,2.06,0,1,3840,2160,1024.0,1,0,282.42399616439724,False,False,False,True,False,False,False,False,False,False,False,False,False,False,False,False,False,False,False,False,True,False,False,False,False,False,False,False,True,False,False
15.6,8.0,2.5,1,0,1920,1080,1152.0,1,1,141.21199808219862,False,False,False,False,False,False,False,False,True,False,False,False,False,False,False,False,False,False,True,False,False,False,False,False,False,False,False,False,True,False,False
17.0,8.0,2.6,0,0,1600,900,1024.0,0,1,107.98564559226952,False,False,False,False,False,False,True,False,False,False,False,False,False,False,False,False,False,False,False,False,True,False,False,False,False,False,False,False,True,False,False
14.0,16.0,1.14,1,0,1920,1080,512.0,1,0,157.3505121487356,False,False,False,False,False,False,False,False,True,False,False,False,False,False,False,False,False,False,False,False,False,True,False,False,False,False,False,False,True,False,False
15.6,8.0,2.5,1,0,1920,1080,1024.0,0,1,141.21199808219862,False,True,False,False,False,False,False,False,False,False,False,False,False,False,False,False,False,False,True,False,False,False,False,False,False,False,False,True,False,False,False
15.6,4.0,2.4,0,0,1366,768,500.0,0,1,100.45466986113651,False,False,False,False,False,False,False,False,False,False,False,False,False,False,False,False,False,False,False,False,True,False,False,False,False,False,False,False,True,False,False
14.0,4.0,1.43,0,0,1366,768,32.0,0,0,111.93520355955211,False,False,False,False,False,False,False,False,True,False,False,False,False,False,False,False,False,False,False,False,True,False,False,False,False,False,False,False,True,False,False
14.0,8.0,1.8,1,0,1920,1080,256.0,1,0,157.3505121487356,False,False,False,False,False,False,False,False,False,False,False,False,False,False,False,False,False,False,False,False,False,True,False,False,False,False,False,False,True,False,False
14.0,16.0,1.95,0,0,1920,1080,256.0,1,0,157.3505121487356,False,False,False,False,False,False,False,False,False,False,False,False,False,True,False,False,False,False,True,False,False,False,False,False,False,False,False,False,True,False,False
13.3,8.0,1.2,0,0,1920,1080,256.0,1,0,165.6321180513006,False,False,False,False,False,False,False,False,False,False,False,False,False,False,False,True,False,False,False,False,True,False,False,False,False,False,False,False,True,False,False
12.5,8.0,1.36,1,0,1920,1080,256.0,1,0,176.23257360658386,False,False,False,False,False,False,False,False,True,False,False,False,False,False,False,False,False,False,False,False,False,True,False,False,False,False,False,False,True,False,False
17.3,32.0,3.575,1,0,1920,1080,512.0,1,0,127.33567457123111,False,True,False,False,False,False,False,False,False,False,False,False,False,False,False,False,False,False,True,False,False,False,False,False,False,False,False,False,True,False,False
15.6,8.0,2.4,0,0,1920,1080,1024.0,0,1,141.21199808219862,False,False,False,False,False,False,False,False,False,False,False,False,False,False,False,False,False,False,True,False,False,False,False,False,True,False,False,False,False,False,False
13.3,8.0,1.2,0,0,1920,1080,256.0,1,0,165.6321180513006,False,False,False,True,False,False,False,False,False,False,False,False,False,False,False,False,False,False,False,False,False,True,False,False,False,False,False,False,True,False,False
15.6,8.0,2.2,0,0,1920,1080,1152.0,1,1,141.21199808219862,False,False,False,False,False,False,False,False,False,False,False,False,True,False,False,False,False,False,True,False,False,False,False,False,False,False,False,False,True,False,False
15.6,4.0,1.86,0,0,1366,768,500.0,0,1,100.45466986113651,False,False,False,False,False,False,True,False,False,False,False,False,False,False,False,False,False,False,False,False,True,False,False,False,False,False,False,True,False,False,False
15.6,8.0,2.0,1,0,1920,1080,500.0,0,1,141.21199808219862,False,False,False,False,False,False,False,False,False,False,False,False,False,False,False,True,False,False,False,False,True,False,False,False,False,False,False,False,True,False,False
15.6,8.0,3.575,0,0,1920,1080,256.0,1,0,141.21199808219862,False,False,False,True,False,False,False,False,False,False,False,False,False,False,False,False,False,False,False,False,True,False,False,False,False,False,False,False,True,False,False
15.6,16.0,2.2,0,0,1920,1080,2304.0,1,1,141.21199808219862,False,False,False,True,False,False,False,False,False,False,False,False,False,False,False,False,False,False,False,False,True,False,False,False,False,False,False,False,True,False,False
15.6,8.0,3.31,1,0,1920,1080,1152.0,1,1,141.21199808219862,False,False,False,False,False,False,False,False,True,False,False,False,False,False,False,False,False,False,True,False,False,False,False,False,False,False,False,False,True,False,False
17.3,32.0,3.575,1,0,3840,2160,1536.0,1,1,254.67134914246222,False,False,False,True,False,False,False,False,False,False,False,False,False,False,False,False,False,False,True,False,False,False,False,False,False,False,False,False,True,False,False
14.0,8.0,1.56,0,0,1920,1080,256.0,1,0,157.3505121487356,False,False,False,True,False,False,False,False,False,False,False,False,False,False,False,False,False,False,False,False,True,False,False,False,False,False,False,False,True,False,False
15.6,4.0,2.2,0,0,1366,768,500.0,0,1,100.45466986113651,False,False,False,False,False,False,False,False,True,False,False,False,False,False,False,False,False,False,False,False,True,False,False,False,False,False,False,False,True,False,False
15.6,4.0,2.2,0,0,1920,1080,500.0,0,1,141.21199808219862,False,False,False,False,False,False,False,False,True,False,False,False,False,False,False,False,False,False,False,False,True,False,False,False,False,False,False,False,True,False,False
15.6,6.0,2.04,0,0,1920,1080,1024.0,0,1,141.21199808219862,False,False,False,False,False,False,True,False,False,False,False,False,False,False,False,False,False,False,False,False,True,False,False,False,False,False,False,False,True,False,False
17.3,8.0,2.7,0,0,1920,1080,1152.0,1,1,127.33567457123111,False,False,False,False,False,False,False,False,False,False,False,False,True,False,False,False,False,False,True,False,False,False,False,False,False,False,False,False,True,False,False
15.6,4.0,2.1,0,0,1366,768,128.0,1,0,100.45466986113651,False,False,False,False,False,False,False,False,False,False,False,False,False,False,False,True,False,False,False,False,True,False,False,False,False,False,False,False,True,False,False
15.6,8.0,2.1,0,0,1920,1080,1024.0,0,1,141.21199808219862,False,False,False,False,False,False,True,False,False,False,False,False,False,False,False,False,False,False,False,False,True,False,False,False,False,False,False,False,True,False,False
15.6,8.0,2.0,1,0,1920,1080,256.0,1,0,141.21199808219862,False,False,False,False,False,False,False,False,False,False,False,False,False,False,False,True,False,False,False,False,True,False,False,False,False,False,False,False,True,False,False
15.6,4.0,2.1,0,0,1366,768,128.0,1,0,100.45466986113651,False,False,False,False,False,False,False,False,False,False,False,False,False,False,False,False,False,False,False,False,True,False,False,False,True,False,False,False,False,False,False
13.5,8.0,1.252,0,1,2256,1504,256.0,1,0,200.84255993695703,False,False,False,False,False,False,False,False,False,False,False,True,False,False,False,False,False,False,False,False,False,True,False,False,False,False,False,False,False,True,False
15.6,8.0,1.9,0,0,1920,1080,1152.0,1,1,141.21199808219862,False,False,False,False,False,False,False,False,True,False,False,False,False,False,False,False,False,False,False,False,True,False,False,False,False,False,False,False,True,False,False
13.3,8.0,1.3,1,1,1920,1080,256.0,1,0,165.6321180513006,False,False,False,False,False,False,False,False,True,False,False,False,False,False,False,False,False,False,False,False,False,False,False,False,False,False,False,False,True,False,False
35.6,4.0,2.2,0,0,1366,768,128.0,1,0,44.01946207398117,False,False,False,False,False,False,False,False,True,False,False,False,False,False,False,False,False,False,False,False,True,False,False,False,False,False,False,False,True,False,False
14.0,4.0,1.63,1,1,1920,1080,128.0,1,0,157.3505121487356,False,False,False,False,False,False,True,False,False,False,False,False,False,False,False,False,False,False,False,False,False,False,False,False,False,False,False,False,True,False,False
15.6,16.0,2.4,0,0,1920,1080,1280.0,1,1,141.21199808219862,False,False,False,False,False,False,False,False,False,False,False,False,True,False,False,False,False,False,True,False,False,False,False,False,False,False,False,False,True,False,False
14.0,8.0,1.1,0,0,1920,1080,256.0,1,0,157.3505121487356,False,True,False,False,False,False,False,False,False,False,False,False,False,False,False,False,False,False,False,False,False,True,False,False,False,False,False,False,True,False,False
11.6,8.0,1.4,0,1,1366,768,64.0,0,0,135.0942111925629,False,False,False,False,False,False,True,False,False,False,False,False,False,False,False,False,False,False,False,False,False,False,False,True,False,False,False,False,False,False,False
15.6,8.0,1.09,1,0,1920,1080,512.0,1,0,141.21199808219862,False,False,False,False,False,False,False,False,False,True,False,False,False,False,False,False,False,False,False,False,False,True,False,False,False,False,False,False,True,False,False
15.6,16.0,2.5,0,0,1920,1080,256.0,1,0,141.21199808219862,False,False,False,False,False,False,False,False,False,False,False,False,False,False,False,False,False,False,True,False,False,False,False,False,False,False,False,False,True,False,False
15.6,8.0,2.2,0,0,1920,1080,256.0,1,0,141.21199808219862,False,False,False,False,False,False,False,False,False,False,False,False,True,False,False,False,False,False,True,False,False,False,False,False,False,False,False,False,True,False,False
15.6,4.0,1.86,0,0,1366,768,128.0,1,0,100.45466986113651,False,True,False,False,False,False,False,False,False,False,False,False,False,False,False,False,False,False,False,False,True,False,False,False,False,False,False,False,True,False,False
15.6,16.0,3.21,0,0,1920,1080,1152.0,1,1,141.21199808219862,False,False,False,True,False,False,False,False,False,False,False,False,False,False,False,False,False,False,True,False,False,False,False,False,False,False,False,False,True,False,False
17.3,4.0,2.5,1,0,1920,1080,256.0,1,0,127.33567457123111,False,False,False,False,False,False,True,False,False,False,False,False,False,False,False,False,False,False,False,False,True,False,False,False,False,False,False,False,True,False,False
13.3,8.0,1.19,1,1,1920,1080,512.0,1,0,165.6321180513006,False,False,False,False,False,False,False,False,True,False,False,False,False,False,False,False,False,False,False,False,False,False,False,False,False,False,False,False,True,False,False
15.6,16.0,3.49,0,0,1920,1080,1280.0,1,1,141.21199808219862,False,False,False,True,False,False,False,False,False,False,False,False,False,False,False,False,False,False,True,False,False,False,False,False,False,False,False,False,True,False,False
15.6,4.0,1.86,0,0,1366,768,500.0,0,1,100.45466986113651,False,False,False,False,False,False,True,False,False,False,False,False,False,False,False,False,False,False,False,False,True,False,False,False,False,False,False,False,True,False,False
15.6,4.0,2.2,0,0,1366,768,1024.0,0,1,100.45466986113651,False,False,False,True,False,False,False,False,False,False,False,False,False,False,False,False,False,False,False,False,True,False,False,False,False,False,False,False,True,False,False
17.3,6.0,2.65,1,0,1920,1080,2048.0,0,1,127.33567457123111,False,False,False,False,False,False,True,False,False,False,False,False,False,False,False,False,False,False,False,False,True,False,False,False,False,False,False,False,True,False,False
15.6,4.0,2.1,0,0,1366,768,500.0,0,1,100.45466986113651,False,False,False,False,False,False,False,False,True,False,False,False,False,False,False,False,False,False,False,False,True,False,False,False,False,False,False,False,True,False,False
14.0,4.0,1.45,0,0,1366,768,32.0,0,0,111.93520355955211,False,False,False,False,False,False,False,False,False,False,False,False,False,False,False,False,False,False,False,False,True,False,False,True,False,False,False,False,False,False,False
14.0,4.0,1.7,0,0,1920,1080,256.0,1,0,157.3505121487356,False,False,False,False,False,False,False,False,True,False,False,False,False,False,False,False,False,False,False,False,True,False,False,False,False,False,False,False,True,False,False
17.3,8.0,3.14,0,0,1920,1080,500.0,0,1,127.33567457123111,False,False,False,False,False,False,True,False,False,False,False,False,False,False,False,False,False,False,False,False,False,False,True,False,False,False,False,False,True,False,False
14.0,8.0,1.42,0,1,2560,1440,256.0,1,0,209.8006828649808,False,False,False,False,False,False,False,False,True,False,False,False,False,False,False,False,False,False,False,False,False,False,False,False,False,False,False,False,True,False,False
13.3,8.0,1.5,1,0,1920,1080,256.0,1,0,165.6321180513006,False,False,False,False,False,False,False,False,False,False,False,False,False,False,False,True,False,False,False,False,True,False,False,False,False,False,False,False,True,False,False
11.6,4.0,1.4,0,0,1366,768,32.0,0,0,135.0942111925629,False,False,False,False,False,False,False,False,False,False,False,False,False,False,False,False,False,False,False,True,False,False,False,False,False,False,False,False,True,False,False
14.0,16.0,1.38,0,1,1920,1080,512.0,1,0,157.3505121487356,False,False,False,False,False,False,False,False,True,False,False,False,False,False,False,False,False,False,False,False,False,False,False,False,False,False,False,False,True,False,False
12.5,4.0,1.2,0,1,1920,1080,64.0,0,0,176.23257360658386,False,True,False,False,False,False,False,False,False,False,False,False,False,False,False,False,False,False,False,False,False,False,False,True,False,False,False,False,False,False,False
13.3,16.0,1.36,0,1,1920,1080,512.0,1,0,165.6321180513006,False,False,False,False,False,False,False,False,False,False,False,False,False,False,False,True,False,False,False,False,False,True,False,False,False,False,False,False,True,False,False
15.6,8.0,2.56,0,0,1920,1080,1024.0,0,1,141.21199808219862,False,False,False,True,False,False,False,False,False,False,False,False,False,False,False,False,False,False,True,False,False,False,False,False,False,False,False,False,True,False,False
15.6,4.0,2.2,0,0,1920,1080,256.0,1,0,141.21199808219862,False,False,False,False,False,False,False,False,True,False,False,False,False,False,False,False,False,False,False,False,True,False,False,False,False,False,False,False,True,False,False
15.6,8.0,2.2,0,0,1366,768,1024.0,0,1,100.45466986113651,False,False,False,False,False,False,False,False,True,False,False,False,False,False,False,False,False,False,False,False,True,False,False,False,False,False,False,False,True,False,False
15.6,4.0,2.1,0,0,1920,1080,2048.0,0,1,141.21199808219862,False,False,False,False,False,False,False,False,True,False,False,False,False,False,False,False,False,False,False,False,True,False,False,False,False,False,False,False,True,False,False
15.6,4.0,1.9,0,0,1366,768,500.0,0,1,100.45466986113651,False,False,False,False,False,False,False,False,True,False,False,False,False,False,False,False,False,False,False,False,True,False,False,False,False,False,False,True,False,False,False
15.6,8.0,2.18,0,0,1920,1080,256.0,1,0,141.21199808219862,False,False,False,True,False,False,False,False,False,False,False,False,False,False,False,False,False,False,False,False,True,False,False,False,False,False,False,False,True,False,False
13.3,1.0,1.6,1,1,1920,1080,256.0,1,0,165.6321180513006,False,False,False,False,False,False,False,False,False,False,False,False,False,False,False,False,False,False,False,False,False,False,False,False,False,False,False,False,True,False,False
15.6,16.0,2.18,0,0,1920,1080,512.0,1,0,141.21199808219862,False,False,False,False,False,False,False,False,True,False,False,False,False,False,False,False,False,False,False,False,False,False,True,False,False,False,False,False,False,False,True
14.0,8.0,1.8,0,0,1920,1080,256.0,1,0,157.3505121487356,False,False,False,False,False,False,False,False,True,False,False,False,False,False,False,False,False,False,False,False,True,False,False,False,False,False,False,False,True,False,False
17.3,6.0,2.71,1,0,1920,1080,2048.0,0,1,127.33567457123111,False,False,False,False,False,False,True,False,False,False,False,False,False,False,False,False,False,False,False,False,True,False,False,False,False,False,False,False,True,False,False
15.6,8.0,2.5,1,0,1920,1080,1152.0,1,1,141.21199808219862,False,False,False,False,False,False,False,False,True,False,False,False,False,False,False,False,False,False,True,False,False,False,False,False,False,False,False,False,True,False,False
14.0,8.0,1.64,0,0,1920,1080,256.0,1,0,157.3505121487356,False,False,False,True,False,False,False,False,False,False,False,False,False,False,False,False,False,False,False,False,True,False,False,False,True,False,False,False,False,False,False
15.6,8.0,1.98,0,0,1920,1080,1024.0,0,1,141.21199808219862,False,False,False,True,False,False,False,False,False,False,False,False,False,False,False,False,False,False,False,False,True,False,False,False,True,False,False,False,False,False,False
14.0,4.0,1.5,0,0,1920,1080,32.0,0,0,157.3505121487356,False,True,False,False,False,False,False,False,False,False,False,False,False,False,False,False,False,False,False,False,True,False,False,False,False,False,False,False,True,False,False
15.6,16.0,1.93,0,0,1920,1080,512.0,1,0,141.21199808219862,False,False,False,True,False,False,False,False,False,False,False,False,False,False,False,False,False,False,False,False,True,False,False,False,False,False,False,False,True,False,False
14.0,8.0,1.87,1,0,1920,1080,256.0,1,0,157.3505121487356,False,False,False,False,False,False,False,False,True,False,False,False,False,False,False,False,False,False,False,False,True,False,False,False,False,False,False,False,True,False,False
15.6,8.0,1.9,0,0,1920,1080,256.0,1,0,141.21199808219862,False,False,False,True,False,False,False,False,False,False,False,False,False,False,False,False,False,False,False,False,True,False,False,False,False,False,False,False,True,False,False
15.6,4.0,2.19,0,0,1366,768,500.0,0,1,100.45466986113651,False,False,False,False,False,False,False,False,True,False,False,False,False,False,False,False,False,False,False,False,True,False,False,False,False,False,False,False,True,False,False
14.0,4.0,1.4,1,0,1920,1200,32.0,0,1,161.72539083525606,False,False,False,False,False,False,False,False,False,False,True,False,False,False,False,False,False,False,False,False,True,False,False,False,False,False,False,False,True,False,False
17.3,8.0,2.63,0,0,1920,1080,256.0,1,0,127.33567457123111,False,False,False,False,False,False,True,False,False,False,False,False,False,False,False,False,False,False,False,False,True,False,False,False,False,False,False,False,True,False,False
14.0,64.0,1.17,1,0,2560,1440,512.0,1,0,209.8006828649808,False,False,False,False,False,False,False,False,True,False,False,False,False,False,False,False,False,False,False,False,False,True,False,False,False,False,False,False,True,False,False
13.3,8.0,1.58,1,1,1366,768,256.0,1,0,117.82653006268643,False,False,False,False,False,False,True,False,False,False,False,False,False,False,False,False,False,False,False,False,False,False,False,False,False,False,False,False,True,False,False
14.0,8.0,1.32,1,0,1920,1080,256.0,1,0,157.3505121487356,False,False,False,False,False,False,False,False,True,False,False,False,False,False,False,False,False,False,False,False,False,True,False,False,False,False,False,False,True,False,False
17.3,32.0,3.575,0,0,3840,2160,2048.0,1,1,254.67134914246222,False,False,False,True,False,False,False,False,False,False,False,False,False,False,False,False,False,False,True,False,False,False,False,False,False,False,False,False,True,False,False
17.3,8.0,2.7,0,0,1920,1080,1152.0,1,1,127.33567457123111,False,False,False,False,False,False,False,False,False,False,False,False,True,False,False,False,False,False,True,False,False,False,False,False,False,False,False,False,True,False,False
15.6,4.0,1.9,0,0,1366,768,1024.0,0,1,100.45466986113651,False,False,False,False,False,False,False,False,True,False,False,False,False,False,False,False,False,False,False,False,True,False,False,False,False,False,False,True,False,False,False
13.3,4.0,1.71,0,1,1920,1080,1024.0,0,1,165.6321180513006,False,False,False,True,False,False,False,False,False,False,False,False,False,False,False,False,False,False,False,False,False,False,False,False,False,False,False,False,True,False,False
15.6,8.0,2.32,0,0,1366,768,1024.0,0,1,100.45466986113651,False,False,False,True,False,False,False,False,False,False,False,False,False,False,False,False,False,False,False,False,True,False,False,False,True,False,False,False,False,False,False
15.6,4.0,2.1,0,0,1920,1080,1024.0,0,1,141.21199808219862,False,False,False,False,False,False,True,False,False,False,False,False,False,False,False,False,False,False,False,False,True,False,False,False,False,False,False,False,True,False,False
17.3,16.0,3.575,1,0,1920,1080,1152.0,1,1,127.33567457123111,False,False,False,False,False,False,False,False,False,False,False,False,False,False,False,False,False,False,True,False,False,False,False,False,False,False,False,False,True,False,False
15.6,12.0,2.25,0,0,1366,768,1024.0,0,1,100.45466986113651,False,False,False,True,False,False,False,False,False,False,False,False,False,False,False,False,False,False,False,False,True,False,False,False,False,False,False,False,True,False,False
15.6,6.0,2.1,0,0,1920,1080,1152.0,1,1,141.21199808219862,False,False,False,False,False,False,True,False,False,False,False,False,False,False,False,False,False,False,False,False,True,False,False,False,False,False,False,False,True,False,False
15.6,4.0,2.4,0,0,1366,768,500.0,0,1,100.45466986113651,False,False,False,False,False,False,False,False,False,False,False,False,False,False,False,False,False,False,False,False,True,False,False,False,False,False,False,False,True,False,False
13.3,8.0,1.44,1,0,1920,1080,256.0,1,0,165.6321180513006,False,False,False,False,False,False,False,False,True,False,False,False,False,False,False,False,False,False,False,False,True,False,False,False,False,False,False,False,True,False,False
15.6,4.0,1.85,0,0,1920,1080,1024.0,0,1,141.21199808219862,False,False,False,False,False,False,False,False,True,False,False,False,False,False,False,False,False,False,False,False,True,False,False,False,False,False,False,False,True,False,False
15.6,16.0,2.6,0,0,1920,1080,256.0,1,0,141.21199808219862,False,False,False,False,False,False,True,False,False,False,False,False,False,False,False,False,False,False,False,False,False,False,True,False,False,False,False,False,True,False,False
13.3,8.0,1.55,0,1,1920,1080,1024.0,0,1,165.6321180513006,False,False,False,True,False,False,False,False,False,False,False,False,False,False,False,False,False,False,False,False,False,False,False,False,False,False,False,False,True,False,False
15.6,16.0,1.8,0,0,1920,1080,1280.0,1,1,141.21199808219862,False,False,False,False,False,False,False,False,False,False,False,False,True,False,False,False,False,False,True,False,False,False,False,False,False,False,False,False,True,False,False
15.6,4.0,2.4,0,0,1366,768,500.0,0,1,100.45466986113651,False,False,False,False,False,False,False,False,False,False,False,False,False,False,False,False,False,False,False,False,True,False,False,False,False,False,False,False,True,False,False
15.6,8.0,2.0,0,0,1920,1080,1152.0,1,1,141.21199808219862,False,False,False,True,False,False,False,False,False,False,False,False,False,False,False,False,False,False,False,False,True,False,False,False,False,False,False,False,True,False,False
15.6,8.0,2.0,0,0,1366,768,256.0,1,0,100.45466986113651,False,False,False,True,False,False,False,False,False,False,False,False,False,False,False,False,False,False,False,False,True,False,False,False,False,False,False,False,True,False,False
14.0,8.0,1.25,1,1,1920,1080,256.0,1,0,157.3505121487356,False,False,False,False,False,False,False,False,False,False,False,False,False,False,False,True,False,False,False,False,True,False,False,False,False,False,False,False,True,False,False
14.0,8.0,1.7,0,1,1920,1080,256.0,1,0,157.3505121487356,False,False,False,False,False,False,False,False,True,False,False,False,False,False,False,False,False,False,False,False,False,False,False,False,False,False,False,False,True,False,False
15.6,16.0,2.5,1,0,3840,2160,1024.0,1,0,282.42399616439724,False,False,False,False,False,False,False,False,True,False,False,False,False,False,False,False,False,False,False,False,False,False,True,False,False,False,False,False,True,False,False
14.0,2.0,1.68,0,0,1366,768,32.0,0,0,111.93520355955211,False,False,False,False,False,False,False,False,False,False,False,False,False,False,False,False,False,False,False,False,True,False,False,True,False,False,False,False,False,False,False
13.3,16.0,0.81,0,0,1920,1080,256.0,1,0,165.6321180513006,False,False,False,False,False,False,False,False,False,False,False,False,False,False,True,False,False,False,False,False,False,True,False,False,False,False,False,False,True,False,False
14.0,8.0,1.6,0,0,1366,768,256.0,1,0,111.93520355955211,False,False,False,True,False,False,False,False,False,False,False,False,False,False,False,False,False,False,False,False,True,False,False,False,False,False,False,False,True,False,False
17.3,16.0,3.0,1,0,1920,1080,256.0,1,0,127.33567457123111,False,False,False,False,False,False,True,False,False,False,False,False,False,False,False,False,False,False,False,False,False,False,True,False,False,False,False,False,False,False,True
11.6,4.0,1.4,0,1,1366,768,128.0,1,0,135.0942111925629,False,False,False,False,False,False,False,False,True,False,False,False,False,False,False,False,False,False,False,True,False,False,False,False,False,False,False,False,True,False,False
15.6,8.0,1.84,0,0,1920,1080,256.0,1,0,141.21199808219862,False,False,False,False,False,False,True,False,False,False,False,False,False,False,False,False,False,False,False,False,True,False,False,False,False,False,False,False,True,False,False
15.6,4.0,2.45,0,0,1366,768,1024.0,0,1,100.45466986113651,False,True,False,False,False,False,False,False,False,False,False,False,False,False,False,False,False,False,False,False,True,False,False,False,False,False,False,True,False,False,False
15.6,4.0,2.37,0,0,1366,768,256.0,1,0,100.45466986113651,False,True,False,False,False,False,False,False,False,False,False,False,False,False,False,False,False,False,False,False,True,False,False,False,False,False,False,False,True,False,False
13.3,8.0,1.3,1,1,3200,1800,256.0,1,0,276.053530085501,False,False,False,False,False,False,False,False,True,False,False,False,False,False,False,False,False,False,False,False,False,False,False,False,False,False,False,False,True,False,False
15.6,8.0,2.2,1,0,1920,1080,1152.0,1,1,141.21199808219862,False,False,False,False,False,False,True,False,False,False,False,False,False,False,False,False,False,False,False,False,True,False,False,False,False,False,False,False,True,False,False
15.6,8.0,2.59,0,0,1920,1080,256.0,1,0,141.21199808219862,False,False,False,False,False,False,True,False,False,False,False,False,False,False,False,False,False,False,False,False,False,False,True,False,False,False,False,False,False,False,True
15.6,16.0,3.575,1,0,3840,2160,1280.0,1,1,282.42399616439724,False,False,False,True,False,False,False,False,False,False,False,False,False,False,False,False,False,False,True,False,False,False,False,False,False,False,False,False,True,False,False
15.6,4.0,2.1,0,0,1366,768,256.0,1,0,100.45466986113651,False,False,False,False,False,False,False,False,False,False,False,False,False,False,False,False,False,False,False,False,True,False,False,False,False,False,False,False,True,False,False
15.6,8.0,2.5,1,0,1920,1080,1152.0,1,1,141.21199808219862,False,False,False,False,False,False,False,False,True,False,False,False,False,False,False,False,False,False,True,False,False,False,False,False,False,False,False,False,True,False,False
12.5,16.0,1.18,0,0,1920,1080,256.0,1,0,176.23257360658386,False,False,False,True,False,False,False,False,False,False,False,False,False,False,False,False,False,False,False,False,False,True,False,False,False,False,False,False,True,False,False
12.3,8.0,1.1,0,1,2400,1600,256.0,1,0,234.50740003017813,False,False,False,False,False,True,False,False,False,False,False,False,False,False,False,False,False,False,False,False,False,True,False,True,False,False,False,False,False,False,False
13.3,8.0,1.2,1,0,3200,1800,256.0,1,0,276.053530085501,False,True,False,False,False,False,False,False,False,False,False,False,False,False,False,False,False,False,False,False,False,True,False,False,False,False,False,False,True,False,False
13.3,4.0,1.65,0,0,1366,768,500.0,0,1,117.82653006268643,False,False,False,True,False,False,False,False,False,False,False,False,False,False,False,False,False,False,False,False,True,False,False,False,False,False,False,False,True,False,False
13.3,4.0,1.6,0,0,1366,768,128.0,1,0,117.82653006268643,False,False,False,False,False,False,False,False,False,False,False,False,False,False,False,False,False,False,False,False,True,False,False,False,False,False,False,False,True,False,False
17.3,4.0,2.8,0,0,1366,768,1024.0,0,1,90.58340172449303,False,True,False,False,False,False,False,False,False,False,False,False,False,False,False,False,False,False,False,False,True,False,False,False,False,False,False,False,True,False,False
15.6,16.0,2.72,1,1,3840,2160,1152.0,1,1,282.42399616439724,False,False,False,True,False,False,False,False,False,False,False,False,False,False,False,False,False,False,True,False,False,False,False,False,False,False,False,False,True,False,False
13.3,8.0,1.31,0,1,1920,1080,256.0,1,0,165.6321180513006,False,False,False,False,False,False,False,False,False,False,False,False,False,False,True,False,False,False,False,False,False,True,False,False,False,False,False,False,True,False,False
15.6,4.0,2.1,0,0,1366,768,1024.0,0,1,100.45466986113651,False,False,False,False,False,False,False,False,False,False,False,False,False,False,False,False,False,False,False,False,True,False,False,False,True,False,False,False,False,False,False
15.6,16.0,2.3,0,0,1920,1080,500.0,0,0,141.21199808219862,False,False,False,True,False,False,False,False,False,False,False,False,False,False,False,False,False,False,False,False,True,False,False,False,False,False,False,False,True,False,False
15.0,16.0,1.71,0,1,1920,1080,256.0,1,0,146.86047800548656,False,False,False,False,False,False,False,False,False,False,False,False,False,False,True,False,False,False,False,False,False,False,False,False,False,False,False,False,True,False,False
14.0,4.0,1.75,1,0,1366,768,128.0,1,0,111.93520355955211,False,False,False,False,False,False,False,False,False,False,False,False,False,False,False,True,False,False,False,False,True,False,False,False,False,False,False,False,True,False,False
15.6,8.0,2.62,0,0,1920,1080,1024.0,0,1,141.21199808219862,False,False,False,True,False,False,False,False,False,False,False,False,False,False,False,False,False,False,True,False,False,False,False,False,False,False,False,False,True,False,False
15.6,12.0,2.3,0,1,1920,1080,2048.0,0,1,141.21199808219862,False,True,False,False,False,False,False,False,False,False,False,False,False,False,False,False,False,False,False,False,False,False,False,False,False,False,False,False,True,False,False
15.6,16.0,2.5,0,0,3840,2160,512.0,1,0,282.42399616439724,False,False,False,False,False,False,False,False,True,False,False,False,False,False,False,False,False,False,False,False,True,False,False,False,False,False,False,False,False,False,True
14.0,4.0,1.8,1,0,1920,1080,128.0,1,0,157.3505121487356,False,False,False,False,False,False,False,False,False,False,False,False,False,False,False,False,False,False,False,False,True,False,False,False,False,False,False,False,True,False,False
14.0,16.0,1.95,0,0,1920,1080,512.0,1,0,157.3505121487356,False,False,False,False,False,False,False,False,False,False,False,False,False,True,False,False,False,False,True,False,False,False,False,False,False,False,False,False,True,False,False
15.6,8.0,2.0,0,0,1920,1080,128.0,1,0,141.21199808219862,False,True,False,False,False,False,False,False,False,False,False,False,False,False,False,False,False,False,False,False,True,False,False,False,False,False,False,False,True,False,False
17.3,32.0,3.575,1,0,1920,1080,2048.0,1,1,127.33567457123111,False,False,False,True,False,False,False,False,False,False,False,False,False,False,False,False,False,False,True,False,False,False,False,False,False,False,False,False,True,False,False
17.3,16.0,3.575,1,0,1920,1080,1280.0,1,1,127.33567457123111,False,True,False,False,False,False,False,False,False,False,False,False,False,False,False,False,False,False,True,False,False,False,False,False,False,False,False,False,True,False,False
14.0,16.0,1.47,1,0,1920,1080,512.0,1,0,157.3505121487356,False,False,False,False,False,False,False,False,False,False,False,False,False,False,False,True,False,False,False,False,False,True,False,False,False,False,False,False,True,False,False
15.6,8.0,2.2,0,0,1366,768,1024.0,0,1,100.45466986113651,False,False,False,False,False,False,False,False,True,False,False,False,False,False,False,False,False,False,False,False,True,False,False,False,False,False,False,True,False,False,False
14.0,16.0,1.7,0,0,1920,1080,512.0,1,0,157.3505121487356,False,False,False,False,False,False,False,False,True,False,False,False,False,False,False,False,False,False,False,False,False,True,False,False,False,False,False,False,True,False,False
14.0,16.0,1.6,1,0,1920,1080,1280.0,1,1,157.3505121487356,False,False,False,False,False,False,False,False,False,False,False,False,True,False,False,False,False,False,True,False,False,False,False,False,False,False,False,False,True,False,False
15.6,8.0,2.2,0,0,1920,1080,1152.0,1,1,141.21199808219862,False,False,False,False,False,False,False,False,False,False,False,False,True,False,False,False,False,False,True,False,False,False,False,False,False,False,False,False,True,False,False
15.6,4.0,2.4,1,0,1920,1080,1024.0,0,1,141.21199808219862,False,False,False,False,False,False,False,False,True,False,False,False,False,False,False,False,False,False,True,False,False,False,False,False,False,False,False,False,True,False,False
17.3,16.0,3.575,1,0,1920,1080,1280.0,1,1,127.33567457123111,False,False,False,False,False,False,False,False,False,False,False,False,False,False,False,False,False,False,True,False,False,False,False,False,False,False,False,False,True,False,False
15.6,8.0,2.62,0,0,1920,1080,256.0,1,0,141.21199808219862,False,False,False,True,False,False,False,False,False,False,False,False,False,False,False,False,False,False,True,False,False,False,False,False,False,False,False,False,True,False,False
15.6,8.0,2.24,0,0,1920,1080,1152.0,1,1,141.21199808219862,False,True,False,False,False,False,False,False,False,False,False,False,False,False,False,False,False,False,True,False,False,False,False,False,False,False,False,False,True,False,False
14.0,4.0,1.22,0,0,1920,1080,32.0,0,0,157.3505121487356,False,False,False,False,False,False,False,False,False,False,False,False,False,False,False,False,True,False,False,False,True,False,False,False,False,False,False,False,True,False,False
13.3,8.0,1.37,1,1,1920,1080,512.0,1,0,165.6321180513006,False,False,False,False,False,False,False,False,True,False,False,False,False,False,False,False,False,False,False,False,False,False,False,False,False,False,False,False,True,False,False
15.6,8.0,2.08,0,1,1920,1080,256.0,1,0,141.21199808219862,False,False,False,False,False,False,False,False,True,False,False,False,False,False,False,False,False,False,False,False,False,False,False,False,False,False,False,False,True,False,False
12.0,8.0,0.92,1,0,2304,1440,512.0,0,0,226.41554716935852,True,False,False,False,False,False,False,False,False,False,False,False,False,False,False,False,False,False,False,False,False,True,False,False,False,True,False,False,False,False,False
14.0,8.0,1.42,1,1,2560,1440,256.0,1,0,209.8006828649808,False,False,False,False,False,False,False,False,True,False,False,False,False,False,False,False,False,False,False,False,False,False,False,False,False,False,False,False,True,False,False
14.0,4.0,1.63,0,0,1366,768,32.0,0,0,111.93520355955211,False,True,False,False,False,False,False,False,False,False,False,False,False,False,False,False,False,False,False,False,True,False,False,False,False,False,False,False,True,False,False
15.6,8.0,1.95,0,0,1366,768,128.0,1,0,100.45466986113651,False,False,False,True,False,False,False,False,False,False,False,False,False,False,False,False,False,False,False,False,True,False,False,False,False,False,False,False,True,False,False
13.9,8.0,1.38,1,1,1920,1080,256.0,1,0,158.48253022174808,False,False,False,False,False,False,False,False,True,False,False,False,False,False,False,False,False,False,False,False,False,False,False,False,False,False,False,False,True,False,False
15.6,8.0,2.0,0,0,1920,1080,256.0,1,0,141.21199808219862,False,False,False,True,False,False,False,False,False,False,False,False,False,False,False,False,False,False,False,False,True,False,False,False,False,False,False,False,True,False,False
15.6,8.0,3.14,0,0,1920,1080,256.0,1,0,141.21199808219862,False,False,False,False,False,False,True,False,False,False,False,False,False,False,False,False,False,False,False,False,False,False,True,False,False,False,False,False,True,False,False
15.6,8.0,2.37,0,0,1920,1080,256.0,1,0,141.21199808219862,False,True,False,False,False,False,False,False,False,False,False,False,False,False,False,False,False,False,False,False,True,False,False,False,False,False,False,False,True,False,False
13.3,8.0,1.29,0,0,1920,1080,256.0,1,0,165.6321180513006,False,False,False,True,False,False,False,False,False,False,False,False,False,False,False,False,False,False,False,False,False,True,False,False,False,False,False,False,True,False,False
15.6,8.0,2.06,0,1,3840,2160,256.0,1,0,282.42399616439724,False,False,False,True,False,False,False,False,False,False,False,False,False,False,False,False,False,False,False,False,True,False,False,False,False,False,False,False,True,False,False
11.6,4.0,1.63,0,0,1366,768,128.0,1,0,135.0942111925629,False,False,False,True,False,False,False,False,False,False,False,False,False,False,False,False,False,False,False,True,False,False,False,False,False,False,False,False,True,False,False
12.5,8.0,1.26,0,0,1366,768,256.0,1,0,125.36742798669837,False,False,False,False,False,False,True,False,False,False,False,False,False,False,False,False,False,False,False,True,False,False,False,False,False,False,False,False,True,False,False
15.6,4.0,2.1,0,0,1366,768,500.0,0,1,100.45466986113651,False,False,False,False,False,False,False,False,False,False,False,False,False,False,False,True,False,False,False,False,True,False,False,False,False,False,False,False,True,False,False
15.6,8.0,2.04,0,0,1366,768,2048.0,0,1,100.45466986113651,False,False,False,False,False,False,True,False,False,False,False,False,False,False,False,False,False,False,False,False,True,False,False,False,False,False,False,False,True,False,False
15.6,16.0,2.62,0,0,3840,2160,512.0,1,0,282.42399616439724,False,False,False,True,False,False,False,False,False,False,False,False,False,False,False,False,False,False,True,False,False,False,False,False,False,False,False,False,True,False,False
15.6,4.0,2.4,0,0,1920,1080,1024.0,0,1,141.21199808219862,False,False,False,False,False,False,False,False,True,False,False,False,False,False,False,False,False,False,False,False,True,False,False,False,False,False,False,False,True,False,False
17.3,12.0,3.575,1,0,1920,1080,1024.0,0,1,127.33567457123111,False,False,False,False,False,False,True,False,False,False,False,False,False,False,False,False,False,False,True,False,False,False,False,False,False,False,False,False,True,False,False
17.3,16.0,2.9,0,0,1920,1080,1536.0,1,1,127.33567457123111,False,False,False,False,False,False,False,False,False,False,False,False,True,False,False,False,False,False,True,False,False,False,False,False,False,False,False,False,True,False,False
13.3,8.0,0.81,0,0,1920,1080,256.0,1,0,165.6321180513006,False,False,False,False,False,False,False,False,False,False,False,False,False,False,True,False,False,False,False,False,False,True,False,False,False,False,False,False,True,False,False
15.6,8.0,1.98,0,0,1920,1080,1024.0,0,1,141.21199808219862,False,False,False,True,False,False,False,False,False,False,False,False,False,False,False,False,False,False,False,False,True,False,False,False,False,False,False,False,True,False,False
15.6,8.0,2.18,0,0,1920,1080,256.0,1,0,141.21199808219862,False,False,False,True,False,False,False,False,False,False,False,False,False,False,False,False,False,False,False,False,True,False,False,False,False,False,False,False,True,False,False
14.0,8.0,1.32,0,0,1920,1080,256.0,1,0,157.3505121487356,False,False,False,False,False,False,False,False,True,False,False,False,False,False,False,False,False,False,False,False,False,True,False,False,False,False,False,False,True,False,False
12.5,16.0,1.29,1,1,3840,2160,512.0,1,0,352.4651472131677,False,False,False,False,False,False,False,False,False,False,False,False,False,True,False,False,False,False,False,False,False,True,False,False,False,False,False,False,True,False,False
11.6,4.0,1.23,0,0,1366,768,16.0,0,0,135.0942111925629,False,False,False,False,False,False,True,False,False,False,False,False,False,False,False,False,False,False,False,True,False,False,False,True,False,False,False,False,False,False,False
17.3,16.0,3.575,1,0,1920,1080,1152.0,1,1,127.33567457123111,False,False,False,True,False,False,False,False,False,False,False,False,False,False,False,False,False,False,True,False,False,False,False,False,False,False,False,False,True,False,False
14.0,4.0,1.76,0,0,1366,768,500.0,0,1,111.93520355955211,False,False,False,True,False,False,False,False,False,False,False,False,False,False,False,False,False,False,False,False,True,False,False,False,False,False,False,False,True,False,False
15.6,4.0,2.1,0,0,1366,768,500.0,0,1,100.45466986113651,False,False,False,False,False,False,False,False,True,False,False,False,False,False,False,False,False,False,False,False,True,False,False,False,False,False,False,False,True,False,False
14.0,4.0,1.25,0,0,1366,768,128.0,1,0,111.93520355955211,False,False,False,False,False,False,False,False,False,False,False,False,False,False,False,True,False,False,False,False,False,True,False,False,False,False,False,False,True,False,False
14.0,8.0,1.13,1,0,1920,1080,512.0,1,0,157.3505121487356,False,False,False,False,False,False,False,False,True,False,False,False,False,False,False,False,False,False,False,False,False,True,False,False,False,False,False,False,True,False,False
15.6,8.0,2.4,0,0,1920,1080,256.0,1,0,141.21199808219862,False,False,False,False,False,False,False,False,False,False,False,False,True,False,False,False,False,False,True,False,False,False,False,False,False,False,False,False,True,False,False
14.0,8.0,1.13,1,0,1920,1080,256.0,0,0,157.3505121487356,False,False,False,False,False,False,False,False,True,False,False,False,False,False,False,False,False,False,False,False,False,True,False,False,False,False,False,False,True,False,False
14.0,4.0,1.75,0,0,1366,768,128.0,1,0,111.93520355955211,False,False,False,False,False,False,False,False,False,False,False,False,False,False,False,True,False,False,False,False,True,False,False,False,False,False,False,False,True,False,False
13.3,8.0,1.1,0,1,1920,1080,256.0,1,0,165.6321180513006,False,True,False,False,False,False,False,False,False,False,False,False,False,False,False,False,False,False,False,False,False,False,False,False,False,False,False,False,True,False,False
14.0,4.0,1.76,0,0,1366,768,500.0,0,1,111.93520355955211,False,False,False,True,False,False,False,False,False,False,False,False,False,False,False,False,False,False,False,False,True,False,False,False,False,False,False,False,True,False,False
11.6,4.0,1.35,1,0,1366,768,32.0,0,0,135.0942111925629,False,False,False,False,False,False,False,False,False,False,False,False,False,False,False,False,False,False,False,True,False,False,False,True,False,False,False,False,False,False,False
14.0,8.0,1.5,1,0,1920,1080,128.0,1,0,157.3505121487356,False,False,False,False,False,False,False,False,False,False,False,False,False,False,False,False,False,False,False,False,True,False,False,False,False,False,False,False,True,False,False
17.3,32.0,3.49,0,1,3840,2160,512.0,1,0,254.67134914246222,False,False,False,False,False,False,False,False,False,False,False,False,False,True,False,False,False,False,True,False,False,False,False,False,False,False,False,False,True,False,False
14.0,16.0,1.1,1,0,2560,1440,512.0,1,0,209.8006828649808,False,False,False,False,False,False,False,False,True,False,False,False,False,False,False,False,False,False,False,False,False,True,False,False,False,False,False,False,True,False,False
15.6,4.0,2.1,0,0,1920,1080,1024.0,0,1,141.21199808219862,False,True,False,False,False,False,False,False,False,False,False,False,False,False,False,False,False,False,False,False,True,False,False,False,True,False,False,False,False,False,False
14.0,8.0,1.7,0,0,1920,1080,256.0,1,0,157.3505121487356,False,False,False,False,False,False,False,False,True,False,False,False,False,False,False,False,False,False,False,False,True,False,False,False,False,False,False,False,True,False,False
14.0,8.0,1.32,1,0,1920,1080,256.0,1,0,157.3505121487356,False,False,False,False,False,False,False,False,True,False,False,False,False,False,False,False,False,False,False,False,True,False,False,False,False,False,False,False,True,False,False
15.6,16.0,3.21,0,0,1920,1080,1280.0,1,1,141.21199808219862,False,False,False,True,False,False,False,False,False,False,False,False,False,False,False,False,False,False,True,False,False,False,False,False,False,False,False,False,True,False,False
17.3,16.0,2.9,0,0,1920,1080,1280.0,1,1,127.33567457123111,False,True,False,False,False,False,False,False,False,False,False,False,False,False,False,False,False,False,True,False,False,False,False,False,False,False,False,False,True,False,False
15.6,4.0,2.0,0,0,1366,768,500.0,0,1,100.45466986113651,False,False,False,False,False,False,False,False,False,False,False,False,False,False,False,True,False,False,False,False,True,False,False,False,False,False,False,False,True,False,False
14.0,4.0,1.5,0,0,1366,768,16.0,0,0,111.93520355955211,False,False,False,False,False,False,False,False,True,False,False,False,False,False,False,False,False,False,False,False,True,False,False,True,False,False,False,False,False,False,False
15.6,8.0,2.3,0,0,1920,1080,128.0,0,1,141.21199808219862,False,True,False,False,False,False,False,False,False,False,False,False,False,False,False,False,False,False,False,False,True,False,False,False,False,False,False,False,True,False,False
17.3,16.0,2.73,0,0,1920,1080,1536.0,1,1,127.33567457123111,False,True,False,False,False,False,False,False,False,False,False,False,False,False,False,False,False,False,True,False,False,False,False,False,False,False,False,False,True,False,False
17.3,32.0,3.575,1,0,1920,1080,1536.0,1,1,127.33567457123111,False,False,False,True,False,False,False,False,False,False,False,False,False,False,False,False,False,False,True,False,False,False,False,False,False,False,False,False,True,False,False
17.3,8.0,2.63,0,0,1600,900,1024.0,0,1,106.11306214269258,False,False,False,False,False,False,True,False,False,False,False,False,False,False,False,False,False,False,False,False,True,False,False,False,False,False,False,False,True,False,False
15.6,8.0,2.18,0,0,1366,768,128.0,1,0,100.45466986113651,False,False,False,True,False,False,False,False,False,False,False,False,False,False,False,False,False,False,False,False,True,False,False,False,False,False,False,False,True,False,False
14.0,8.0,1.54,0,0,1920,1080,512.0,1,0,157.3505121487356,False,False,False,False,False,False,True,False,False,False,False,False,False,False,False,False,False,False,False,False,False,True,False,False,False,False,False,False,False,False,True
15.6,4.0,2.18,0,0,1920,1080,256.0,1,0,141.21199808219862,False,False,False,True,False,False,False,False,False,False,False,False,False,False,False,False,False,False,False,False,True,False,False,False,False,False,False,False,True,False,False
11.6,4.0,1.4,0,1,1366,768,32.0,0,0,135.0942111925629,False,False,False,False,False,False,True,False,False,False,False,False,False,False,False,False,False,False,False,False,False,False,False,True,False,False,False,False,False,False,False
13.3,8.0,1.45,1,0,1920,1080,512.0,1,0,165.6321180513006,False,True,False,False,False,False,False,False,False,False,False,False,False,False,False,False,False,False,False,False,False,True,False,False,False,False,False,False,True,False,False
13.3,8.0,1.28,0,1,1920,1080,256.0,1,0,165.6321180513006,False,False,False,False,False,False,True,False,False,False,False,False,False,False,False,False,False,False,False,False,False,False,False,False,False,False,False,False,True,False,False
14.0,8.0,1.54,0,0,1920,1080,512.0,1,0,157.3505121487356,False,False,False,False,False,False,True,False,False,False,False,False,False,False,False,False,False,False,False,False,False,True,False,False,False,False,False,False,True,False,False
15.6,4.0,1.86,0,0,1366,768,128.0,1,0,100.45466986113651,False,False,False,False,False,False,True,False,False,False,False,False,False,False,False,False,False,False,False,False,True,False,False,False,False,False,False,True,False,False,False
15.6,16.0,2.1,0,0,1920,1080,1152.0,1,1,141.21199808219862,False,True,False,False,False,False,False,False,False,False,False,False,False,False,False,False,False,False,True,False,False,False,False,False,False,False,False,False,True,False,False
17.3,8.0,2.83,0,0,1920,1080,1024.0,0,1,127.33567457123111,False,False,False,True,False,False,False,False,False,False,False,False,False,False,False,False,False,False,False,False,True,False,False,False,True,False,False,False,False,False,False
14.0,8.0,1.96,1,0,1920,1080,256.0,1,0,157.3505121487356,False,False,False,False,False,False,False,False,True,False,False,False,False,False,False,False,False,False,False,False,False,True,False,False,False,False,False,False,True,False,False
15.6,8.0,2.3,1,0,1920,1080,256.0,1,0,141.21199808219862,False,True,False,False,False,False,False,False,False,False,False,False,False,False,False,False,False,False,False,False,True,False,False,False,False,False,False,False,True,False,False
15.6,8.0,1.9,0,0,1920,1080,128.0,1,0,141.21199808219862,False,False,False,True,False,False,False,False,False,False,False,False,False,False,False,False,False,False,False,False,True,False,False,False,False,False,False,False,True,False,False
15.6,4.0,2.0,0,0,1366,768,1024.0,0,1,100.45466986113651,False,True,False,False,False,False,False,False,False,False,False,False,False,False,False,False,False,False,False,False,True,False,False,False,False,False,False,False,True,False,False
13.3,8.0,1.28,0,1,1920,1080,256.0,1,0,165.6321180513006,False,False,False,False,False,False,True,False,False,False,False,False,False,False,False,False,False,False,False,False,False,False,False,False,False,False,False,False,True,False,False
13.3,8.0,1.62,0,1,1920,1080,1024.0,0,1,165.6321180513006,False,False,False,True,False,False,False,False,False,False,False,False,False,False,False,False,False,False,False,False,True,False,False,False,False,False,False,False,True,False,False
15.6,4.0,2.2,0,0,1920,1080,1024.0,0,1,141.21199808219862,False,False,False,False,False,False,False,False,True,False,False,False,False,False,False,False,False,False,False,False,True,False,False,False,False,False,False,True,False,False,False
15.6,8.0,2.3,1,0,1920,1080,1024.0,0,1,141.21199808219862,False,False,False,False,False,False,False,False,True,False,False,False,False,False,False,False,False,False,False,False,True,False,False,False,False,False,False,False,True,False,False
15.6,8.0,1.84,0,0,1920,1080,256.0,1,0,141.21199808219862,False,False,False,False,False,False,True,False,False,False,False,False,False,False,False,False,False,False,False,False,True,False,False,False,False,False,False,False,True,False,False
13.3,4.0,1.05,0,0,1920,1080,128.0,1,0,165.6321180513006,False,False,False,False,False,False,False,False,False,False,False,False,False,False,False,True,False,False,False,False,True,False,False,False,False,False,False,False,True,False,False
15.6,8.0,2.5,1,0,1920,1080,1024.0,0,1,141.21199808219862,False,False,False,False,False,False,False,False,True,False,False,False,False,False,False,False,False,False,True,False,False,False,False,False,False,False,False,True,False,False,False
13.3,16.0,1.29,0,1,3200,1800,512.0,1,0,276.053530085501,False,False,False,True,False,False,False,False,False,False,False,False,False,False,False,False,False,False,False,False,False,True,False,False,False,False,False,False,True,False,False
15.6,4.0,2.07,0,0,1920,1080,500.0,0,1,141.21199808219862,False,False,False,False,False,False,True,False,False,False,False,False,False,False,False,False,False,False,False,False,True,False,False,False,False,False,False,False,True,False,False
13.3,8.0,1.2,0,0,1366,768,256.0,1,0,117.82653006268643,False,False,False,False,False,False,False,False,False,False,False,False,False,False,False,True,False,False,False,False,False,True,False,False,False,False,False,False,True,False,False
13.3,8.0,1.37,1,1,1920,1080,256.0,1,0,165.6321180513006,False,False,False,False,False,False,False,False,True,False,False,False,False,False,False,False,False,False,False,False,False,False,False,False,False,False,False,False,True,False,False
14.0,8.0,1.56,1,0,1920,1080,256.0,1,0,157.3505121487356,False,False,False,False,False,False,False,False,False,False,False,False,False,False,False,False,False,False,False,False,True,False,False,False,False,False,False,False,True,False,False
15.6,8.0,2.23,0,0,1920,1080,1024.0,0,1,141.21199808219862,False,False,False,True,False,False,False,False,False,False,False,False,False,False,False,False,False,False,False,False,False,False,True,False,False,False,False,False,True,False,False
15.6,4.0,2.38,0,0,1366,768,500.0,0,1,100.45466986113651,False,False,False,False,False,False,False,False,True,False,False,False,False,False,False,False,False,False,False,False,True,False,False,False,False,False,False,False,True,False,False
15.6,4.0,2.2,0,0,1920,1080,1024.0,0,1,141.21199808219862,False,False,False,False,False,False,False,False,True,False,False,False,False,False,False,False,False,False,False,False,True,False,False,False,False,False,False,True,False,False,False
15.6,8.0,2.0,1,0,1920,1080,256.0,1,0,141.21199808219862,False,False,False,False,False,False,False,False,False,False,False,False,False,False,False,True,False,False,False,False,True,False,False,False,False,False,False,False,True,False,False
13.3,4.0,1.44,1,0,1920,1080,180.0,1,0,165.6321180513006,False,False,False,False,False,False,False,False,True,False,False,False,False,False,False,False,False,False,False,False,True,False,False,False,False,False,False,False,True,False,False
15.0,16.0,1.23,0,0,1920,1080,256.0,1,0,146.86047800548656,False,False,False,False,False,False,False,False,False,False,False,False,False,False,True,False,False,False,False,False,False,True,False,False,False,False,False,False,True,False,False
12.5,8.0,1.6,0,0,1920,1080,256.0,1,0,176.23257360658386,False,False,False,True,False,False,False,False,False,False,False,False,False,False,False,False,False,False,False,False,False,True,False,False,False,False,False,False,True,False,False
15.6,4.0,2.0,0,0,1366,768,1024.0,0,1,100.45466986113651,False,True,False,False,False,False,False,False,False,False,False,False,False,False,False,False,False,False,False,False,True,False,False,False,True,False,False,False,False,False,False
13.3,8.0,1.28,1,0,1920,1080,256.0,1,0,165.6321180513006,False,False,False,False,False,False,False,False,False,False,False,False,False,False,False,False,False,True,False,False,False,True,False,False,False,False,False,False,True,False,False
15.6,4.0,2.18,0,0,1920,1080,1152.0,1,1,141.21199808219862,False,False,False,True,False,False,False,False,False,False,False,False,False,False,False,False,False,False,False,False,True,False,False,False,False,False,False,False,True,False,False
15.6,4.0,2.04,0,0,1920,1080,256.0,1,0,141.21199808219862,False,False,False,False,False,False,True,False,False,False,False,False,False,False,False,False,False,False,False,False,True,False,False,False,False,False,False,False,True,False,False
13.3,4.0,1.28,0,1,1920,1080,256.0,1,0,165.6321180513006,False,False,False,False,False,False,True,False,False,False,False,False,False,False,False,False,False,False,False,False,False,False,False,False,False,False,False,False,True,False,False
15.6,4.0,2.3,0,1,1366,768,500.0,0,1,100.45466986113651,False,False,False,False,False,False,True,False,False,False,False,False,False,False,False,False,False,False,False,False,False,False,False,False,False,False,False,False,True,False,False
14.1,4.0,1.65,0,0,1366,768,32.0,0,0,111.1413368676404,False,True,False,False,False,False,False,False,False,False,False,False,False,False,False,False,False,False,False,False,True,False,False,False,False,False,False,False,True,False,False
15.6,8.0,2.2,1,0,1920,1080,1024.0,0,1,141.21199808219862,False,False,False,False,False,False,False,False,True,False,False,False,False,False,False,False,False,False,False,False,True,False,False,False,False,False,False,False,True,False,False
15.6,4.0,2.2,0,0,1366,768,500.0,0,1,100.45466986113651,False,False,False,True,False,False,False,False,False,False,False,False,False,False,False,False,False,False,False,False,True,False,False,False,False,False,False,False,True,False,False
13.3,4.0,1.28,0,1,1920,1080,256.0,1,0,165.6321180513006,False,False,False,False,False,False,True,False,False,False,False,False,False,False,False,False,False,False,False,False,False,False,False,False,False,False,False,False,True,False,False
15.6,4.0,2.18,0,0,1366,768,1024.0,0,1,100.45466986113651,False,False,False,True,False,False,False,False,False,False,False,False,False,False,False,False,False,False,False,False,True,False,False,False,True,False,False,False,False,False,False
17.3,12.0,2.2,0,0,1920,1080,1152.0,1,1,127.33567457123111,False,True,False,False,False,False,False,False,False,False,False,False,False,False,False,False,False,False,True,False,False,False,False,False,False,False,False,False,True,False,False
11.6,4.0,1.25,1,0,1366,768,32.0,0,0,135.0942111925629,False,False,False,False,False,False,False,False,False,False,False,False,False,False,False,False,False,False,False,True,False,False,False,True,False,False,False,False,False,False,False
17.3,4.0,2.8,0,0,1600,900,500.0,0,1,106.11306214269258,False,False,False,False,False,False,False,False,True,False,False,False,False,False,False,False,False,False,False,False,True,False,False,False,False,False,False,False,True,False,False
14.0,4.0,1.95,0,0,1920,1080,128.0,1,0,157.3505121487356,False,False,False,False,False,False,True,False,False,False,False,False,False,False,False,False,False,False,False,False,True,False,False,False,False,False,False,False,True,False,False
13.3,16.0,1.42,0,1,3200,1800,256.0,1,0,276.053530085501,False,False,False,False,False,False,True,False,False,False,False,False,False,False,False,False,False,False,False,False,False,False,False,False,False,False,False,False,True,False,False
15.0,8.0,1.17,0,0,1920,1080,256.0,1,0,146.86047800548656,False,False,False,False,False,False,False,False,False,False,False,False,False,False,True,False,False,False,False,False,False,True,False,False,False,False,False,False,True,False,False
14.0,8.0,1.32,1,0,1920,1080,256.0,1,0,157.3505121487356,False,False,False,False,False,False,False,False,True,False,False,False,False,False,False,False,False,False,False,False,False,True,False,False,False,False,False,False,True,False,False
17.3,16.0,2.43,1,0,3840,2160,2560.0,1,1,254.67134914246222,False,False,False,False,False,False,False,False,False,False,False,False,True,False,False,False,False,False,True,False,False,False,False,False,False,False,False,False,True,False,False
13.3,8.0,1.05,0,0,1920,1080,256.0,1,0,165.6321180513006,False,False,False,False,False,False,False,False,False,False,False,False,False,False,False,True,False,False,False,False,True,False,False,False,False,False,False,False,True,False,False
15.6,8.0,2.62,0,0,1920,1080,1024.0,0,1,141.21199808219862,False,False,False,True,False,False,False,False,False,False,False,False,False,False,False,False,False,False,True,False,False,False,False,False,True,False,False,False,False,False,False
15.6,8.0,2.04,0,0,1920,1080,1024.0,0,1,141.21199808219862,False,False,False,False,False,False,True,False,False,False,False,False,False,False,False,False,False,False,False,False,True,False,False,False,False,False,False,False,True,False,False
15.6,4.0,2.18,0,0,1366,768,1024.0,0,1,100.45466986113651,False,False,False,True,False,False,False,False,False,False,False,False,False,False,False,False,False,False,False,False,True,False,False,False,False,False,False,False,True,False,False
15.6,8.0,1.9,0,0,1920,1080,500.0,0,1,141.21199808219862,False,False,False,True,False,False,False,False,False,False,False,False,False,False,False,False,False,False,False,False,True,False,False,False,False,False,False,False,True,False,False
13.3,8.0,1.24,0,1,3200,1800,512.0,1,0,276.053530085501,False,False,False,True,False,False,False,False,False,False,False,False,False,False,False,False,False,False,False,False,False,False,False,False,False,False,False,False,True,False,False
17.3,32.0,3.575,1,0,1920,1080,512.0,1,0,127.33567457123111,False,True,False,False,False,False,False,False,False,False,False,False,False,False,False,False,False,False,True,False,False,False,False,False,False,False,False,False,True,False,False
13.3,16.0,1.22,0,1,1920,1080,256.0,1,0,165.6321180513006,False,False,False,True,False,False,False,False,False,False,False,False,False,False,False,False,False,False,False,False,False,False,False,False,False,False,False,False,True,False,False
14.0,8.0,1.13,1,0,1920,1080,256.0,0,0,157.3505121487356,False,False,False,False,False,False,False,False,True,False,False,False,False,False,False,False,False,False,False,False,False,True,False,False,False,False,False,False,True,False,False
15.6,8.0,1.95,1,0,1920,1080,512.0,1,0,141.21199808219862,False,False,False,False,False,False,False,False,True,False,False,False,False,False,False,False,False,False,False,False,True,False,False,False,False,False,False,False,True,False,False
15.6,16.0,1.08,1,1,1920,1080,512.0,1,0,141.21199808219862,False,False,False,False,False,False,False,False,False,True,False,False,False,False,False,False,False,False,False,False,False,True,False,False,False,False,False,False,True,False,False
12.5,8.0,1.26,0,0,1920,1080,512.0,1,0,176.23257360658386,False,False,False,False,False,False,True,False,False,False,False,False,False,False,False,False,False,False,False,True,False,False,False,False,False,False,False,False,True,False,False
15.6,4.0,2.2,1,0,1920,1080,16.0,0,0,141.21199808219862,False,False,False,False,False,False,False,False,False,False,False,False,False,False,False,False,False,False,False,False,True,False,False,True,False,False,False,False,False,False,False
15.6,8.0,2.6,1,0,1920,1080,1152.0,1,1,141.21199808219862,False,False,False,False,False,False,False,False,True,False,False,False,False,False,False,False,False,False,False,False,True,False,False,False,False,False,False,False,True,False,False
14.0,8.0,0.98,1,1,1920,1080,512.0,1,0,157.3505121487356,False,False,False,False,False,False,False,False,False,True,False,False,False,False,False,False,False,False,False,False,False,True,False,False,False,False,False,False,True,False,False
14.0,8.0,1.6,0,0,1920,1080,256.0,1,0,157.3505121487356,False,False,False,True,False,False,False,False,False,False,False,False,False,False,False,False,False,False,False,False,True,False,False,False,False,False,False,False,True,False,False
12.5,8.0,1.09,0,1,3840,2160,240.0,1,0,352.4651472131677,False,False,False,False,False,False,True,False,False,False,False,False,False,False,False,False,False,False,False,False,False,True,False,False,False,False,False,False,True,False,False
15.6,6.0,2.2,0,0,1920,1080,256.0,1,0,141.21199808219862,False,False,False,False,False,False,False,False,True,False,False,False,False,False,False,False,False,False,False,False,True,False,False,False,False,False,False,False,True,False,False
15.6,8.0,2.04,0,0,1920,1080,256.0,1,0,141.21199808219862,False,False,False,False,False,False,True,False,False,False,False,False,False,False,False,False,False,False,False,False,True,False,False,False,False,False,False,False,True,False,False
15.6,4.0,2.4,0,0,1920,1080,1024.0,0,1,141.21199808219862,False,False,False,False,False,False,False,False,False,False,False,False,False,False,False,False,False,False,False,False,True,False,False,False,False,False,False,False,True,False,False
13.3,4.0,1.44,0,0,1920,1080,128.0,1,0,165.6321180513006,False,False,False,False,False,False,False,False,True,False,False,False,False,False,False,False,False,False,False,False,True,False,False,False,False,False,False,False,True,False,False
13.3,8.0,1.49,0,0,1920,1080,256.0,1,0,165.6321180513006,False,False,False,False,False,False,True,False,False,False,False,False,False,False,False,False,False,False,False,False,True,False,False,False,False,False,False,False,True,False,False
17.3,16.0,2.7,0,0,1920,1080,1280.0,1,1,127.33567457123111,False,False,False,False,False,False,False,False,False,False,False,False,True,False,False,False,False,False,True,False,False,False,False,False,False,False,False,False,True,False,False
15.6,16.0,2.6,0,0,1920,1080,1152.0,1,1,141.21199808219862,False,False,False,True,False,False,False,False,False,False,False,False,False,False,False,False,False,False,True,False,False,False,False,False,False,False,False,False,True,False,False
15.6,8.0,2.2,0,0,1920,1080,1152.0,1,1,141.21199808219862,False,False,False,False,False,False,False,False,False,False,False,False,True,False,False,False,False,False,True,False,False,False,False,False,False,False,False,False,True,False,False
15.6,4.0,2.18,0,0,1366,768,1024.0,0,1,100.45466986113651,False,False,False,True,False,False,False,False,False,False,False,False,False,False,False,False,False,False,False,False,True,False,False,False,False,False,False,False,True,False,False
15.6,8.0,1.84,0,0,1920,1080,256.0,1,0,141.21199808219862,False,False,False,False,False,False,True,False,False,False,False,False,False,False,False,False,False,False,False,False,False,True,False,False,False,False,False,False,True,False,False
13.3,8.0,1.37,1,1,1920,1080,512.0,1,0,165.6321180513006,False,False,False,False,False,False,False,False,True,False,False,False,False,False,False,False,False,False,False,False,False,False,False,False,False,False,False,False,True,False,False
15.6,4.0,1.95,0,0,1366,768,500.0,0,1,100.45466986113651,False,False,False,True,False,False,False,False,False,False,False,False,False,False,False,False,False,False,False,False,True,False,False,False,False,False,False,False,True,False,False
12.5,8.0,1.36,1,0,1920,1080,256.0,1,0,176.23257360658386,False,False,False,False,False,False,False,False,True,False,False,False,False,False,False,False,False,False,False,False,False,True,False,False,False,False,False,False,True,False,False
15.6,8.0,2.31,0,0,1920,1080,256.0,1,0,141.21199808219862,False,False,False,False,False,False,True,False,False,False,False,False,False,False,False,False,False,False,False,False,True,False,False,False,False,False,False,False,True,False,False
15.6,4.0,2.18,0,0,1366,768,1024.0,0,1,100.45466986113651,False,False,False,True,False,False,False,False,False,False,False,False,False,False,False,False,False,False,False,False,True,False,False,False,False,False,False,False,True,False,False
14.0,4.0,1.95,0,0,1366,768,500.0,0,1,111.93520355955211,False,False,False,False,False,False,True,False,False,False,False,False,False,False,False,False,False,False,False,False,True,False,False,False,False,False,False,False,True,False,False
15.6,4.0,2.2,0,0,1366,768,1024.0,0,1,100.45466986113651,False,False,False,False,False,False,False,False,True,False,False,False,False,False,False,False,False,False,False,False,True,False,False,False,False,False,False,False,True,False,False
12.5,4.0,1.26,0,0,1920,1080,500.0,0,1,176.23257360658386,False,False,False,False,False,False,True,False,False,False,False,False,False,False,False,False,False,False,False,False,False,True,False,False,False,False,False,False,True,False,False
15.6,4.0,1.86,0,0,1366,768,1024.0,0,1,100.45466986113651,False,False,False,False,False,False,True,False,False,False,False,False,False,False,False,False,False,False,False,False,True,False,False,False,False,False,False,True,False,False,False
13.3,16.0,1.3,1,1,3200,1800,1024.0,1,0,276.053530085501,False,False,False,False,False,False,False,False,True,False,False,False,False,False,False,False,False,False,False,False,False,False,False,False,False,False,False,False,True,False,False
14.0,4.0,1.47,1,0,1920,1080,128.0,1,0,157.3505121487356,False,False,False,False,False,False,False,False,False,False,False,False,False,False,False,True,False,False,False,False,True,False,False,False,False,False,False,False,True,False,False
12.5,8.0,1.26,0,0,1920,1080,256.0,1,0,176.23257360658386,False,False,False,False,False,False,True,False,False,False,False,False,False,False,False,False,False,False,False,True,False,False,False,False,False,False,False,False,True,False,False
15.6,4.0,2.18,0,0,1366,768,1024.0,0,1,100.45466986113651,False,False,False,True,False,False,False,False,False,False,False,False,False,False,False,False,False,False,False,False,True,False,False,False,False,False,False,False,True,False,False
15.6,8.0,2.2,0,0,1920,1080,1152.0,1,1,141.21199808219862,False,False,False,False,False,False,False,False,False,False,False,False,True,False,False,False,False,False,True,False,False,False,False,False,False,False,False,False,True,False,False
17.3,16.0,3.575,0,0,2560,1440,1536.0,1,1,169.78089942830815,False,False,False,True,False,False,False,False,False,False,False,False,False,False,False,False,False,False,True,False,False,False,False,False,False,False,False,False,True,False,False
17.3,8.0,2.75,1,0,1920,1080,1152.0,1,1,127.33567457123111,False,False,False,False,False,False,True,False,False,False,False,False,False,False,False,False,False,False,True,False,False,False,False,False,False,False,False,False,True,False,False
17.3,4.0,2.8,0,0,1600,900,1024.0,0,1,106.11306214269258,False,True,False,False,False,False,False,False,False,False,False,False,False,False,False,False,False,False,False,False,True,False,False,False,False,False,False,False,True,False,False
15.6,4.0,2.23,0,0,1366,768,500.0,0,1,100.45466986113651,False,False,False,False,False,False,False,False,False,False,False,False,False,False,False,False,False,False,False,False,True,False,False,False,False,False,False,False,True,False,False
15.6,8.0,2.2,0,0,1366,768,256.0,1,0,100.45466986113651,False,False,False,False,False,False,False,False,False,False,False,False,False,False,False,True,False,False,False,False,True,False,False,False,False,False,False,False,True,False,False
11.3,8.0,1.1,1,1,1920,1080,256.0,1,0,194.94753717542463,False,False,False,False,False,False,False,False,True,False,False,False,False,False,False,False,False,False,False,False,False,False,False,False,False,False,False,False,True,False,False
15.6,16.0,2.5,1,0,1920,1080,1536.0,1,1,141.21199808219862,False,False,False,False,False,False,False,False,True,False,False,False,False,False,False,False,False,False,True,False,False,False,False,False,False,False,False,False,True,False,False
12.5,8.0,1.36,0,1,1920,1080,256.0,1,0,176.23257360658386,False,False,False,True,False,False,False,False,False,False,False,False,False,False,False,False,False,False,False,False,False,True,False,False,False,False,False,False,True,False,False
15.6,8.0,2.2,0,0,1920,1080,1024.0,0,1,141.21199808219862,False,False,False,False,False,False,False,False,True,False,False,False,False,False,False,False,False,False,False,False,True,False,False,False,False,False,False,True,False,False,False
17.3,4.0,2.36,0,0,1600,900,1024.0,0,1,106.11306214269258,False,False,False,True,False,False,False,False,False,False,False,False,False,False,False,False,False,False,False,False,True,False,False,False,False,False,False,False,True,False,False
14.0,4.0,1.68,0,0,1366,768,32.0,0,0,111.93520355955211,False,False,False,False,False,False,False,False,False,False,False,False,False,False,False,False,False,False,False,False,True,False,False,True,False,False,False,False,False,False,False
15.6,8.0,2.0,1,0,1920,1080,8.0,1,0,141.21199808219862,False,False,False,False,False,False,True,False,False,False,False,False,False,False,False,False,False,False,False,False,False,False,True,False,False,False,False,False,True,False,False
14.0,8.0,1.36,0,0,1920,1080,256.0,1,0,157.3505121487356,False,False,False,True,False,False,False,False,False,False,False,False,False,False,False,False,False,False,False,False,False,True,False,False,False,False,False,False,True,False,False
13.3,8.0,1.2,0,0,1920,1080,256.0,1,0,165.6321180513006,False,False,False,False,False,False,False,False,False,False,False,False,False,False,False,True,False,False,False,False,True,False,False,False,False,False,False,False,False,False,True
12.5,8.0,1.2,0,0,1920,1080,64.0,0,0,176.23257360658386,False,True,False,False,False,False,False,False,False,False,False,False,False,False,False,False,False,False,False,False,False,False,False,True,False,False,False,False,False,False,False
14.0,8.0,1.7,1,0,1920,1080,256.0,1,0,157.3505121487356,False,False,False,False,False,False,False,False,True,False,False,False,False,False,False,False,False,False,False,False,False,True,False,False,False,False,False,False,True,False,False
17.3,16.0,3.575,1,0,3840,2160,1536.0,1,1,254.67134914246222,False,False,False,True,False,False,False,False,False,False,False,False,False,False,False,False,False,False,True,False,False,False,False,False,False,False,False,False,True,False,False
13.3,8.0,1.24,0,1,1920,1080,256.0,1,0,165.6321180513006,False,False,False,True,False,False,False,False,False,False,False,False,False,False,False,False,False,False,False,False,False,False,False,False,False,False,False,False,True,False,False
11.6,4.0,1.45,0,1,1366,768,256.0,1,0,135.0942111925629,False,False,False,False,False,False,True,False,False,False,False,False,False,False,False,False,False,False,False,False,False,False,False,False,False,False,False,False,True,False,False
13.3,8.0,1.3,0,0,3200,1800,256.0,1,0,276.053530085501,False,False,False,True,False,False,False,False,False,False,False,False,False,False,False,False,False,False,False,False,False,True,False,False,False,False,False,False,True,False,False
11.6,4.0,1.25,1,1,1366,768,32.0,0,0,135.0942111925629,False,False,False,False,False,False,False,False,False,False,False,False,False,False,False,False,False,False,False,False,False,False,False,True,False,False,False,False,False,False,False
13.3,8.0,1.2,0,0,1920,1080,256.0,1,0,165.6321180513006,False,False,False,False,False,False,False,False,False,False,False,False,False,False,False,True,False,False,False,False,True,False,False,False,False,False,False,False,True,False,False
12.5,8.0,1.36,1,0,1920,1080,256.0,1,0,176.23257360658386,False,False,False,False,False,False,False,False,True,False,False,False,False,False,False,False,False,False,False,False,False,True,False,False,False,False,False,False,True,False,False
15.6,12.0,2.4,0,0,1920,1080,1152.0,1,1,141.21199808219862,False,False,False,False,False,False,False,False,False,False,False,False,False,False,False,False,False,False,False,False,True,False,False,False,False,False,False,False,True,False,False
12.5,8.0,1.1,0,1,1920,1080,512.0,1,0,176.23257360658386,False,False,False,False,False,False,False,False,False,False,False,False,False,False,False,True,False,False,False,False,False,True,False,False,False,False,False,False,True,False,False
15.6,8.0,2.04,0,0,1366,768,1024.0,0,1,100.45466986113651,False,False,False,False,False,False,True,False,False,False,False,False,False,False,False,False,False,False,False,False,True,False,False,False,False,False,False,False,True,False,False
15.6,4.0,2.25,0,0,1366,768,1024.0,0,1,100.45466986113651,False,False,False,True,False,False,False,False,False,False,False,False,False,False,False,False,False,False,False,False,True,False,False,False,True,False,False,False,False,False,False
15.6,4.0,1.9,0,0,1366,768,500.0,0,1,100.45466986113651,False,False,False,True,False,False,False,False,False,False,False,False,False,False,False,False,False,False,False,False,True,False,False,False,False,False,False,False,True,False,False
15.6,4.0,2.04,0,0,1920,1080,500.0,0,1,141.21199808219862,False,False,False,False,False,False,True,False,False,False,False,False,False,False,False,False,False,False,False,False,True,False,False,False,False,False,False,False,True,False,False
17.3,32.0,3.575,1,0,1920,1080,1280.0,1,1,127.33567457123111,False,False,False,True,False,False,False,False,False,False,False,False,False,False,False,False,False,False,True,False,False,False,False,False,False,False,False,False,True,False,False
15.6,6.0,2.4,0,0,1920,1080,256.0,1,0,141.21199808219862,False,False,False,False,False,False,False,False,True,False,False,False,False,False,False,False,False,False,False,False,True,False,False,False,False,False,False,False,True,False,False
13.3,16.0,1.22,0,1,3200,1800,512.0,1,0,276.053530085501,False,False,False,True,False,False,False,False,False,False,False,False,False,False,False,False,False,False,False,False,False,False,False,False,False,False,False,False,True,False,False
14.0,8.0,1.5,0,1,2560,1440,256.0,1,0,209.8006828649808,False,False,False,True,False,False,False,False,False,False,False,False,False,False,False,False,False,False,False,False,False,True,False,False,False,False,False,False,True,False,False
17.3,32.0,3.575,0,0,1920,1080,1280.0,1,1,127.33567457123111,False,False,False,True,False,False,False,False,False,False,False,False,False,False,False,False,False,False,True,False,False,False,False,False,False,False,False,False,True,False,False
14.0,8.0,1.95,0,0,1920,1080,256.0,1,0,157.3505121487356,False,False,False,False,False,False,False,False,False,False,False,False,False,False,False,True,False,False,False,False,True,False,False,False,False,False,False,False,True,False,False
17.3,16.0,2.73,0,0,1920,1080,1280.0,1,1,127.33567457123111,False,True,False,False,False,False,False,False,False,False,False,False,False,False,False,False,False,False,True,False,False,False,False,False,False,False,False,False,True,False,False
15.6,8.0,2.04,1,0,1920,1080,1152.0,1,1,141.21199808219862,False,False,False,False,False,False,True,False,False,False,False,False,False,False,False,False,False,False,False,False,True,False,False,False,False,False,False,False,True,False,False
14.0,4.0,1.7,0,0,1366,768,508.0,0,0,111.93520355955211,False,False,False,False,False,False,False,False,True,False,False,False,False,False,False,False,False,False,False,False,True,False,False,False,False,False,False,False,False,False,True
15.6,16.0,2.3,0,1,3840,2160,2560.0,1,1,282.42399616439724,False,True,False,False,False,False,False,False,False,False,False,False,False,False,False,False,False,False,False,False,False,False,False,False,False,False,False,False,True,False,False
17.3,16.0,2.99,0,0,1920,1080,1280.0,1,1,127.33567457123111,False,True,False,False,False,False,False,False,False,False,False,False,False,False,False,False,False,False,True,False,False,False,False,False,False,False,False,False,True,False,False
15.6,12.0,2.19,1,1,1920,1080,512.0,1,0,141.21199808219862,False,False,False,True,False,False,False,False,False,False,False,False,False,False,False,False,False,False,False,False,False,False,False,False,False,False,False,False,True,False,False
13.3,4.0,1.2,0,0,1920,1080,128.0,1,0,165.6321180513006,False,False,False,False,False,False,False,False,False,False,False,False,False,False,False,True,False,False,False,False,True,False,False,False,False,False,False,False,False,False,True
15.6,6.0,2.2,0,0,1920,1080,256.0,1,0,141.21199808219862,False,False,False,False,False,False,False,False,True,False,False,False,False,False,False,False,False,False,False,False,True,False,False,False,False,False,False,False,True,False,False
15.6,4.0,2.3,0,0,1366,768,256.0,1,0,100.45466986113651,False,False,False,False,True,False,False,False,False,False,False,False,False,False,False,False,False,False,False,False,True,False,False,False,False,False,False,False,True,False,False
14.0,4.0,1.75,0,0,1366,768,500.0,0,1,111.93520355955211,False,False,False,False,False,False,False,False,False,False,False,False,False,False,False,True,False,False,False,False,True,False,False,False,False,False,False,False,True,False,False
15.6,4.0,2.25,0,0,1366,768,500.0,0,1,100.45466986113651,False,False,False,True,False,False,False,False,False,False,False,False,False,False,False,False,False,False,False,False,True,False,False,False,False,False,False,False,True,False,False
15.6,8.0,2.04,0,0,1920,1080,1024.0,0,1,141.21199808219862,False,False,False,False,False,False,True,False,False,False,False,False,False,False,False,False,False,False,False,False,True,False,False,False,False,False,False,False,True,False,False
15.6,8.0,2.5,1,0,1920,1080,1152.0,1,1,141.21199808219862,False,False,False,False,False,False,False,False,True,False,False,False,False,False,False,False,False,False,True,False,False,False,False,False,False,False,False,False,True,False,False
15.6,8.0,2.36,0,0,1366,768,1024.0,0,1,100.45466986113651,False,False,False,True,False,False,False,False,False,False,False,False,False,False,False,False,False,False,False,False,True,False,False,False,False,False,False,False,True,False,False
14.0,8.0,1.6,0,0,1920,1080,128.0,1,0,157.3505121487356,False,False,False,True,False,False,False,False,False,False,False,False,False,False,False,False,False,False,False,False,True,False,False,False,False,False,False,False,True,False,False
12.5,8.0,0.97,0,0,1920,1080,512.0,1,0,176.23257360658386,False,False,False,False,False,False,True,False,False,False,False,False,False,False,False,False,False,False,False,True,False,False,False,False,False,False,False,False,True,False,False
15.6,4.0,2.1,0,0,1920,1080,1152.0,1,1,141.21199808219862,False,False,False,False,False,False,True,False,False,False,False,False,False,False,False,False,False,False,False,False,True,False,False,False,False,False,False,False,True,False,False
15.6,4.0,1.9,0,0,1366,768,128.0,1,0,100.45466986113651,False,False,False,False,False,False,False,False,True,False,False,False,False,False,False,False,False,False,False,False,True,False,False,False,False,False,False,True,False,False,False
15.6,8.0,2.3,0,0,1920,1080,256.0,1,0,141.21199808219862,False,False,False,False,False,False,False,False,True,False,False,False,False,False,False,False,False,False,False,False,True,False,False,False,False,False,False,False,True,False,False
13.3,8.0,1.4,0,0,3200,1800,256.0,1,0,276.053530085501,False,True,False,False,False,False,False,False,False,False,False,False,False,False,False,False,False,False,False,False,True,False,False,False,False,False,False,False,True,False,False
13.3,8.0,1.11,1,1,1920,1080,256.0,1,0,165.6321180513006,False,False,False,False,False,False,True,False,False,False,False,False,False,False,False,False,False,False,False,False,False,True,False,False,False,False,False,False,True,False,False
15.6,4.0,2.4,0,0,1366,768,500.0,0,1,100.45466986113651,False,False,False,False,False,False,False,False,False,False,False,False,False,False,False,False,False,False,False,False,True,False,False,False,False,False,False,False,True,False,False
15.6,16.0,2.5,0,0,1920,1080,1280.0,1,1,141.21199808219862,False,True,False,False,False,False,False,False,False,False,False,False,False,False,False,False,False,False,True,False,False,False,False,False,False,False,False,False,True,False,False
14.0,8.0,1.48,0,0,1920,1080,512.0,1,0,157.3505121487356,False,False,False,False,False,False,True,False,False,False,False,False,False,False,False,False,False,False,False,False,False,True,False,False,False,False,False,False,True,False,False
15.6,8.0,2.7,1,0,1920,1080,1152.0,1,1,141.21199808219862,False,False,False,False,False,False,False,False,False,False,False,False,False,False,False,False,False,False,True,False,False,False,False,False,False,False,False,False,True,False,False
13.3,8.0,1.34,1,0,1920,1080,256.0,1,0,165.6321180513006,False,False,False,False,False,False,True,False,False,False,False,False,False,False,False,False,False,False,False,False,True,False,False,False,False,False,False,False,True,False,False
15.6,4.0,2.18,0,0,1366,768,128.0,1,0,100.45466986113651,False,False,False,True,False,False,False,False,False,False,False,False,False,False,False,False,False,False,False,False,True,False,False,False,False,False,False,False,True,False,False
14.0,4.0,1.64,0,0,1366,768,500.0,0,1,111.93520355955211,False,False,False,False,False,False,True,False,False,False,False,False,False,False,False,False,False,False,False,False,True,False,False,False,False,False,False,False,True,False,False
13.3,4.0,1.2,0,0,1920,1080,128.0,1,0,165.6321180513006,False,False,False,False,False,False,False,False,False,False,False,False,False,False,False,True,False,False,False,False,True,False,False,False,False,False,False,False,True,False,False
14.0,4.0,1.48,0,0,1366,768,256.0,1,0,111.93520355955211,False,False,False,False,False,False,True,False,False,False,False,False,False,False,False,False,False,False,False,False,True,False,False,False,False,False,False,False,True,False,False
14.0,4.0,1.95,0,0,1920,1080,256.0,1,0,157.3505121487356,False,False,False,False,False,False,True,False,False,False,False,False,False,False,False,False,False,False,False,False,True,False,False,False,False,False,False,False,True,False,False
14.0,8.0,1.43,0,0,1920,1080,256.0,1,0,157.3505121487356,False,False,False,False,False,False,True,False,False,False,False,False,False,False,False,False,False,False,False,False,False,True,False,False,False,False,False,False,False,False,True
14.0,8.0,1.64,0,0,1920,1080,256.0,1,0,157.3505121487356,False,False,False,False,False,False,True,False,False,False,False,False,False,False,False,False,False,False,False,False,True,False,False,False,False,False,False,False,True,False,False
14.0,4.0,1.64,0,0,1366,768,500.0,0,1,111.93520355955211,False,False,False,False,False,False,True,False,False,False,False,False,False,False,False,False,False,False,False,False,True,False,False,False,False,False,False,False,True,False,False
15.6,8.0,2.65,0,0,1920,1080,1024.0,0,0,141.21199808219862,False,False,False,True,False,False,False,False,False,False,False,False,False,False,False,False,False,False,True,False,False,False,False,False,False,False,False,False,True,False,False
12.5,4.0,1.26,0,0,1920,1080,500.0,0,1,176.23257360658386,False,False,False,False,False,False,True,False,False,False,False,False,False,False,False,False,False,False,False,False,False,True,False,False,False,False,False,False,True,False,False
14.0,4.0,1.48,0,0,1920,1080,256.0,1,0,157.3505121487356,False,False,False,False,False,False,True,False,False,False,False,False,False,False,False,False,False,False,False,False,True,False,False,False,False,False,False,False,True,False,False
14.0,8.0,1.54,0,0,1920,1080,256.0,1,0,157.3505121487356,False,False,False,False,False,False,True,False,False,False,False,False,False,False,False,False,False,False,False,False,False,True,False,False,False,False,False,False,True,False,False
13.3,4.0,1.49,0,0,1366,768,500.0,0,1,117.82653006268643,False,False,False,False,False,False,True,False,False,False,False,False,False,False,False,False,False,False,False,False,True,False,False,False,False,False,False,False,True,False,False
13.3,8.0,1.5,0,0,1366,768,256.0,1,0,117.82653006268643,False,False,False,False,False,False,False,False,False,False,False,False,False,False,False,True,False,False,False,False,True,False,False,False,False,False,False,False,True,False,False
15.6,4.0,2.04,0,0,1366,768,256.0,1,0,100.45466986113651,False,False,False,False,False,False,True,False,False,False,False,False,False,False,False,False,False,False,False,False,True,False,False,False,False,False,False,False,True,False,False
17.3,16.0,2.4,1,0,3840,2160,512.0,1,0,254.67134914246222,False,False,False,False,False,False,False,False,True,False,False,False,False,False,False,False,False,False,False,False,True,False,False,False,False,False,False,False,False,False,True
14.0,8.0,1.47,1,0,1920,1080,256.0,1,0,157.3505121487356,False,False,False,False,False,False,False,False,False,False,False,False,False,False,False,True,False,False,False,False,True,False,False,False,False,False,False,False,True,False,False
14.0,8.0,1.43,0,0,1920,1080,256.0,1,0,157.3505121487356,False,False,False,False,False,False,True,False,False,False,False,False,False,False,False,False,False,False,False,False,True,False,False,False,False,False,False,False,True,False,False
15.6,4.0,2.08,1,1,1920,1080,1024.0,0,1,141.21199808219862,False,False,False,True,False,False,False,False,False,False,False,False,False,False,False,False,False,False,False,False,False,False,False,False,False,False,False,False,True,False,False
13.3,8.0,1.2,0,0,1920,1080,256.0,1,0,165.6321180513006,False,False,False,False,False,False,False,False,False,False,False,False,False,False,False,True,False,False,False,False,False,True,False,False,False,False,False,False,True,False,False
13.3,8.0,1.11,1,0,1920,1080,256.0,1,0,165.6321180513006,False,False,False,False,False,False,True,False,False,False,False,False,False,False,False,False,False,False,False,False,True,False,False,False,False,False,False,False,True,False,False
14.0,8.0,1.64,0,0,1920,1080,256.0,1,0,157.3505121487356,False,False,False,False,False,False,True,False,False,False,False,False,False,False,False,False,False,False,False,False,True,False,False,False,False,False,False,False,True,False,False
15.6,8.0,2.09,0,0,1920,1080,500.0,0,1,141.21199808219862,False,False,False,True,False,False,False,False,False,False,False,False,False,False,False,False,False,False,False,False,True,False,False,False,False,False,False,False,True,False,False
12.5,4.0,1.26,0,0,1366,768,256.0,1,0,125.36742798669837,False,False,False,False,False,False,True,False,False,False,False,False,False,False,False,False,False,False,False,False,False,True,False,False,False,False,False,False,True,False,False
14.0,4.0,2.31,0,0,1366,768,500.0,0,1,111.93520355955211,False,False,False,False,False,False,True,False,False,False,False,False,False,False,False,False,False,False,False,False,True,False,False,False,False,False,False,False,True,False,False
14.0,4.0,1.95,0,0,1366,768,500.0,0,1,111.93520355955211,False,False,False,False,False,False,True,False,False,False,False,False,False,False,False,False,False,False,False,False,True,False,False,False,False,False,False,False,True,False,False
13.3,8.0,1.29,0,1,3200,1800,256.0,1,0,276.053530085501,False,False,False,True,False,False,False,False,False,False,False,False,False,False,False,False,False,False,False,False,False,True,False,False,False,False,False,False,True,False,False
17.3,8.0,2.63,0,0,1920,1080,256.0,1,0,127.33567457123111,False,False,False,False,False,False,True,False,False,False,False,False,False,False,False,False,False,False,False,False,True,False,False,False,False,False,False,False,True,False,False
14.0,4.0,1.64,0,0,1366,768,256.0,1,0,111.93520355955211,False,False,False,False,False,False,True,False,False,False,False,False,False,False,False,False,False,False,False,False,True,False,False,False,False,False,False,False,True,False,False
15.6,6.0,2.1,0,0,1366,768,1024.0,0,1,100.45466986113651,False,False,False,False,False,False,False,False,False,False,False,False,False,False,False,False,False,False,False,False,True,False,False,False,False,False,False,False,True,False,False
17.3,8.0,2.7,0,0,1920,1080,1152.0,1,1,127.33567457123111,False,False,False,False,False,False,False,False,False,False,False,False,True,False,False,False,False,False,True,False,False,False,False,False,False,False,False,False,True,False,False
14.0,8.0,1.95,0,0,1920,1080,256.0,1,0,157.3505121487356,False,False,False,False,False,False,True,False,False,False,False,False,False,False,False,False,False,False,False,False,True,False,False,False,False,False,False,False,False,False,True
15.6,8.0,1.84,0,0,1920,1080,256.0,1,0,141.21199808219862,False,False,False,False,False,False,True,False,False,False,False,False,False,False,False,False,False,False,False,False,True,False,False,False,False,False,False,False,True,False,False
12.5,8.0,1.26,0,0,1920,1080,256.0,1,0,176.23257360658386,False,False,False,False,False,False,True,False,False,False,False,False,False,False,False,False,False,False,False,False,False,True,False,False,False,False,False,False,True,False,False
15.6,4.0,2.04,0,0,1366,768,500.0,0,1,100.45466986113651,False,False,False,False,False,False,True,False,False,False,False,False,False,False,False,False,False,False,False,False,True,False,False,False,False,False,False,False,True,False,False
14.0,8.0,1.47,1,0,1920,1080,256.0,1,0,157.3505121487356,False,False,False,False,False,False,False,False,False,False,False,False,False,False,False,True,False,False,False,False,False,True,False,False,False,False,False,False,True,False,False
15.6,8.0,2.09,0,0,1920,1080,256.0,1,0,141.21199808219862,False,False,False,True,False,False,False,False,False,False,False,False,False,False,False,False,False,False,False,False,True,False,False,False,False,False,False,False,False,False,True
14.0,8.0,1.64,0,0,1920,1080,256.0,1,0,157.3505121487356,False,False,False,False,False,False,True,False,False,False,False,False,False,False,False,False,False,False,False,False,True,False,False,False,False,False,False,False,True,False,False
15.6,4.0,1.8,1,1,1920,1080,256.0,1,0,141.21199808219862,False,False,False,False,False,False,False,False,True,False,False,False,False,False,False,False,False,False,False,False,False,False,False,False,False,False,False,False,True,False,False
14.0,2.0,1.45,0,0,1366,768,32.0,0,0,111.93520355955211,False,False,False,False,False,False,False,False,False,False,False,False,False,False,False,False,True,False,False,False,True,False,False,False,False,False,False,False,True,False,False
15.6,16.0,2.4,1,0,1920,1080,256.0,1,0,141.21199808219862,False,False,False,False,False,False,False,False,False,False,False,False,False,False,False,True,False,False,False,False,True,False,False,False,False,False,False,False,True,False,False
15.6,8.0,2.3,0,0,1920,1080,256.0,1,0,141.21199808219862,False,False,False,False,False,False,False,False,True,False,False,False,False,False,False,False,False,False,False,False,True,False,False,False,False,False,False,False,True,False,False
14.0,4.0,1.54,0,0,1920,1080,500.0,0,1,157.3505121487356,False,False,False,False,False,False,True,False,False,False,False,False,False,False,False,False,False,False,False,False,True,False,False,False,False,False,False,False,True,False,False
15.6,8.0,1.84,0,0,1920,1080,756.0,1,1,141.21199808219862,False,False,False,False,False,False,True,False,False,False,False,False,False,False,False,False,False,False,False,False,True,False,False,False,False,False,False,False,True,False,False
14.0,8.0,1.43,0,0,1920,1080,256.0,1,0,157.3505121487356,False,False,False,False,False,False,True,False,False,False,False,False,False,False,False,False,False,False,False,False,True,False,False,False,False,False,False,False,False,False,True
17.3,16.0,3.575,1,0,1920,1080,1280.0,1,1,127.33567457123111,False,False,False,False,False,False,False,False,False,False,False,False,True,False,False,False,False,False,True,False,False,False,False,False,False,False,False,False,True,False,False
17.3,16.0,3.575,1,0,1920,1080,1152.0,1,1,127.33567457123111,False,False,False,False,False,False,False,False,True,False,False,False,False,False,False,False,False,False,True,False,False,False,False,False,False,False,False,False,True,False,False
11.6,4.0,1.2,0,0,1366,768,16.0,0,0,135.0942111925629,False,True,False,False,False,False,False,False,False,False,False,False,False,False,False,False,False,False,False,True,False,False,False,True,False,False,False,False,False,False,False
14.0,16.0,1.1,1,0,2560,1440,256.0,1,0,209.8006828649808,False,False,False,False,False,False,False,False,True,False,False,False,False,False,False,False,False,False,False,False,True,False,False,False,False,False,False,False,False,False,True
15.6,8.0,1.91,1,0,1920,1080,1024.0,0,1,141.21199808219862,False,False,False,False,False,False,True,False,False,False,False,False,False,False,False,False,False,False,False,False,True,False,False,False,False,False,False,False,True,False,False
15.6,8.0,2.3,1,1,1920,1080,256.0,1,0,141.21199808219862,False,False,False,True,False,False,False,False,False,False,False,False,False,False,False,False,False,False,False,False,False,False,False,False,False,False,False,False,True,False,False
15.6,4.0,2.04,0,0,1366,768,256.0,1,0,100.45466986113651,False,False,False,False,False,False,True,False,False,False,False,False,False,False,False,False,False,False,False,False,True,False,False,False,False,False,False,False,True,False,False
13.3,16.0,1.2,0,1,3200,1800,1024.0,1,0,276.053530085501,False,False,False,True,False,False,False,False,False,False,False,False,False,False,False,False,False,False,False,False,False,True,False,False,False,False,False,False,True,False,False
15.6,4.0,2.31,0,0,1366,768,500.0,0,1,100.45466986113651,False,False,False,False,False,False,True,False,False,False,False,False,False,False,False,False,False,False,False,False,True,False,False,False,False,False,False,False,True,False,False
15.6,4.0,1.96,0,0,1366,768,500.0,0,1,100.45466986113651,False,False,False,False,False,False,True,False,False,False,False,False,False,False,False,False,False,False,False,False,True,False,False,False,False,False,False,True,False,False,False
15.6,8.0,2.4,0,0,1366,768,1024.0,0,1,100.45466986113651,False,False,False,False,False,False,False,False,False,False,False,False,False,False,False,False,False,False,False,False,True,False,False,False,False,False,False,False,True,False,False
13.3,12.0,1.6,1,1,1920,1080,256.0,1,0,165.6321180513006,False,False,False,True,False,False,False,False,False,False,False,False,False,False,False,False,False,False,False,False,False,False,False,False,False,False,False,False,True,False,False
15.6,16.0,2.94,0,0,1920,1080,1280.0,1,1,141.21199808219862,False,False,False,False,False,False,False,False,False,False,False,False,True,False,False,False,False,False,True,False,False,False,False,False,False,False,False,False,True,False,False
17.3,16.0,3.575,1,0,1920,1080,1024.0,0,1,127.33567457123111,False,True,False,False,False,False,False,False,False,False,False,False,False,False,False,False,False,False,True,False,False,False,False,False,False,False,False,True,False,False,False
15.6,4.0,2.25,0,0,1920,1080,1024.0,0,1,141.21199808219862,False,False,False,True,False,False,False,False,False,False,False,False,False,False,False,False,False,False,False,False,True,False,False,False,False,False,False,False,True,False,False
15.6,16.0,2.32,0,0,1920,1080,2048.0,0,1,141.21199808219862,False,False,False,True,False,False,False,False,False,False,False,False,False,False,False,False,False,False,False,False,True,False,False,False,False,False,False,False,True,False,False
15.6,16.0,1.8,0,0,1920,1080,1280.0,1,1,141.21199808219862,False,False,False,False,False,False,False,False,False,False,False,False,True,False,False,False,False,False,True,False,False,False,False,False,False,False,False,False,True,False,False
13.3,8.0,1.29,0,0,1920,1080,256.0,1,0,165.6321180513006,False,False,False,True,False,False,False,False,False,False,False,False,False,False,False,False,False,False,False,False,False,True,False,False,False,False,False,False,True,False,False
17.3,64.0,3.575,1,0,1920,1080,1024.0,1,0,127.33567457123111,False,True,False,False,False,False,False,False,False,False,False,False,False,False,False,False,False,False,True,False,False,False,False,False,False,False,False,False,True,False,False
13.3,8.0,1.62,0,1,1920,1080,256.0,1,0,165.6321180513006,False,False,False,True,False,False,False,False,False,False,False,False,False,False,False,False,False,False,False,False,False,False,False,False,False,False,False,False,True,False,False
15.6,16.0,3.21,0,0,3840,2160,1280.0,1,1,282.42399616439724,False,False,False,True,False,False,False,False,False,False,False,False,False,False,False,False,False,False,True,False,False,False,False,False,False,False,False,False,True,False,False
12.0,8.0,0.92,1,0,2304,1440,256.0,0,0,226.41554716935852,True,False,False,False,False,False,False,False,False,False,False,False,False,False,False,False,False,False,False,False,False,True,False,False,False,True,False,False,False,False,False
15.6,4.0,2.06,0,0,1366,768,500.0,0,1,100.45466986113651,False,False,False,True,False,False,False,False,False,False,False,False,False,False,False,False,False,False,False,False,True,False,False,False,False,False,False,False,True,False,False
15.6,4.0,2.31,0,0,1366,768,500.0,0,1,100.45466986113651,False,False,False,False,False,False,True,False,False,False,False,False,False,False,False,False,False,False,False,False,True,False,False,False,False,False,False,False,True,False,False
12.5,8.0,1.26,0,0,1920,1080,256.0,1,0,176.23257360658386,False,False,False,False,False,False,True,False,False,False,False,False,False,False,False,False,False,False,False,False,False,True,False,False,False,False,False,False,False,False,True
13.3,8.0,1.49,0,0,1920,1080,256.0,1,0,165.6321180513006,False,False,False,False,False,False,True,False,False,False,False,False,False,False,False,False,False,False,False,False,True,False,False,False,False,False,False,False,True,False,False
12.5,8.0,1.3,1,1,1920,1080,256.0,1,0,176.23257360658386,False,False,False,False,False,False,False,False,True,False,False,False,False,False,False,False,False,False,False,False,False,True,False,False,False,False,False,False,True,False,False
17.3,8.0,3.0,0,0,1600,900,1024.0,0,1,106.11306214269258,False,False,False,False,False,False,False,False,True,False,False,False,False,False,False,False,False,False,False,False,True,False,False,False,False,False,False,False,True,False,False
15.6,4.0,2.3,1,0,1920,1080,1024.0,0,1,141.21199808219862,False,False,False,False,False,False,False,False,True,False,False,False,False,False,False,False,False,False,False,False,True,False,False,False,False,False,False,False,True,False,False
17.3,16.0,3.575,0,0,1920,1080,1280.0,1,1,127.33567457123111,False,False,False,False,False,False,False,False,False,False,False,False,True,False,False,False,False,False,True,False,False,False,False,False,False,False,False,False,True,False,False
15.6,4.0,2.1,0,0,1366,768,500.0,0,1,100.45466986113651,False,False,False,False,False,False,False,False,True,False,False,False,False,False,False,False,False,False,False,False,True,False,False,False,False,False,False,False,True,False,False
15.6,4.0,2.31,0,0,1920,1080,500.0,0,1,141.21199808219862,False,False,False,False,False,False,True,False,False,False,False,False,False,False,False,False,False,False,False,False,True,False,False,False,False,False,False,False,False,False,True
12.5,8.0,0.99,1,1,2560,1440,512.0,1,0,234.9767648087785,False,False,False,False,False,False,False,False,True,False,False,False,False,False,False,False,False,False,False,False,False,True,False,False,False,False,False,False,True,False,False
17.3,32.0,3.575,1,0,1920,1080,1536.0,1,0,127.33567457123111,False,False,False,False,False,False,False,False,True,False,False,False,False,False,False,False,False,False,True,False,False,False,False,False,False,False,False,False,True,False,False
10.1,4.0,0.69,1,1,1920,1200,64.0,0,0,224.17380907857276,False,False,False,False,False,False,False,False,True,False,False,False,False,False,False,False,False,False,False,False,False,False,False,False,False,False,False,False,True,False,False
13.3,16.0,1.3,1,0,3840,2160,512.0,1,0,331.2642361026012,False,False,False,False,False,False,True,False,False,False,False,False,False,False,False,False,False,False,False,False,False,True,False,False,False,False,False,False,True,False,False
15.6,8.0,2.18,0,0,1920,1080,256.0,1,0,141.21199808219862,False,False,False,True,False,False,False,False,False,False,False,False,False,False,False,False,False,False,False,False,True,False,False,False,False,False,False,False,True,False,False
14.0,4.0,1.54,0,0,1920,1080,500.0,0,1,157.3505121487356,False,False,False,False,False,False,True,False,False,False,False,False,False,False,False,False,False,False,False,False,True,False,False,False,False,False,False,False,False,False,True
15.6,8.0,1.9,0,0,1920,1080,256.0,1,0,141.21199808219862,False,False,False,False,False,False,True,False,False,False,False,False,False,False,False,False,False,False,False,False,False,False,True,False,False,False,False,False,False,False,True
14.0,8.0,1.7,0,0,1920,1080,180.0,1,0,157.3505121487356,False,False,False,False,False,False,False,False,True,False,False,False,False,False,False,False,False,False,False,False,True,False,False,False,False,False,False,False,False,False,True
13.3,4.0,1.29,0,0,3200,1800,32.0,0,0,276.053530085501,False,False,False,False,False,False,True,False,False,False,False,False,False,False,False,False,False,False,False,False,True,False,False,True,False,False,False,False,False,False,False
15.6,4.0,2.4,0,0,1366,768,500.0,0,1,100.45466986113651,False,False,False,False,False,False,False,False,False,False,False,False,False,False,False,False,False,False,False,False,True,False,False,False,False,False,False,False,True,False,False
15.6,4.0,2.2,0,0,1366,768,500.0,0,1,100.45466986113651,False,False,False,True,False,False,False,False,False,False,False,False,False,False,False,False,False,False,False,False,True,False,False,False,True,False,False,False,False,False,False
15.6,4.0,1.86,0,0,1366,768,1024.0,0,1,100.45466986113651,False,False,False,False,False,False,True,False,False,False,False,False,False,False,False,False,False,False,False,False,True,False,False,False,False,False,False,True,False,False,False
17.3,8.0,2.7,1,0,1920,1080,1280.0,1,1,127.33567457123111,False,True,False,False,False,False,False,False,False,False,False,False,False,False,False,False,False,False,True,False,False,False,False,False,False,False,False,False,True,False,False
13.3,4.0,1.4,1,0,1920,1080,256.0,1,0,165.6321180513006,False,False,False,True,False,False,False,False,False,False,False,False,False,False,False,False,False,False,False,False,False,True,False,False,False,False,False,False,True,False,False
12.5,4.0,2.4,0,0,1366,768,128.0,1,0,125.36742798669837,False,False,False,False,False,False,True,False,False,False,False,False,False,False,False,False,False,False,False,True,False,False,False,False,False,False,False,False,False,False,True
15.6,8.0,2.4,0,0,1920,1080,1280.0,1,1,141.21199808219862,False,False,False,False,False,False,False,False,False,False,False,False,False,False,False,False,False,False,False,False,True,False,False,False,False,False,False,False,True,False,False
15.6,8.0,2.36,0,0,1920,1080,1024.0,0,1,141.21199808219862,False,False,False,True,False,False,False,False,False,False,False,False,False,False,False,False,False,False,False,False,True,False,False,False,False,False,False,False,True,False,False
17.3,8.0,2.6,0,0,1920,1080,256.0,1,0,127.33567457123111,False,False,False,False,False,False,False,False,False,False,False,False,True,False,False,False,False,False,True,False,False,False,False,False,False,False,False,False,True,False,False
15.6,4.0,1.96,0,0,1366,768,1024.0,0,1,100.45466986113651,False,False,False,False,False,False,True,False,False,False,False,False,False,False,False,False,False,False,False,False,True,False,False,False,False,False,False,False,True,False,False
17.3,16.0,3.575,1,0,1920,1080,1152.0,1,1,127.33567457123111,False,True,False,False,False,False,False,False,False,False,False,False,False,False,False,False,False,False,True,False,False,False,False,False,False,False,False,False,True,False,False
12.5,4.0,1.5,0,0,1366,768,500.0,0,1,125.36742798669837,False,False,False,True,False,False,False,False,False,False,False,False,False,False,False,False,False,False,False,False,False,True,False,False,False,False,False,False,False,False,True
12.5,4.0,1.5,0,0,1366,768,128.0,1,0,125.36742798669837,False,False,False,True,False,False,False,False,False,False,False,False,False,False,False,False,False,False,False,False,False,True,False,False,False,False,False,False,False,False,True
15.6,4.0,2.2,0,0,1366,768,16.0,1,0,100.45466986113651,False,False,False,False,False,False,False,False,False,False,False,False,False,False,False,False,False,False,False,False,True,False,False,True,False,False,False,False,False,False,False
17.3,8.0,3.0,1,0,1920,1080,1024.0,0,1,127.33567457123111,False,False,False,False,False,False,True,False,False,False,False,False,False,False,False,False,False,False,False,False,False,False,True,False,False,False,False,False,False,False,True
15.6,16.0,2.4,0,0,1920,1080,512.0,1,0,141.21199808219862,False,False,False,False,False,False,False,False,True,False,False,False,False,False,False,False,False,False,True,False,False,False,False,False,False,False,False,False,True,False,False
12.5,8.0,1.5,0,0,1366,768,256.0,1,0,125.36742798669837,False,False,False,True,False,False,False,False,False,False,False,False,False,False,False,False,False,False,False,False,False,True,False,False,False,False,False,False,False,False,True
17.3,8.0,2.9,0,0,1920,1080,1152.0,1,1,127.33567457123111,False,False,False,False,False,False,False,False,False,False,False,False,True,False,False,False,False,False,True,False,False,False,False,False,False,False,False,False,True,False,False
15.6,4.0,2.1,1,1,1920,1080,256.0,1,0,141.21199808219862,False,False,False,False,False,False,False,False,True,False,False,False,False,False,False,False,False,False,False,False,False,False,False,False,False,False,False,False,True,False,False
15.6,4.0,2.1,0,0,1920,1080,1024.0,0,1,141.21199808219862,False,False,False,False,False,False,True,False,False,False,False,False,False,False,False,False,False,False,False,False,True,False,False,False,False,False,False,False,True,False,False
15.6,16.0,2.59,1,0,1920,1080,1152.0,1,1,141.21199808219862,False,True,False,False,False,False,False,False,False,False,False,False,False,False,False,False,False,False,True,False,False,False,False,False,False,False,False,False,True,False,False
13.3,8.0,1.16,0,1,3200,1800,256.0,1,0,276.053530085501,False,False,False,False,False,False,True,False,False,False,False,False,False,False,False,False,False,False,False,False,True,False,False,False,False,False,False,False,True,False,False
15.6,4.0,2.24,0,0,1366,768,500.0,0,1,100.45466986113651,False,False,False,True,False,False,False,False,False,False,False,False,False,False,False,False,False,False,False,False,True,False,False,False,False,False,False,False,False,False,True
15.6,4.0,2.1,0,0,1366,768,128.0,1,0,100.45466986113651,False,False,False,False,False,False,False,False,True,False,False,False,False,False,False,False,False,False,False,False,True,False,False,False,False,False,False,False,True,False,False
13.3,8.0,1.16,0,0,1920,1080,512.0,1,0,165.6321180513006,False,False,False,False,False,False,True,False,False,False,False,False,False,False,False,False,False,False,False,False,False,True,False,False,False,False,False,False,True,False,False
10.1,4.0,0.69,1,1,1920,1200,64.0,0,0,224.17380907857276,False,False,False,False,False,False,False,False,True,False,False,False,False,False,False,False,False,False,False,False,False,False,False,False,False,False,False,False,False,False,False
13.3,8.0,1.23,0,0,1920,1080,256.0,1,0,165.6321180513006,False,False,False,True,False,False,False,False,False,False,False,False,False,False,False,False,False,False,False,False,False,True,False,False,False,False,False,False,True,False,False
17.3,16.0,3.575,1,0,1920,1080,1280.0,1,0,127.33567457123111,False,False,False,False,False,False,False,False,True,False,False,False,False,False,False,False,False,False,True,False,False,False,False,False,False,False,False,False,True,False,False
12.5,8.0,1.25,0,1,3840,2160,256.0,1,0,352.4651472131677,False,False,False,False,False,False,False,False,False,False,False,False,False,True,False,False,False,False,False,False,False,True,False,False,False,False,False,False,True,False,False
13.3,16.0,1.05,0,0,1920,1080,512.0,1,0,165.6321180513006,False,False,False,False,False,False,False,False,False,False,False,False,False,False,False,True,False,False,False,False,False,True,False,False,False,False,False,False,True,False,False
17.3,8.0,3.52,0,0,1920,1080,1152.0,1,1,127.33567457123111,False,True,False,False,False,False,False,False,False,False,False,False,False,False,False,False,False,False,True,False,False,False,False,False,False,False,False,False,True,False,False
13.3,4.0,1.35,0,0,1920,1080,32.0,0,0,165.6321180513006,False,False,False,False,False,False,False,False,False,False,False,False,False,False,False,False,True,False,False,False,True,False,False,False,False,False,False,False,True,False,False
13.3,8.0,1.16,0,0,1920,1080,256.0,1,0,165.6321180513006,False,False,False,False,False,False,True,False,False,False,False,False,False,False,False,False,False,False,False,False,True,False,False,False,False,False,False,False,True,False,False
14.0,8.0,1.43,0,0,1920,1080,256.0,1,0,157.3505121487356,False,False,False,False,False,False,True,False,False,False,False,False,False,False,False,False,False,False,False,False,True,False,False,False,False,False,False,False,False,False,True
15.6,4.0,2.09,0,0,1366,768,500.0,0,1,100.45466986113651,False,False,False,True,False,False,False,False,False,False,False,False,False,False,False,False,False,False,False,False,True,False,False,False,True,False,False,False,False,False,False
15.6,4.0,2.0,0,0,1366,768,1024.0,0,1,100.45466986113651,False,True,False,False,False,False,False,False,False,False,False,False,False,False,False,False,False,False,False,False,True,False,False,False,False,False,False,False,True,False,False
14.0,8.0,1.8,1,1,1920,1080,256.0,1,0,157.3505121487356,False,False,False,False,False,False,False,False,True,False,False,False,False,False,False,False,False,False,False,False,False,False,False,False,False,False,False,False,True,False,False
10.1,4.0,0.69,1,1,1920,1200,64.0,0,0,224.17380907857276,False,False,False,False,False,False,False,False,True,False,False,False,False,False,False,False,False,False,False,False,False,False,False,False,False,False,False,False,True,False,False
12.5,8.0,1.26,0,0,1366,768,256.0,1,0,125.36742798669837,False,False,False,False,False,False,True,False,False,False,False,False,False,False,False,False,False,False,False,False,False,True,False,False,False,False,False,False,False,False,True
15.6,8.0,2.4,1,0,1920,1080,1152.0,1,1,141.21199808219862,False,False,False,False,False,False,False,False,True,False,False,False,False,False,False,False,False,False,True,False,False,False,False,False,False,False,False,True,False,False,False
17.3,8.0,3.35,1,0,1920,1080,1152.0,1,1,127.33567457123111,False,False,False,False,False,False,True,False,False,False,False,False,False,False,False,False,False,False,True,False,False,False,False,False,False,False,False,False,True,False,False
15.6,8.0,2.04,0,0,1366,768,2048.0,0,1,100.45466986113651,False,False,False,False,False,False,True,False,False,False,False,False,False,False,False,False,False,False,False,False,True,False,False,False,False,False,False,False,True,False,False
14.0,8.0,1.8,1,1,1920,1080,512.0,1,0,157.3505121487356,False,False,False,False,False,False,False,False,True,False,False,False,False,False,False,False,False,False,False,False,False,False,False,False,False,False,False,False,False,False,True
14.0,4.0,1.5,0,0,1366,768,32.0,0,0,111.93520355955211,False,True,False,False,False,False,False,False,False,False,False,False,False,False,False,False,False,False,False,False,True,False,False,False,False,False,False,False,True,False,False
15.6,8.0,1.84,0,0,1920,1080,256.0,1,0,141.21199808219862,False,False,False,False,False,False,True,False,False,False,False,False,False,False,False,False,False,False,False,False,False,True,False,False,False,False,False,False,True,False,False
15.6,4.0,2.23,0,0,1920,1080,1024.0,0,1,141.21199808219862,False,False,False,False,False,False,False,False,False,False,False,False,False,False,False,False,False,False,False,False,True,False,False,False,False,False,False,False,True,False,False
15.6,16.0,2.5,0,0,1920,1080,1024.0,0,0,141.21199808219862,False,False,False,False,False,False,False,False,True,False,False,False,False,False,False,False,False,False,False,False,True,False,False,False,False,False,False,False,True,False,False
17.3,8.0,3.0,1,0,1920,1080,256.0,1,0,127.33567457123111,False,False,False,False,False,False,True,False,False,False,False,False,False,False,False,False,False,False,False,False,False,False,True,False,False,False,False,False,False,False,True
15.6,8.0,2.5,0,0,1366,768,1024.0,0,1,100.45466986113651,False,False,False,True,False,False,False,False,False,False,False,False,False,False,False,False,False,False,False,False,True,False,False,False,False,False,False,False,True,False,False
17.3,16.0,3.575,0,0,1920,1080,1280.0,1,1,127.33567457123111,False,False,False,False,False,False,False,False,False,False,False,False,True,False,False,False,False,False,True,False,False,False,False,False,False,False,False,False,True,False,False
15.6,8.0,1.88,0,0,1920,1080,256.0,1,0,141.21199808219862,False,False,False,False,False,False,True,False,False,False,False,False,False,False,False,False,False,False,False,False,False,True,False,False,False,False,False,False,False,False,True
14.0,16.0,2.8,1,1,2560,1440,512.0,1,0,209.8006828649808,False,False,False,False,False,False,False,False,True,False,False,False,False,False,False,False,False,False,False,False,False,False,False,False,False,False,False,False,True,False,False
15.6,8.0,2.4,0,0,1920,1080,1152.0,1,1,141.21199808219862,False,False,False,False,False,False,False,False,False,False,False,False,True,False,False,False,False,False,True,False,False,False,False,False,False,False,False,False,True,False,False
13.3,8.0,1.48,0,1,1920,1080,256.0,1,0,165.6321180513006,False,False,False,False,False,False,True,False,False,False,False,False,False,False,False,False,False,False,False,False,False,False,False,False,False,False,False,False,True,False,False
15.6,8.0,2.59,1,0,1920,1080,256.0,1,0,141.21199808219862,False,False,False,False,False,False,True,False,False,False,False,False,False,False,False,False,False,False,False,False,False,False,True,False,False,False,False,False,False,False,True
13.3,8.0,1.48,0,1,2560,1440,256.0,1,0,220.84282406840083,False,False,False,False,False,False,True,False,False,False,False,False,False,False,False,False,False,False,False,False,False,False,False,False,False,False,False,False,True,False,False
15.6,8.0,2.0,0,0,1920,1080,256.0,1,0,141.21199808219862,False,False,False,False,False,False,True,False,False,False,False,False,False,False,False,False,False,False,False,False,False,False,True,False,False,False,False,False,False,False,True
12.5,8.0,1.26,0,0,1920,1080,256.0,1,0,176.23257360658386,False,False,False,False,False,False,True,False,False,False,False,False,False,False,False,False,False,False,False,False,False,True,False,False,False,False,False,False,False,False,True
15.6,8.0,2.18,0,0,1920,1080,256.0,1,0,141.21199808219862,False,False,False,True,False,False,False,False,False,False,False,False,False,False,False,False,False,False,False,False,True,False,False,False,False,False,False,False,True,False,False
15.6,8.0,1.88,0,0,1920,1080,256.0,1,0,141.21199808219862,False,False,False,False,False,False,True,False,False,False,False,False,False,False,False,False,False,False,False,False,True,False,False,False,False,False,False,False,False,False,True
14.0,8.0,1.27,1,1,2560,1440,256.0,1,0,209.8006828649808,False,False,False,False,False,False,False,False,True,False,False,False,False,False,False,False,False,False,False,False,False,False,False,False,False,False,False,False,True,False,False
15.6,4.0,1.9,0,0,1366,768,1024.0,0,1,100.45466986113651,False,False,False,False,False,False,False,False,True,False,False,False,False,False,False,False,False,False,False,False,True,False,False,False,False,False,False,True,False,False,False
15.6,4.0,1.86,0,0,1366,768,500.0,0,1,100.45466986113651,False,False,False,False,False,False,True,False,False,False,False,False,False,False,False,False,False,False,False,False,True,False,False,False,False,False,False,False,True,False,False
15.6,8.0,2.32,0,0,1920,1080,1024.0,0,1,141.21199808219862,False,False,False,False,False,False,False,False,True,False,False,False,False,False,False,False,False,False,False,False,True,False,False,False,False,False,False,True,False,False,False
15.6,8.0,2.62,0,0,1920,1080,1024.0,0,1,141.21199808219862,False,False,False,True,False,False,False,False,False,False,False,False,False,False,False,False,False,False,True,False,False,False,False,False,False,False,False,False,True,False,False
15.6,8.0,2.04,1,1,3840,2160,256.0,1,0,282.42399616439724,False,False,False,True,False,False,False,False,False,False,False,False,False,False,False,False,False,False,False,False,True,False,False,False,False,False,False,False,True,False,False
15.6,4.0,1.91,0,0,1920,1080,256.0,1,0,141.21199808219862,False,False,False,False,False,False,True,False,False,False,False,False,False,False,False,False,False,False,False,False,True,False,False,False,False,False,False,False,True,False,False
17.3,16.0,2.7,0,0,1920,1080,1280.0,1,1,127.33567457123111,False,False,False,False,False,False,False,False,False,False,False,False,True,False,False,False,False,False,True,False,False,False,False,False,False,False,False,False,True,False,False
14.0,12.0,1.4,0,0,1920,1080,512.0,1,0,157.3505121487356,False,False,False,False,False,False,False,False,True,False,False,False,False,False,False,False,False,False,False,False,False,True,False,False,False,False,False,False,False,False,True
15.6,8.0,2.5,0,0,1920,1080,1024.0,0,0,141.21199808219862,False,False,False,False,False,False,False,False,True,False,False,False,False,False,False,False,False,False,False,False,True,False,False,False,False,False,False,False,True,False,False
13.3,8.0,1.48,0,1,2560,1440,512.0,1,0,220.84282406840083,False,False,False,False,False,False,True,False,False,False,False,False,False,False,False,False,False,False,False,False,False,False,False,False,False,False,False,False,True,False,False
14.0,8.0,1.7,0,0,1920,1080,256.0,1,0,157.3505121487356,False,False,False,False,False,False,False,False,True,False,False,False,False,False,False,False,False,False,False,False,False,True,False,False,False,False,False,False,False,False,True
14.0,16.0,1.7,0,0,1920,1080,1280.0,1,1,157.3505121487356,False,False,False,False,False,False,False,False,False,False,False,False,True,False,False,False,False,False,True,False,False,False,False,False,False,False,False,False,True,False,False
15.6,8.0,2.62,1,0,1920,1080,1024.0,0,1,141.21199808219862,False,False,False,False,False,False,True,False,False,False,False,False,False,False,False,False,False,False,True,False,False,False,False,False,False,False,False,False,True,False,False
15.6,8.0,2.2,0,0,1366,768,1024.0,0,1,100.45466986113651,False,False,False,False,False,False,False,False,True,False,False,False,False,False,False,False,False,False,False,False,True,False,False,False,False,False,False,False,True,False,False
15.6,4.0,2.1,0,0,1366,768,500.0,0,1,100.45466986113651,False,False,False,False,False,False,True,False,False,False,False,False,False,False,False,False,False,False,False,False,True,False,False,False,False,False,False,True,False,False,False
15.6,8.0,2.62,0,0,3840,2160,1152.0,1,1,282.42399616439724,False,False,False,True,False,False,False,False,False,False,False,False,False,False,False,False,False,False,True,False,False,False,False,False,False,False,False,False,True,False,False
15.6,8.0,1.95,1,0,1920,1080,256.0,1,0,141.21199808219862,False,False,False,False,False,False,False,False,True,False,False,False,False,False,False,False,False,False,False,False,True,False,False,False,False,False,False,False,True,False,False
15.6,4.0,2.2,0,0,1920,1080,1024.0,0,1,141.21199808219862,False,False,False,False,False,False,False,False,True,False,False,False,False,False,False,False,False,False,False,False,True,False,False,False,False,False,False,False,True,False,False
14.0,2.0,1.44,0,0,1366,768,32.0,0,0,111.93520355955211,False,False,False,False,False,False,True,False,False,False,False,False,False,False,False,False,False,False,False,False,True,False,False,False,False,False,False,False,True,False,False
15.6,8.0,2.2,1,0,1920,1080,1024.0,0,1,141.21199808219862,False,False,False,False,False,False,False,False,False,False,False,False,True,False,False,False,False,False,True,False,False,False,False,False,False,False,False,False,True,False,False
15.6,8.0,1.96,0,0,1920,1080,256.0,1,0,141.21199808219862,False,False,False,False,False,False,True,False,False,False,False,False,False,False,False,False,False,False,False,False,True,False,False,False,False,False,False,False,True,False,False
15.6,16.0,2.1,0,0,1920,1080,512.0,1,0,141.21199808219862,False,False,False,False,False,False,True,False,False,False,False,False,False,False,False,False,False,False,False,False,True,False,False,False,False,False,False,False,True,False,False
15.6,4.0,2.2,0,0,1366,768,500.0,0,1,100.45466986113651,False,True,False,False,False,False,False,False,False,False,False,False,False,False,False,False,False,False,False,False,True,False,False,False,False,False,False,False,True,False,False
15.6,4.0,2.1,0,0,1366,768,500.0,0,1,100.45466986113651,False,False,False,False,False,False,False,False,True,False,False,False,False,False,False,False,False,False,False,False,True,False,False,False,False,False,False,True,False,False,False
15.6,8.0,2.2,0,0,1920,1080,1024.0,0,1,141.21199808219862,False,False,False,False,False,False,False,False,True,False,False,False,False,False,False,False,False,False,False,False,True,False,False,False,False,False,False,True,False,False,False
14.0,4.0,2.0,0,0,1920,1080,256.0,1,0,157.3505121487356,False,True,False,False,False,False,False,False,False,False,False,False,False,False,False,False,False,False,False,False,True,False,False,False,False,False,False,False,True,False,False
15.6,4.0,2.32,0,0,1920,1080,1024.0,0,0,141.21199808219862,False,False,False,False,False,False,False,False,True,False,False,False,False,False,False,False,False,False,False,False,True,False,False,False,False,False,False,False,False,False,True
15.6,16.0,3.31,1,0,1920,1080,512.0,1,0,141.21199808219862,False,False,False,False,False,False,False,False,True,False,False,False,False,False,False,False,False,False,True,False,False,False,False,False,False,False,False,False,True,False,False
15.6,16.0,1.91,0,0,1920,1080,1152.0,1,1,141.21199808219862,False,False,False,False,False,False,False,False,False,False,False,False,True,False,False,False,False,False,True,False,False,False,False,False,False,False,False,False,True,False,False
15.6,4.0,2.07,0,0,1366,768,500.0,0,1,100.45466986113651,False,False,False,False,False,False,True,False,False,False,False,False,False,False,False,False,False,False,False,False,True,False,False,False,False,False,False,False,True,False,False
14.0,8.0,1.36,1,1,2560,1440,256.0,1,0,209.8006828649808,False,False,False,False,False,False,False,False,True,False,False,False,False,False,False,False,False,False,False,False,False,False,False,False,False,False,False,False,True,False,False
15.6,6.0,1.54,0,0,1920,1080,256.0,1,0,141.21199808219862,False,False,False,False,False,False,False,False,True,False,False,False,False,False,False,False,False,False,False,False,False,True,False,False,False,False,False,False,True,False,False
15.6,8.0,1.98,0,0,1920,1080,256.0,1,0,141.21199808219862,False,False,False,True,False,False,False,False,False,False,False,False,False,False,False,False,False,False,False,False,True,False,False,False,True,False,False,False,False,False,False
15.6,4.0,2.1,0,0,1366,768,500.0,0,1,100.45466986113651,False,False,False,False,False,False,False,False,False,False,False,False,False,False,False,False,False,False,False,False,True,False,False,False,False,False,False,False,True,False,False
15.6,6.0,2.18,1,0,1920,1080,1024.0,0,1,141.21199808219862,False,False,False,False,False,False,True,False,False,False,False,False,False,False,False,False,False,False,False,False,True,False,False,False,False,False,False,False,True,False,False
15.6,8.0,2.591,1,0,1920,1080,1280.0,1,1,141.21199808219862,False,True,False,False,False,False,False,False,False,False,False,False,False,False,False,False,False,False,True,False,False,False,False,False,False,False,False,False,True,False,False
15.6,16.0,2.09,0,1,1920,1080,512.0,1,0,141.21199808219862,False,False,False,True,False,False,False,False,False,False,False,False,False,False,False,False,False,False,False,False,False,False,False,False,False,False,False,False,True,False,False
15.6,4.0,2.23,0,0,1920,1080,256.0,1,0,141.21199808219862,False,False,False,False,False,False,False,False,False,False,False,False,False,False,False,False,False,False,False,False,True,False,False,False,False,False,False,False,True,False,False
13.3,8.0,1.23,0,1,3200,1800,256.0,1,0,276.053530085501,False,False,False,True,False,False,False,False,False,False,False,False,False,False,False,False,False,False,False,False,False,True,False,False,True,False,False,False,False,False,False
17.3,16.0,3.575,1,0,1920,1080,1280.0,1,1,127.33567457123111,False,False,False,False,False,False,False,False,False,False,False,False,False,False,False,False,False,False,True,False,False,False,False,False,False,False,False,False,True,False,False
15.6,8.0,2.4,1,0,1920,1080,1024.0,0,1,141.21199808219862,False,False,False,False,False,False,False,False,True,False,False,False,False,False,False,False,False,False,True,False,False,False,False,False,False,False,False,False,True,False,False
12.3,4.0,1.15,1,1,2400,1600,32.0,0,0,234.50740003017813,False,False,False,False,False,False,False,False,False,False,False,False,False,False,True,False,False,False,False,False,False,False,False,True,False,False,False,False,False,False,False
15.6,4.0,1.86,0,0,1366,768,500.0,0,1,100.45466986113651,False,False,False,False,False,False,True,False,False,False,False,False,False,False,False,False,False,False,False,False,True,False,False,False,False,False,False,False,True,False,False
12.0,8.0,0.92,1,0,2304,1440,256.0,0,0,226.41554716935852,True,False,False,False,False,False,False,False,False,False,False,False,False,False,False,False,False,False,False,False,False,True,False,False,False,True,False,False,False,False,False
13.3,8.0,1.6,1,1,1920,1080,256.0,1,0,165.6321180513006,False,False,False,True,False,False,False,False,False,False,False,False,False,False,False,False,False,False,False,False,False,False,False,False,False,False,False,False,True,False,False
15.6,12.0,2.21,1,0,1920,1080,1152.0,1,1,141.21199808219862,False,False,False,False,False,False,True,False,False,False,False,False,False,False,False,False,False,False,False,False,True,False,False,False,False,False,False,False,True,False,False
15.6,4.0,1.9,0,0,1366,768,1024.0,0,1,100.45466986113651,False,False,False,False,False,False,False,False,True,False,False,False,False,False,False,False,False,False,False,False,True,False,False,False,False,False,False,True,False,False,False
17.3,16.0,3.575,1,0,1920,1080,1536.0,1,1,127.33567457123111,False,True,False,False,False,False,False,False,False,False,False,False,False,False,False,False,False,False,True,False,False,False,False,False,False,False,False,False,True,False,False
15.6,4.0,2.1,0,0,1366,768,1024.0,0,1,100.45466986113651,False,False,False,False,False,False,False,False,False,False,False,False,False,False,False,False,False,False,False,False,True,False,False,False,True,False,False,False,False,False,False
17.3,16.0,2.43,0,0,1920,1080,1280.0,1,1,127.33567457123111,False,False,False,False,False,False,False,False,False,False,False,False,True,False,False,False,False,False,True,False,False,False,False,False,False,False,False,False,True,False,False
15.6,4.0,2.3,0,0,1366,768,128.0,1,0,100.45466986113651,False,False,False,True,False,False,False,False,False,False,False,False,False,False,False,False,False,False,False,False,True,False,False,False,False,False,False,False,True,False,False
15.6,8.0,2.2,0,0,1366,768,500.0,0,1,100.45466986113651,False,False,False,False,False,False,False,False,True,False,False,False,False,False,False,False,False,False,False,False,True,False,False,False,False,False,False,True,False,False,False
13.3,16.0,1.2,0,1,3200,1800,512.0,1,0,276.053530085501,False,False,False,True,False,False,False,False,False,False,False,False,False,False,False,False,False,False,False,False,False,True,False,False,False,False,False,False,True,False,False
15.6,8.0,2.2,0,0,1920,1080,1024.0,0,1,141.21199808219862,False,True,False,False,False,False,False,False,False,False,False,False,False,False,False,False,False,False,True,False,False,False,False,False,False,False,False,False,True,False,False
15.6,8.0,2.36,0,0,1920,1080,256.0,1,0,141.21199808219862,False,False,False,True,False,False,False,False,False,False,False,False,False,False,False,False,False,False,False,False,True,False,False,False,False,False,False,False,True,False,False
15.6,8.0,1.91,0,0,1366,768,256.0,1,0,100.45466986113651,False,False,False,False,False,False,True,False,False,False,False,False,False,False,False,False,False,False,False,False,True,False,False,False,False,False,False,False,True,False,False
15.6,4.0,2.2,0,0,1366,768,500.0,0,1,100.45466986113651,False,False,False,False,False,False,False,False,True,False,False,False,False,False,False,False,False,False,False,False,True,False,False,False,False,False,False,False,True,False,False
17.3,8.0,3.3,0,0,1600,900,1024.0,0,1,106.11306214269258,False,False,False,False,False,False,False,False,False,False,False,False,False,False,False,False,False,False,False,False,True,False,False,False,False,False,False,False,True,False,False
15.6,16.0,2.2,0,0,1920,1080,1280.0,1,1,141.21199808219862,False,True,False,False,False,False,False,False,False,False,False,False,False,False,False,False,False,False,True,False,False,False,False,False,False,False,False,False,True,False,False
12.0,8.0,0.92,1,0,2304,1440,512.0,0,0,226.41554716935852,True,False,False,False,False,False,False,False,False,False,False,False,False,False,False,False,False,False,False,False,False,True,False,False,False,True,False,False,False,False,False
15.6,16.0,2.2,0,0,1920,1080,1152.0,1,1,141.21199808219862,False,True,False,False,False,False,False,False,False,False,False,False,False,False,False,False,False,False,False,False,True,False,False,False,False,False,False,False,True,False,False
17.3,16.0,2.43,1,0,1920,1080,1280.0,1,1,127.33567457123111,False,False,False,False,False,False,False,False,False,False,False,False,True,False,False,False,False,False,True,False,False,False,False,False,False,False,False,False,True,False,False
15.6,8.0,2.191,1,1,1920,1080,256.0,1,0,141.21199808219862,False,False,False,True,False,False,False,False,False,False,False,False,False,False,False,False,False,False,False,False,False,False,False,False,False,False,False,False,True,False,False
17.3,16.0,2.9,0,0,1920,1080,1280.0,1,1,127.33567457123111,False,True,False,False,False,False,False,False,False,False,False,False,False,False,False,False,False,False,True,False,False,False,False,False,False,False,False,False,True,False,False
11.6,2.0,1.3,0,0,1366,768,32.0,1,0,135.0942111925629,False,False,False,False,False,False,False,False,False,False,False,False,False,False,False,False,False,False,False,True,False,False,False,True,False,False,False,False,False,False,False
17.3,4.0,3.3,0,0,1600,900,1024.0,0,1,106.11306214269258,False,False,False,False,False,False,False,False,False,False,False,False,False,False,False,False,False,False,False,False,True,False,False,False,False,False,False,False,True,False,False
17.3,8.0,2.8,0,0,1600,900,1024.0,0,1,106.11306214269258,False,False,False,False,False,False,False,False,True,False,False,False,False,False,False,False,False,False,False,False,True,False,False,False,False,False,False,True,False,False,False
15.6,8.0,2.6,1,0,1920,1080,1152.0,1,1,141.21199808219862,False,False,False,False,False,False,False,False,True,False,False,False,False,False,False,False,False,False,True,False,False,False,False,False,False,False,False,False,True,False,False
14.0,8.0,1.2,1,1,1920,1080,256.0,1,0,157.3505121487356,False,False,False,False,False,False,False,False,False,False,False,False,False,False,False,False,False,False,False,False,False,False,False,False,False,False,False,False,True,False,False
15.6,8.0,2.3,1,0,1920,1080,256.0,1,0,141.21199808219862,False,False,False,False,False,False,False,False,True,False,False,False,False,False,False,False,False,False,False,False,True,False,False,False,False,False,False,False,True,False,False
15.6,8.0,2.2,0,0,1920,1080,1152.0,1,1,141.21199808219862,False,False,False,False,False,False,False,False,False,False,False,False,True,False,False,False,False,False,True,False,False,False,False,False,False,False,False,False,True,False,False
15.6,6.0,2.1,0,0,1920,1080,1024.0,0,1,141.21199808219862,False,False,False,False,False,False,True,False,False,False,False,False,False,False,False,False,False,False,False,False,True,False,False,False,False,False,False,False,True,False,False
12.5,8.0,1.26,0,1,1920,1080,256.0,1,0,176.23257360658386,False,False,False,True,False,False,False,False,False,False,False,False,False,False,False,False,False,False,False,False,False,True,False,False,False,False,False,False,False,False,True
15.0,4.0,2.08,0,1,1920,1080,500.0,0,1,146.86047800548656,False,False,False,True,False,False,False,False,False,False,False,False,False,False,False,False,False,False,False,False,False,False,False,False,False,False,False,False,True,False,False
15.6,4.0,2.65,0,0,1366,768,1024.0,0,1,100.45466986113651,False,True,False,False,False,False,False,False,False,False,False,False,False,False,False,False,False,False,False,False,True,False,False,False,False,False,False,False,True,False,False
13.3,8.0,1.29,0,1,3200,1800,256.0,1,0,276.053530085501,False,False,False,True,False,False,False,False,False,False,False,False,False,False,False,False,False,False,False,False,False,True,False,False,False,False,False,False,True,False,False
15.6,4.0,2.18,0,0,1366,768,1024.0,0,1,100.45466986113651,False,False,False,True,False,False,False,False,False,False,False,False,False,False,False,False,False,False,False,False,True,False,False,False,True,False,False,False,False,False,False
15.6,16.0,2.6,1,1,1920,1080,1152.0,1,1,141.21199808219862,False,False,False,False,False,False,False,False,True,False,False,False,False,False,False,False,False,False,True,False,False,False,False,False,False,False,False,False,True,False,False
15.6,8.0,2.2,0,0,1920,1080,1152.0,1,1,141.21199808219862,False,False,False,False,False,False,False,False,False,False,False,False,True,False,False,False,False,False,True,False,False,False,False,False,False,False,False,False,True,False,False
12.5,16.0,1.3,1,1,1920,1080,512.0,1,0,176.23257360658386,False,False,False,False,False,False,False,False,True,False,False,False,False,False,False,False,False,False,False,True,False,False,False,False,False,False,False,False,True,False,False
14.0,16.0,1.95,0,0,1920,1080,1024.0,1,0,157.3505121487356,False,False,False,False,False,False,False,False,False,False,False,False,False,True,False,False,False,False,True,False,False,False,False,False,False,False,False,False,True,False,False
15.6,8.0,2.3,0,1,1366,768,1024.0,0,1,100.45466986113651,False,False,False,True,False,False,False,False,False,False,False,False,False,False,False,False,False,False,False,False,True,False,False,False,False,False,False,False,True,False,False
17.3,16.0,2.7,0,0,1920,1080,1280.0,1,1,127.33567457123111,False,False,False,False,False,False,False,False,False,False,False,False,True,False,False,False,False,False,True,False,False,False,False,False,False,False,False,False,True,False,False
11.6,4.0,1.08,0,0,1366,768,256.0,0,0,135.0942111925629,True,False,False,False,False,False,False,False,False,False,False,False,False,False,False,False,False,False,False,False,False,True,False,False,False,True,False,False,False,False,False
15.6,4.0,2.1,0,0,1920,1080,1024.0,0,1,141.21199808219862,False,False,False,False,False,False,True,False,False,False,False,False,False,False,False,False,False,False,False,False,True,False,False,False,False,False,False,False,True,False,False
14.0,8.0,1.54,0,0,2560,1440,256.0,1,0,209.8006828649808,False,False,False,False,False,False,True,False,False,False,False,False,False,False,False,False,False,False,False,False,False,True,False,False,False,False,False,False,False,False,True
15.6,4.0,2.24,0,0,1366,768,500.0,0,1,100.45466986113651,False,False,False,True,False,False,False,False,False,False,False,False,False,False,False,False,False,False,False,False,True,False,False,False,False,False,False,False,False,False,True
15.6,8.0,2.3,0,0,1920,1080,1152.0,1,1,141.21199808219862,False,False,False,False,False,False,False,False,False,False,False,False,True,False,False,False,False,False,True,False,False,False,False,False,False,False,False,False,True,False,False
13.3,16.0,1.4,1,0,1920,1080,512.0,1,0,165.6321180513006,False,False,False,False,False,False,False,False,True,False,False,False,False,False,False,False,False,False,False,False,True,False,False,False,False,False,False,False,True,False,False
15.6,6.0,2.2,0,0,1920,1080,256.0,1,0,141.21199808219862,False,False,False,False,False,False,False,False,True,False,False,False,False,False,False,False,False,False,False,False,True,False,False,False,False,False,False,False,True,False,False
13.3,8.0,1.45,0,0,1920,1080,256.0,1,0,165.6321180513006,False,True,False,False,False,False,False,False,False,False,False,False,False,False,False,False,False,False,False,False,False,True,False,False,False,False,False,False,True,False,False
15.6,4.0,2.4,0,0,1366,768,500.0,0,1,100.45466986113651,False,False,False,False,False,False,False,False,False,False,False,False,False,False,False,False,False,False,False,False,True,False,False,False,True,False,False,False,False,False,False
17.3,16.0,2.77,0,1,1920,1080,512.0,1,0,127.33567457123111,False,False,False,True,False,False,False,False,False,False,False,False,False,False,False,False,False,False,False,False,False,False,False,False,False,False,False,False,True,False,False
14.0,4.0,1.54,0,0,1920,1080,256.0,1,0,157.3505121487356,False,False,False,False,False,False,True,False,False,False,False,False,False,False,False,False,False,False,False,False,True,False,False,False,False,False,False,False,False,False,True
14.0,4.0,1.6,0,0,1366,768,500.0,0,1,111.93520355955211,False,False,False,True,False,False,False,False,False,False,False,False,False,False,False,False,False,False,False,False,True,False,False,False,False,False,False,False,True,False,False
15.6,16.0,2.34,1,0,1920,1080,1280.0,1,1,141.21199808219862,False,True,False,False,False,False,False,False,False,False,False,False,False,False,False,False,False,False,True,False,False,False,False,False,False,False,False,False,True,False,False
15.6,8.0,2.3,1,0,1920,1080,256.0,1,0,141.21199808219862,False,False,False,False,False,False,False,False,True,False,False,False,False,False,False,False,False,False,False,False,True,False,False,False,False,False,False,True,False,False,False
13.3,8.0,1.24,0,1,3200,1800,256.0,1,0,276.053530085501,False,False,False,True,False,False,False,False,False,False,False,False,False,False,False,False,False,False,False,False,False,False,False,False,False,False,False,False,True,False,False
15.6,4.0,2.2,0,0,1366,768,500.0,0,1,100.45466986113651,False,False,False,True,False,False,False,False,False,False,False,False,False,False,False,False,False,False,False,False,True,False,False,False,True,False,False,False,False,False,False
15.6,4.0,1.86,0,0,1366,768,500.0,0,1,100.45466986113651,False,False,False,False,False,False,True,False,False,False,False,False,False,False,False,False,False,False,False,False,True,False,False,False,False,False,False,False,True,False,False
15.6,6.0,2.4,0,0,1920,1080,128.0,1,0,141.21199808219862,False,False,False,False,False,False,False,False,True,False,False,False,False,False,False,False,False,False,False,False,True,False,False,False,False,False,False,False,True,False,False
14.0,8.0,1.9,1,0,1920,1080,256.0,1,0,157.3505121487356,False,False,False,False,False,False,False,False,True,False,False,False,False,False,False,False,False,False,False,False,True,False,False,False,False,False,False,False,True,False,False
15.6,4.0,2.2,0,0,1366,768,500.0,0,1,100.45466986113651,False,False,False,True,False,False,False,False,False,False,False,False,False,False,False,False,False,False,False,False,True,False,False,False,False,False,False,False,True,False,False
15.6,4.0,2.0,0,0,1366,768,1024.0,0,1,100.45466986113651,False,True,False,False,False,False,False,False,False,False,False,False,False,False,False,False,False,False,False,False,True,False,False,False,False,False,False,False,True,False,False
17.3,16.0,3.575,1,0,1920,1080,1152.0,1,1,127.33567457123111,False,True,False,False,False,False,False,False,False,False,False,False,False,False,False,False,False,False,True,False,False,False,False,False,False,False,False,False,True,False,False
15.6,4.0,2.29,0,0,1366,768,500.0,0,1,100.45466986113651,False,False,False,True,False,False,False,False,False,False,False,False,False,False,False,False,False,False,False,False,True,False,False,False,False,False,False,False,True,False,False
15.6,8.0,2.32,0,0,1920,1080,1024.0,0,0,141.21199808219862,False,False,False,False,False,False,False,False,True,False,False,False,False,False,False,False,False,False,False,False,True,False,False,False,False,False,False,False,False,False,True
15.6,8.0,2.4,0,0,1920,1080,1152.0,1,1,141.21199808219862,False,False,False,False,False,False,False,False,False,False,False,False,True,False,False,False,False,False,True,False,False,False,False,False,False,False,False,False,True,False,False
14.0,4.0,1.8,0,1,1920,1080,128.0,1,0,157.3505121487356,False,False,False,False,False,False,False,False,True,False,False,False,False,False,False,False,False,False,False,False,False,False,False,False,False,False,False,False,True,False,False
13.3,8.0,1.2,1,0,1920,1080,512.0,1,0,165.6321180513006,False,True,False,False,False,False,False,False,False,False,False,False,False,False,False,False,False,False,False,False,False,True,False,False,False,False,False,False,True,False,False
15.6,6.0,2.3,0,0,1366,768,1024.0,0,1,100.45466986113651,False,False,False,True,False,False,False,False,False,False,False,False,False,False,False,False,False,False,False,False,True,False,False,False,False,False,False,False,True,False,False
15.6,4.0,2.4,0,0,1366,768,500.0,0,1,100.45466986113651,False,False,False,False,False,False,False,False,False,False,False,False,False,False,False,False,False,False,False,False,True,False,False,False,True,False,False,False,False,False,False
15.6,2.0,2.2,0,0,1366,768,500.0,0,1,100.45466986113651,False,False,False,True,False,False,False,False,False,False,False,False,False,False,False,False,False,False,False,False,True,False,False,False,False,False,False,False,True,False,False
15.6,8.0,2.6,1,0,1920,1080,1024.0,0,1,141.21199808219862,False,False,False,False,False,False,False,False,True,False,False,False,False,False,False,False,False,False,False,False,True,False,False,False,False,False,False,False,True,False,False
15.6,6.0,2.04,0,0,1920,1080,1024.0,0,0,141.21199808219862,False,False,False,False,False,False,True,False,False,False,False,False,False,False,False,False,False,False,False,False,True,False,False,False,False,False,False,False,True,False,False
15.6,8.0,2.3,0,0,1366,768,1024.0,0,1,100.45466986113651,False,False,False,True,False,False,False,False,False,False,False,False,False,False,False,False,False,False,False,False,True,False,False,False,True,False,False,False,False,False,False
11.6,2.0,1.17,0,0,1366,768,32.0,0,0,135.0942111925629,False,False,False,False,False,False,True,False,False,False,False,False,False,False,False,False,False,False,False,True,False,False,False,False,False,False,False,False,True,False,False
15.6,4.0,2.2,0,0,1366,768,500.0,0,1,100.45466986113651,False,True,False,False,False,False,False,False,False,False,False,False,False,False,False,False,False,False,False,False,True,False,False,False,False,False,False,False,True,False,False
14.0,4.0,1.8,1,1,1920,1080,128.0,1,0,157.3505121487356,False,False,False,False,False,False,False,False,True,False,False,False,False,False,False,False,False,False,False,False,False,False,False,False,False,False,False,False,True,False,False
13.3,16.0,1.3,1,1,3200,1800,512.0,1,0,276.053530085501,False,False,False,False,False,False,False,False,True,False,False,False,False,False,False,False,False,False,False,False,False,False,False,False,False,False,False,False,True,False,False
14.0,2.0,1.5,0,0,1366,768,64.0,0,0,111.93520355955211,False,False,False,False,False,False,False,False,True,False,False,False,False,False,False,False,False,False,False,False,True,False,False,False,False,False,False,False,True,False,False
15.6,6.0,2.19,0,0,1366,768,1024.0,0,1,100.45466986113651,False,False,False,False,False,False,True,False,False,False,False,False,False,False,False,False,False,False,False,False,True,False,False,False,False,False,False,False,True,False,False
