inches,ram,weight,is_ips,is_touchscreen,res_width,res_height,storage_gb,has_ssd,has_hdd,ppi,company_Apple,company_Asus,company_Chuwi,company_Dell,company_Fujitsu,company_Google,company_Hp,company_Huawei,company_Lenovo,company_Lg,company_Mediacom,company_Microsoft,company_Msi,company_Razer,company_Samsung,company_Toshiba,company_Vero,company_Xiaomi,typename_Gaming,typename_Netbook,typename_Notebook,typename_Ultrabook,typename_Workstation,opsys_Chrome Os,opsys_Linux,opsys_Mac Os X,opsys_Macos,opsys_No Os,opsys_Windows 10,opsys_Windows 10 S,opsys_Windows 7,price
13.3,8.0,1.37,1,0,2560,1600,128.0,1,0,226.98300468106115,True,False,False,False,False,False,False,False,False,False,False,False,False,False,False,False,False,False,False,False,False,True,False,False,False,False,True,False,False,False,False,71378.6832
13.3,8.0,1.34,0,0,1440,900,128.0,0,0,127.67794013309688,True,False,False,False,False,False,False,False,False,False,False,False,False,False,False,False,False,False,False,False,False,True,False,False,False,False,True,False,False,False,False,47895.5232
15.6,8.0,1.86,0,0,1920,1080,256.0,1,0,141.21199808219862,False,False,False,False,False,False,True,False,False,False,False,False,False,False,False,False,False,False,False,False,True,False,False,False,False,False,False,True,False,False,False,30636.0
15.4,16.0,1.83,1,0,2880,1800,512.0,1,0,220.53462386625827,True,False,False,False,False,False,False,False,False,False,False,False,False,False,False,False,False,False,False,False,False,True,False,False,False,False,True,False,False,False,False,135195.336
13.3,8.0,1.37,1,0,2560,1600,256.0,1,0,226.98300468106115,True,False,False,False,False,False,False,False,False,False,False,False,False,False,False,False,False,False,False,False,False,True,False,False,False,False,True,False,False,False,False,96095.808
15.6,4.0,2.1,0,0,1366,768,500.0,0,1,100.45466986113651,False,False,False,False,False,False,False,False,False,False,False,False,False,False,False,False,False,False,False,False,True,False,False,False,False,False,False,False,True,False,False,21312.0
15.4,16.0,2.04,1,0,2880,1800,256.0,0,0,220.53462386625827,True,False,False,False,False,False,False,False,False,False,False,False,False,False,False,False,False,False,False,False,False,True,False,False,False,True,False,False,False,False,False,114017.6016
13.3,8.0,1.34,0,0,1440,900,256.0,0,0,127.67794013309688,True,False,False,False,False,False,False,False,False,False,False,False,False,False,False,False,False,False,False,False,False,True,False,False,False,False,True,False,False,False,False,61735.536
14.0,16.0,1.3,0,0,1920,1080,512.0,1,0,157.3505121487356,False,True,False,False,False,False,False,False,False,False,False,False,False,False,False,False,False,False,False,False,False,True,False,False,False,False,False,False,True,False,False,79653.6
14.0,8.0,1.6,1,0,1920,1080,256.0,1,0,157.3505121487356,False,False,False,False,False,False,False,False,False,False,False,False,False,False,False,False,False,False,False,False,False,True,False,False,False,False,False,False,True,False,False,41025.6
15.6,4.0,1.86,0,0,1366,768,500.0,0,1,100.45466986113651,False,False,False,False,False,False,True,False,False,False,False,False,False,False,False,False,False,False,False,False,True,False,False,False,False,False,False,True,False,False,False,20986.992
15.6,4.0,1.86,0,0,1920,1080,500.0,0,1,141.21199808219862,False,False,False,False,False,False,True,False,False,False,False,False,False,False,False,False,False,False,False,False,True,False,False,False,False,False,False,True,False,False,False,18381.0672
15.4,16.0,1.83,1,0,2880,1800,256.0,1,0,220.53462386625827,True,False,False,False,False,False,False,False,False,False,False,False,False,False,False,False,False,False,False,False,False,True,False,False,False,False,True,False,False,False,False,130001.6016
15.6,4.0,2.2,0,0,1920,1080,256.0,1,0,141.21199808219862,False,False,False,True,False,False,False,False,False,False,False,False,False,False,False,False,False,False,False,False,True,False,False,False,False,False,False,False,True,False,False,26581.392
12.0,8.0,0.92,1,0,2304,1440,256.0,1,0,226.41554716935852,True,False,False,False,False,False,False,False,False,False,False,False,False,False,False,False,False,False,False,False,False,True,False,False,False,False,True,False,False,False,False,67260.672
13.3,8.0,1.37,1,0,2560,1600,256.0,1,0,226.98300468106115,True,False,False,False,False,False,False,False,False,False,False,False,False,False,False,False,False,False,False,False,False,True,False,False,False,False,True,False,False,False,False,80908.344
15.6,8.0,2.2,0,0,1920,1080,256.0,1,0,141.21199808219862,False,False,False,True,False,False,False,False,False,False,False,False,False,False,False,False,False,False,False,False,True,False,False,False,False,False,False,False,True,False,False,39693.6
15.4,16.0,1.83,1,0,2880,1800,512.0,1,0,220.53462386625827,True,False,False,False,False,False,False,False,False,False,False,False,False,False,False,False,False,False,False,False,False,True,False,False,False,False,True,False,False,False,False,150358.42440000002
15.6,8.0,2.2,0,0,1920,1080,1024.0,0,1,141.21199808219862,False,False,False,False,False,False,False,False,True,False,False,False,False,False,False,False,False,False,False,False,True,False,False,False,False,False,False,True,False,False,False,26586.72
13.3,8.0,1.22,1,1,1920,1080,128.0,1,0,165.6321180513006,False,False,False,True,False,False,False,False,False,False,False,False,False,False,False,False,False,False,False,False,False,True,False,False,False,False,False,False,True,False,False,52161.12
15.6,8.0,2.5,1,0,1920,1080,1152.0,1,1,141.21199808219862,False,False,False,False,False,False,False,False,True,False,False,False,False,False,False,False,False,False,True,False,False,False,False,False,False,False,False,False,True,False,False,53226.72
15.6,4.0,1.86,0,0,1366,768,500.0,0,1,100.45466986113651,False,False,False,False,False,False,True,False,False,False,False,False,False,False,False,False,False,False,False,False,True,False,False,False,False,False,False,True,False,False,False,13746.24
13.3,8.0,1.62,0,1,1920,1080,256.0,1,0,165.6321180513006,False,False,False,True,False,False,False,False,False,False,False,False,False,False,False,False,False,False,False,False,False,False,False,False,False,False,False,False,True,False,False,43636.32
15.6,8.0,1.91,0,0,1920,1080,256.0,1,0,141.21199808219862,False,False,False,False,False,False,True,False,False,False,False,False,False,False,False,False,False,False,False,False,False,True,False,False,False,False,False,False,True,False,False,35111.52
15.6,4.0,2.3,0,0,1366,768,1024.0,0,1,100.45466986113651,False,False,False,True,False,False,False,False,False,False,False,False,False,False,False,False,False,False,False,False,True,False,False,False,False,False,False,False,True,False,False,22305.1392
13.3,8.0,1.35,0,0,1440,900,128.0,0,0,127.67794013309688,True,False,False,False,False,False,False,False,False,False,False,False,False,False,False,False,False,False,False,False,False,True,False,False,False,True,False,False,False,False,False,58554.72
15.6,8.0,2.2,0,0,1920,1080,256.0,1,0,141.21199808219862,False,False,False,True,False,False,False,False,False,False,False,False,False,False,False,False,False,False,False,False,True,False,False,False,False,False,False,False,True,False,False,42624.0
15.6,8.0,1.88,0,0,1920,1080,512.0,1,0,141.21199808219862,False,False,False,True,False,False,False,False,False,False,False,False,False,False,False,False,False,False,False,False,False,True,False,False,False,False,False,False,True,False,False,69157.44
17.3,8.0,2.5,0,0,1920,1080,1024.0,0,1,127.33567457123111,False,False,False,False,False,False,True,False,False,False,False,False,False,False,False,False,False,False,False,False,True,False,False,False,False,False,False,False,True,False,False,47738.88
15.6,4.0,1.89,0,0,1920,1080,64.0,0,0,141.21199808219862,False,False,True,False,False,False,False,False,False,False,False,False,False,False,False,False,False,False,False,False,True,False,False,False,False,False,False,False,True,False,False,13053.0672
14.0,2.0,1.65,0,0,1366,768,32.0,0,0,111.93520355955211,False,True,False,False,False,False,False,False,False,False,False,False,False,False,False,False,False,False,False,False,True,False,False,False,False,False,False,False,True,False,False,10602.72
17.3,4.0,2.71,0,0,1920,1080,500.0,0,1,127.33567457123111,False,False,False,False,False,False,True,False,False,False,False,False,False,False,False,False,False,False,False,False,True,False,False,False,False,False,False,False,True,False,False,23389.92
13.3,16.0,1.2,0,1,3200,1800,512.0,1,0,276.053530085501,False,False,False,True,False,False,False,False,False,False,False,False,False,False,False,False,False,False,False,False,False,True,False,False,False,False,False,False,True,False,False,99580.32
13.3,8.0,1.35,0,0,1440,900,256.0,0,0,127.67794013309688,True,False,False,False,False,False,False,False,False,False,False,False,False,False,False,False,False,False,False,False,False,True,False,False,False,True,False,False,False,False,False,53173.44
14.0,4.0,1.44,0,0,1366,768,64.0,0,0,111.93520355955211,False,False,False,False,False,False,False,False,True,False,False,False,False,False,False,False,False,False,False,False,True,False,False,False,False,False,False,False,True,False,False,13266.72
15.6,4.0,2.1,0,0,1366,768,1024.0,0,1,100.45466986113651,False,False,False,False,False,False,False,False,False,False,False,False,False,False,False,False,False,False,False,False,True,False,False,False,True,False,False,False,False,False,False,19553.76
17.3,8.0,2.8,1,0,1920,1080,1152.0,1,1,127.33567457123111,False,False,False,True,False,False,False,False,False,False,False,False,False,False,False,False,False,False,False,False,True,False,False,False,False,False,False,False,True,False,False,52161.12
15.6,4.0,1.86,0,0,1366,768,1024.0,0,1,100.45466986113651,False,False,False,False,False,False,True,False,False,False,False,False,False,False,False,False,False,False,False,False,True,False,False,False,False,False,False,False,True,False,False,26037.4032
15.6,8.0,2.1,0,0,1920,1080,256.0,1,0,141.21199808219862,False,False,False,False,False,False,True,False,False,False,False,False,False,False,False,False,False,False,False,False,True,False,False,False,False,False,False,False,True,False,False,46833.12
15.6,4.0,2.0,0,0,1920,1080,1024.0,0,1,141.21199808219862,False,True,False,False,False,False,False,False,False,False,False,False,False,False,False,False,False,False,False,False,True,False,False,False,True,False,False,False,False,False,False,20725.92
15.6,16.0,2.65,1,0,1920,1080,1280.0,1,1,141.21199808219862,False,False,False,True,False,False,False,False,False,False,False,False,False,False,False,False,False,False,True,False,False,False,False,False,False,False,False,False,True,False,False,79866.72
15.6,8.0,2.3,0,0,1366,768,1024.0,0,1,100.45466986113651,False,True,False,False,False,False,False,False,False,False,False,False,False,False,False,False,False,False,False,False,True,False,False,False,True,False,False,False,False,False,False,27864.9072
15.6,4.0,2.2,1,0,1920,1080,256.0,1,0,141.21199808219862,False,False,False,False,False,False,False,False,False,False,False,False,False,False,False,False,False,False,False,False,True,False,False,False,False,False,False,False,True,False,False,36336.96
17.3,12.0,2.77,0,1,1920,1080,1024.0,0,1,127.33567457123111,False,False,False,True,False,False,False,False,False,False,False,False,False,False,False,False,False,False,False,False,False,False,False,False,False,False,False,False,True,False,False,53226.72
13.3,8.0,1.37,1,0,2560,1600,256.0,1,0,226.98300468106115,True,False,False,False,False,False,False,False,False,False,False,False,False,False,False,False,False,False,False,False,False,True,False,False,False,False,True,False,False,False,False,75604.32
17.3,8.0,3.2,0,0,1920,1080,1280.0,1,1,127.33567457123111,False,True,False,False,False,False,False,False,False,False,False,False,False,False,False,False,False,False,True,False,False,False,False,False,False,False,False,False,True,False,False,69210.72
15.6,4.0,2.3,0,0,1920,1080,256.0,1,0,141.21199808219862,False,False,False,True,False,False,False,False,False,False,False,False,False,False,False,False,False,False,False,False,True,False,False,False,False,False,False,False,True,False,False,34045.92
17.3,4.0,2.8,0,0,1366,768,1024.0,0,1,90.58340172449303,False,True,False,False,False,False,False,False,False,False,False,False,False,False,False,False,False,False,False,False,True,False,False,False,False,False,False,False,True,False,False,24828.48
15.6,8.0,2.2,1,0,1920,1080,256.0,1,0,141.21199808219862,False,False,False,False,False,False,False,False,False,False,False,False,False,False,False,False,False,False,False,False,True,False,False,False,False,False,False,False,True,False,False,44808.48
15.6,4.0,1.86,0,0,1920,1080,256.0,1,0,141.21199808219862,False,False,False,False,False,False,True,False,False,False,False,False,False,False,False,False,False,False,False,False,True,False,False,False,False,False,False,False,True,False,False,21231.5472
13.3,8.0,1.49,0,0,1920,1080,512.0,1,0,165.6321180513006,False,False,False,False,False,False,True,False,False,False,False,False,False,False,False,False,False,False,False,False,True,False,False,False,False,False,False,False,True,False,False,58767.84
15.6,4.0,2.4,0,0,1366,768,1024.0,0,1,100.45466986113651,False,False,False,False,False,False,False,False,False,False,False,False,False,False,False,False,False,False,False,False,True,False,False,False,False,False,False,False,True,False,False,20459.52
15.6,8.0,2.13,0,0,1920,1080,256.0,1,0,141.21199808219862,False,False,False,True,False,False,False,False,False,False,False,False,False,False,False,False,False,False,False,False,True,False,False,False,False,False,False,False,True,False,False,40908.384
15.6,4.0,1.91,0,0,1920,1080,128.0,1,0,141.21199808219862,False,False,False,False,False,False,True,False,False,False,False,False,False,False,False,False,False,False,False,False,True,False,False,False,False,False,False,False,True,False,False,23389.92
15.6,4.0,2.0,0,0,1366,768,256.0,1,0,100.45466986113651,False,True,False,False,False,False,False,False,False,False,False,False,False,False,False,False,False,False,False,False,True,False,False,False,False,False,False,False,True,False,False,31232.2032
17.3,16.0,2.43,0,0,1920,1080,2304.0,1,1,127.33567457123111,False,False,False,False,False,False,False,False,False,False,False,False,True,False,False,False,False,False,True,False,False,False,False,False,False,False,False,False,True,False,False,130482.72
15.6,4.0,2.0,0,0,1920,1080,256.0,1,0,141.21199808219862,False,True,False,False,False,False,False,False,False,False,False,False,False,False,False,False,False,False,False,False,True,False,False,False,True,False,False,False,False,False,False,22111.2
17.3,16.0,2.8,0,0,1920,1080,2304.0,1,1,127.33567457123111,False,False,False,True,False,False,False,False,False,False,False,False,False,False,False,False,False,False,False,False,True,False,False,False,False,False,False,False,True,False,False,69210.72
14.0,8.0,1.7,0,0,1920,1080,256.0,1,0,157.3505121487356,False,False,False,True,False,False,False,False,False,False,False,False,False,False,False,False,False,False,False,False,False,True,False,False,False,False,False,False,True,False,False,46833.12
14.0,8.0,1.7,1,0,1920,1080,256.0,1,0,157.3505121487356,False,False,False,False,False,False,False,False,True,False,False,False,False,False,False,False,False,False,False,False,True,False,False,False,False,False,False,True,False,False,False,31914.72
14.0,8.0,1.4,0,0,1920,1080,256.0,1,0,157.3505121487356,False,True,False,False,False,False,False,False,False,False,False,False,False,False,False,False,False,False,False,False,True,False,False,False,False,False,False,False,True,False,False,50136.48
15.6,8.0,1.86,0,0,1920,1080,256.0,1,0,141.21199808219862,False,False,False,False,False,False,True,False,False,False,False,False,False,False,False,False,False,False,False,False,True,False,False,False,False,False,False,False,True,False,False,36763.2
15.6,16.0,1.8,0,0,1920,1080,512.0,1,0,141.21199808219862,False,True,False,False,False,False,False,False,False,False,False,False,False,False,False,False,False,False,False,False,False,True,False,False,False,False,False,False,True,False,False,105654.24
15.6,4.0,1.86,0,0,1366,768,500.0,0,1,100.45466986113651,False,False,False,False,False,False,True,False,False,False,False,False,False,False,False,False,False,False,False,False,True,False,False,False,False,False,False,False,True,False,False,23373.4032
14.0,4.0,1.44,0,0,1366,768,32.0,1,0,111.93520355955211,False,False,False,False,False,False,True,False,False,False,False,False,False,False,False,False,False,False,False,False,True,False,False,False,False,False,False,False,True,False,False,12201.12
15.6,4.0,1.9,0,0,1920,1080,1024.0,0,1,141.21199808219862,False,False,False,False,False,False,False,False,True,False,False,False,False,False,False,False,False,False,False,False,True,False,False,False,False,False,False,False,True,False,False,29250.72
17.3,12.0,3.0,0,0,1920,1080,1024.0,0,1,127.33567457123111,False,True,False,False,False,False,False,False,False,False,False,False,False,False,False,False,False,False,True,False,False,False,False,False,True,False,False,False,False,False,False,50562.72
13.5,4.0,1.252,0,1,2256,1504,128.0,1,0,200.84255993695703,False,False,False,False,False,False,False,False,False,False,False,True,False,False,False,False,False,False,False,False,False,True,False,False,False,False,False,False,False,True,False,58021.92
13.3,64.0,1.4,1,0,1920,1080,256.0,1,0,165.6321180513006,False,False,False,True,False,False,False,False,False,False,False,False,False,False,False,False,False,False,False,False,False,True,False,False,False,False,False,False,True,False,False,50882.4
15.6,8.0,2.2,0,0,1920,1080,256.0,1,0,141.21199808219862,False,False,False,True,False,False,False,False,False,False,False,False,False,False,False,False,False,False,False,False,True,False,False,False,False,False,False,False,True,False,False,46353.6
17.3,8.0,2.7,0,0,1920,1080,1152.0,1,1,127.33567457123111,False,False,False,False,False,False,False,False,False,False,False,False,True,False,False,False,False,False,True,False,False,False,False,False,False,False,False,False,True,False,False,58341.6
14.0,8.0,2.1,0,0,1366,768,1024.0,0,1,111.93520355955211,False,False,False,False,False,False,False,False,False,False,False,False,False,False,False,False,False,False,False,False,True,False,False,False,False,False,False,False,True,False,False,20725.92
15.6,8.0,2.2,0,0,1920,1080,1024.0,0,1,141.21199808219862,False,True,False,False,False,False,False,False,False,False,False,False,False,False,False,False,False,False,True,False,False,False,False,False,False,False,False,False,True,False,False,50562.72
15.6,8.0,2.2,0,0,1920,1080,2048.0,0,1,141.21199808219862,False,False,False,False,False,False,False,False,True,False,False,False,False,False,False,False,False,False,False,False,True,False,False,False,False,False,False,True,False,False,False,27652.32
15.6,8.0,2.02,0,0,1920,1080,1152.0,1,1,141.21199808219862,False,False,False,True,False,False,False,False,False,False,False,False,False,False,False,False,False,False,False,False,True,False,False,False,False,False,False,False,True,False,False,45554.4
15.6,4.0,2.2,0,0,1920,1080,1024.0,0,1,141.21199808219862,False,False,False,False,False,False,False,False,False,False,False,False,False,False,False,False,False,False,False,False,True,False,False,False,False,False,False,False,True,False,False,28238.4
17.3,8.0,2.5,0,0,1920,1080,1152.0,1,1,127.33567457123111,False,False,False,False,False,False,True,False,False,False,False,False,False,False,False,False,False,False,False,False,True,False,False,False,False,False,False,False,True,False,False,52054.56
15.6,8.0,1.88,1,0,1920,1080,256.0,1,0,141.21199808219862,False,False,False,True,False,False,False,False,False,False,False,False,False,False,False,False,False,False,False,False,False,True,False,False,False,False,False,False,True,False,False,58403.4048
12.0,8.0,0.92,1,0,2304,1440,512.0,1,0,226.41554716935852,True,False,False,False,False,False,False,False,False,False,False,False,False,False,False,False,False,False,False,False,False,True,False,False,False,False,True,False,False,False,False,80452.8
14.0,8.0,1.63,0,0,1920,1080,256.0,1,0,157.3505121487356,False,False,False,False,False,False,True,False,False,False,False,False,False,False,False,False,False,False,False,False,True,False,False,False,False,False,False,False,True,False,False,45820.8
15.6,4.0,2.2,0,0,1920,1080,128.0,1,0,141.21199808219862,False,False,False,False,False,False,False,False,True,False,False,False,False,False,False,False,False,False,False,False,True,False,False,False,False,False,False,False,True,False,False,21258.72
15.6,4.0,2.1,0,0,1366,768,1024.0,0,1,100.45466986113651,False,False,False,False,False,False,False,False,False,False,False,False,False,False,False,False,False,False,False,False,True,False,False,False,False,False,False,False,True,False,False,21045.6
15.6,16.0,2.65,1,0,1920,1080,1152.0,1,1,141.21199808219862,False,False,False,True,False,False,False,False,False,False,False,False,False,False,False,False,False,False,True,False,False,False,False,False,False,False,False,False,True,False,False,71874.72
15.6,8.0,1.83,1,0,1920,1080,256.0,1,0,141.21199808219862,False,False,False,False,False,False,True,False,False,False,False,False,False,False,False,False,False,False,False,False,False,True,False,False,False,False,False,False,True,False,False,37242.72
15.6,8.0,1.96,0,0,1920,1080,256.0,1,0,141.21199808219862,False,False,False,False,False,False,True,False,False,False,False,False,False,False,False,False,False,False,False,False,True,False,False,False,False,False,False,False,True,False,False,31914.1872
15.6,16.0,2.2,1,0,1920,1080,1152.0,1,1,141.21199808219862,False,True,False,False,False,False,False,False,False,False,False,False,False,False,False,False,False,False,True,False,False,False,False,False,False,False,False,False,True,False,False,77202.72
13.3,8.0,1.21,1,0,1920,1080,256.0,1,0,165.6321180513006,False,False,False,True,False,False,False,False,False,False,False,False,False,False,False,False,False,False,False,False,False,True,False,False,False,False,False,False,True,False,False,87858.72
15.6,8.0,2.45,0,0,1920,1080,1024.0,0,1,141.21199808219862,False,True,False,False,False,False,False,False,False,False,False,False,False,False,False,False,False,False,True,False,False,False,False,False,False,False,False,False,True,False,False,37242.72
15.6,2.0,2.2,0,0,1920,1080,1024.0,0,1,141.21199808219862,False,False,False,False,False,False,False,False,False,False,False,False,False,False,False,False,False,False,False,False,True,False,False,False,False,False,False,False,True,False,False,36709.92
13.3,16.0,1.49,0,0,1920,1080,512.0,1,0,165.6321180513006,False,False,False,False,False,False,True,False,False,False,False,False,False,False,False,False,False,False,False,False,True,False,False,False,False,False,False,False,True,False,False,63776.16
15.6,8.0,2.65,0,0,1920,1080,256.0,1,0,141.21199808219862,False,False,False,True,False,False,False,False,False,False,False,False,False,False,False,False,False,False,True,False,False,False,False,False,False,False,False,False,True,False,False,63669.6
14.0,8.0,1.25,0,0,1920,1080,256.0,1,0,157.3505121487356,False,True,False,False,False,False,False,False,False,False,False,False,False,False,False,False,False,False,False,False,False,True,False,False,False,False,False,False,True,False,False,55890.72
13.3,8.0,1.5,1,1,1920,1080,256.0,1,0,165.6321180513006,False,False,False,False,False,False,False,False,False,False,False,False,False,False,False,False,False,False,False,False,False,False,False,False,False,False,False,False,True,False,False,45128.16
15.6,8.0,2.2,0,0,1920,1080,1024.0,0,1,141.21199808219862,False,False,False,True,False,False,False,False,False,False,False,False,False,False,False,False,False,False,False,False,True,False,False,False,True,False,False,False,False,False,False,31962.672
15.6,4.0,2.2,0,0,1920,1080,256.0,1,0,141.21199808219862,False,False,False,True,False,False,False,False,False,False,False,False,False,False,False,False,False,False,False,False,True,False,False,False,True,False,False,False,False,False,False,25840.8
15.6,6.0,2.0,0,0,1920,1080,256.0,1,0,141.21199808219862,False,True,False,False,False,False,False,False,False,False,False,False,False,False,False,False,False,False,False,False,True,False,False,False,False,False,False,False,True,False,False,30742.56
15.6,12.0,2.62,1,0,1920,1080,1152.0,1,1,141.21199808219862,False,False,False,False,False,False,True,False,False,False,False,False,False,False,False,False,False,False,True,False,False,False,False,False,False,False,False,False,True,False,False,66546.72
15.6,8.0,1.91,0,0,1920,1080,256.0,1,0,141.21199808219862,False,False,False,False,False,False,True,False,False,False,False,False,False,False,False,False,False,False,False,False,True,False,False,False,False,False,False,False,True,False,False,38308.32
15.6,4.0,2.1,0,0,1920,1080,500.0,0,1,141.21199808219862,False,False,False,False,False,False,True,False,False,False,False,False,False,False,False,False,False,False,False,False,True,False,False,False,False,False,False,False,True,False,False,18594.72
15.6,8.0,2.2,0,0,1920,1080,1024.0,0,1,141.21199808219862,False,False,False,True,False,False,False,False,False,False,False,False,False,False,False,False,False,False,False,False,True,False,False,False,True,False,False,False,False,False,False,34472.16
13.3,8.0,1.38,1,0,1920,1080,256.0,1,0,165.6321180513006,False,False,False,False,False,False,True,False,False,False,False,False,False,False,False,False,False,False,False,False,False,True,False,False,False,False,False,False,True,False,False,59620.32
13.5,8.0,1.252,0,1,2256,1504,256.0,1,0,200.84255993695703,False,False,False,False,False,False,False,False,False,False,False,True,False,False,False,False,False,False,False,False,False,True,False,False,False,False,False,False,False,True,False,71395.2
14.0,6.0,1.58,1,0,1920,1080,256.0,1,0,157.3505121487356,False,False,False,False,False,False,True,False,False,False,False,False,False,False,False,False,False,False,False,False,True,False,False,False,False,False,False,False,True,False,False,35111.52
15.6,4.0,1.85,0,0,1920,1080,1024.0,0,1,141.21199808219862,False,False,False,False,False,False,False,False,True,False,False,False,False,False,False,False,False,False,False,False,True,False,False,False,False,False,False,False,True,False,False,22105.872
14.0,8.0,1.3,1,0,1920,1080,256.0,1,0,157.3505121487356,False,True,False,False,False,False,False,False,False,False,False,False,False,False,False,False,False,False,False,False,False,True,False,False,False,False,False,False,True,False,False,63563.04
15.6,16.0,2.2,0,0,1920,1080,1280.0,1,1,141.21199808219862,False,False,False,False,False,False,False,False,False,False,False,False,True,False,False,False,False,False,True,False,False,False,False,False,False,False,False,False,True,False,False,69210.72
14.0,8.0,1.58,1,0,1920,1080,256.0,1,0,157.3505121487356,False,False,False,False,False,False,False,False,True,False,False,False,False,False,False,False,False,False,False,False,True,False,False,False,False,False,False,False,True,False,False,78854.4
15.6,16.0,1.5,0,0,1920,1080,1280.0,1,1,141.21199808219862,False,True,False,False,False,False,False,False,False,False,False,False,False,False,False,False,False,False,False,False,False,True,False,False,False,False,False,False,True,False,False,67239.36
13.3,8.0,1.23,0,1,3200,1800,256.0,1,0,276.053530085501,False,False,False,True,False,False,False,False,False,False,False,False,False,False,False,False,False,False,False,False,False,True,False,False,False,False,False,False,True,False,False,73473.12
13.3,8.0,1.37,1,1,1920,1080,256.0,1,0,165.6321180513006,False,False,False,False,False,False,False,False,True,False,False,False,False,False,False,False,False,False,False,False,False,False,False,False,False,False,False,False,True,False,False,74538.72
14.0,4.0,1.63,1,0,1366,768,500.0,0,1,111.93520355955211,False,False,False,False,False,False,True,False,False,False,False,False,False,False,False,False,False,False,False,False,True,False,False,False,False,False,False,False,True,False,False,38468.16
13.3,8.0,1.21,1,0,1920,1080,256.0,1,0,165.6321180513006,False,False,False,True,False,False,False,False,False,False,False,False,False,False,False,False,False,False,False,False,False,True,False,False,False,False,False,False,True,False,False,86793.12
14.0,8.0,1.63,0,0,1920,1080,512.0,1,0,157.3505121487356,False,False,False,False,False,False,True,False,False,False,False,False,False,False,False,False,False,False,False,False,True,False,False,False,False,False,False,False,True,False,False,57755.52
15.6,8.0,2.16,1,0,1920,1080,1280.0,1,1,141.21199808219862,False,False,False,True,False,False,False,False,False,False,False,False,False,False,False,False,False,False,False,False,True,False,False,False,False,False,False,False,True,False,False,60223.9824
17.3,4.0,2.0,0,0,1920,1080,1024.0,0,1,127.33567457123111,False,True,False,False,False,False,False,False,False,False,False,False,False,False,False,False,False,False,False,False,True,False,False,False,False,False,False,False,True,False,False,30049.92
15.6,8.0,1.7,0,0,1920,1080,256.0,1,0,141.21199808219862,False,True,False,False,False,False,False,False,False,False,False,False,False,False,False,False,False,False,False,False,True,False,False,False,False,False,False,False,True,False,False,59567.04
15.6,6.0,2.1,1,1,1920,1080,1024.0,0,1,141.21199808219862,False,False,False,False,False,False,False,False,False,False,False,False,False,False,False,False,False,False,False,False,True,False,False,False,False,False,False,False,True,False,False,25521.12
15.6,16.0,1.8,0,0,1920,1080,2304.0,1,1,141.21199808219862,False,False,False,False,False,False,False,False,False,False,False,False,True,False,False,False,False,False,True,False,False,False,False,False,False,False,False,False,True,False,False,119427.12
15.6,8.0,2.2,0,0,1920,1080,256.0,1,0,141.21199808219862,False,False,False,False,False,False,False,False,True,False,False,False,False,False,False,False,False,False,False,False,True,False,False,False,False,False,False,True,False,False,False,33513.12
17.3,16.0,2.5,0,0,1920,1080,512.0,1,0,127.33567457123111,False,False,False,False,False,False,True,False,False,False,False,False,False,False,False,False,False,False,False,False,True,False,False,False,False,False,False,False,True,False,False,67718.88
15.6,4.0,2.1,0,0,1366,768,256.0,1,0,100.45466986113651,False,False,False,False,False,False,False,False,False,False,False,False,False,False,False,False,False,False,False,False,True,False,False,False,False,False,False,False,True,False,False,24029.28
14.0,8.0,1.63,0,0,1920,1080,1024.0,0,1,157.3505121487356,False,False,False,False,False,False,True,False,False,False,False,False,False,False,False,False,False,False,False,False,True,False,False,False,False,False,False,False,True,False,False,43263.36
14.0,4.0,1.65,0,0,1366,768,64.0,1,0,111.93520355955211,False,True,False,False,False,False,False,False,False,False,False,False,False,False,False,False,False,False,False,False,True,False,False,False,False,False,False,False,False,True,False,14811.3072
17.3,16.0,2.8,0,0,1920,1080,2304.0,1,1,127.33567457123111,False,False,False,True,False,False,False,False,False,False,False,False,False,False,False,False,False,False,False,False,True,False,False,False,False,False,False,False,True,False,False,74378.88
17.3,8.0,2.5,0,0,1920,1080,256.0,1,0,127.33567457123111,False,False,False,False,False,False,True,False,False,False,False,False,False,False,False,False,False,False,False,False,True,False,False,False,False,False,False,False,True,False,False,49443.84
15.6,8.0,2.36,0,0,1366,768,1024.0,0,1,100.45466986113651,False,False,False,True,False,False,False,False,False,False,False,False,False,False,False,False,False,False,False,False,True,False,False,False,False,False,False,False,True,False,False,34045.3872
15.6,4.0,2.2,0,0,1920,1080,1024.0,0,1,141.21199808219862,False,False,False,True,False,False,False,False,False,False,False,False,False,False,False,False,False,False,False,False,True,False,False,False,False,False,False,False,True,False,False,23922.72
14.0,8.0,1.6,1,0,1920,1080,256.0,1,0,157.3505121487356,False,False,False,False,False,False,False,False,False,False,False,False,False,False,False,False,False,False,False,False,False,True,False,False,False,False,False,False,True,False,False,47099.52
15.6,4.0,3.575,0,0,1920,1080,256.0,1,0,141.21199808219862,False,False,False,False,False,False,False,False,False,False,False,False,False,False,False,False,False,False,False,False,True,False,False,False,False,False,False,False,True,False,False,30476.16
15.6,8.0,2.05,0,0,1366,768,1024.0,0,1,100.45466986113651,False,False,False,False,False,False,True,False,False,False,False,False,False,False,False,False,False,False,False,False,True,False,False,False,False,False,False,False,True,False,False,31861.44
14.0,8.0,1.63,0,0,1920,1080,256.0,1,0,157.3505121487356,False,False,False,False,False,False,True,False,False,False,False,False,False,False,False,False,False,False,False,False,True,False,False,False,False,False,False,False,True,False,False,52640.64
15.6,4.0,1.9,0,0,1366,768,1024.0,0,1,100.45466986113651,False,False,False,False,False,False,False,False,True,False,False,False,False,False,False,False,False,False,False,False,True,False,False,False,False,False,False,True,False,False,False,13445.7408
17.3,8.0,3.0,0,0,1920,1080,1152.0,1,1,127.33567457123111,False,True,False,False,False,False,False,False,False,False,False,False,False,False,False,False,False,False,True,False,False,False,False,False,False,False,False,False,True,False,False,49976.64
15.6,4.0,2.2,0,0,1920,1080,1024.0,0,1,141.21199808219862,False,False,False,False,False,False,False,False,True,False,False,False,False,False,False,False,False,False,False,False,True,False,False,False,False,False,False,True,False,False,False,26586.72
13.3,4.0,1.32,1,0,1920,1080,256.0,1,0,165.6321180513006,False,False,False,False,False,False,True,False,False,False,False,False,False,False,False,False,False,False,False,False,True,False,False,False,False,False,False,False,True,False,False,37242.72
17.3,4.0,3.0,1,0,1920,1080,1024.0,0,1,127.33567457123111,False,False,False,False,False,False,False,False,False,False,False,False,False,False,False,False,False,False,False,False,True,False,False,False,False,False,False,False,True,False,False,34898.4
14.0,8.0,1.75,1,0,1920,1080,256.0,1,0,157.3505121487356,False,False,False,False,False,False,False,False,True,False,False,False,False,False,False,False,False,False,False,False,True,False,False,False,False,False,False,False,True,False,False,59461.5456
15.6,8.0,2.4,1,0,1920,1080,256.0,1,0,141.21199808219862,False,False,False,False,False,False,False,False,True,False,False,False,False,False,False,False,False,False,True,False,False,False,False,False,False,False,False,True,False,False,False,46300.32
15.6,4.0,2.1,0,0,1366,768,500.0,0,1,100.45466986113651,False,False,False,False,False,False,False,False,False,False,False,False,False,False,False,True,False,False,False,False,True,False,False,False,False,False,False,False,True,False,False,32074.56
15.6,4.0,1.86,0,0,1366,768,256.0,1,0,100.45466986113651,False,False,False,False,False,False,True,False,False,False,False,False,False,False,False,False,False,False,False,False,True,False,False,False,False,False,False,False,True,False,False,19660.32
14.0,8.0,1.25,0,0,1920,1080,256.0,1,0,157.3505121487356,False,True,False,False,False,False,False,False,False,False,False,False,False,False,False,False,False,False,False,False,False,True,False,False,False,False,False,False,True,False,False,58554.72
12.5,8.0,0.97,1,1,3840,2160,512.0,1,0,352.4651472131677,False,False,False,False,False,False,True,False,False,False,False,False,False,False,False,False,False,False,False,False,False,True,False,False,False,False,False,False,True,False,False,107305.92
15.6,4.0,2.0,0,0,1920,1080,1024.0,0,1,141.21199808219862,False,True,False,False,False,False,False,False,False,False,False,False,False,False,False,False,False,False,False,False,True,False,False,False,False,False,False,False,True,False,False,18328.32
15.6,4.0,2.1,0,0,1366,768,1024.0,0,1,100.45466986113651,False,False,False,False,False,False,False,False,False,False,False,False,False,False,False,False,False,False,False,False,True,False,False,False,False,False,False,False,True,False,False,23816.16
15.6,16.0,2.56,0,0,1920,1080,512.0,1,0,141.21199808219862,False,False,False,True,False,False,False,False,False,False,False,False,False,False,False,False,False,False,True,False,False,False,False,False,False,False,False,False,True,False,False,66560.5728
15.6,8.0,2.62,0,0,1920,1080,1024.0,0,0,141.21199808219862,False,False,False,True,False,False,False,False,False,False,False,False,False,False,False,False,False,False,True,False,False,False,False,False,False,False,False,False,True,False,False,47898.72
15.6,4.0,1.9,0,0,1366,768,128.0,1,0,100.45466986113651,False,False,False,False,False,False,False,False,True,False,False,False,False,False,False,False,False,False,False,False,True,False,False,False,False,False,False,False,True,False,False,26533.44
17.3,16.0,2.8,0,0,1920,1080,1280.0,1,1,127.33567457123111,False,False,False,False,False,False,False,False,False,False,False,False,True,False,False,False,False,False,True,False,False,False,False,False,False,False,False,False,True,False,False,100699.2
14.0,4.0,1.48,0,0,1920,1080,256.0,1,0,157.3505121487356,False,False,False,False,False,False,True,False,False,False,False,False,False,False,False,False,False,False,False,False,False,True,False,False,False,False,False,False,True,False,False,57648.96
15.6,6.0,1.91,0,0,1920,1080,256.0,1,0,141.21199808219862,False,False,False,False,False,False,True,False,False,False,False,False,False,False,False,False,False,False,False,False,True,False,False,False,False,False,False,False,True,False,False,32980.32
14.0,4.0,1.74,1,1,1920,1080,256.0,1,0,157.3505121487356,False,False,False,False,False,False,False,False,True,False,False,False,False,False,False,False,False,False,False,False,False,False,False,False,False,False,False,False,True,False,False,33513.12
13.3,8.0,1.1,0,1,1920,1080,256.0,1,0,165.6321180513006,False,True,False,False,False,False,False,False,False,False,False,False,False,False,False,False,False,False,False,False,False,False,False,False,False,False,False,False,True,False,False,70063.2
15.6,8.0,1.56,0,1,1920,1080,256.0,1,0,141.21199808219862,False,False,False,True,False,False,False,False,False,False,False,False,False,False,False,False,False,False,False,False,False,False,False,False,False,False,False,False,True,False,False,55890.72
15.6,4.0,2.1,0,0,1366,768,500.0,0,1,100.45466986113651,False,False,False,False,False,False,False,False,False,False,False,False,False,False,False,True,False,False,False,False,True,False,False,False,False,False,False,False,True,False,False,23816.16
15.6,4.0,2.03,0,0,1366,768,1024.0,0,1,100.45466986113651,False,True,False,False,False,False,False,False,False,False,False,False,False,False,False,False,False,False,False,False,True,False,False,False,False,False,False,False,True,False,False,21471.84
17.3,4.0,3.0,1,0,1920,1080,256.0,1,0,127.33567457123111,False,False,False,False,False,False,False,False,False,False,False,False,False,False,False,False,False,False,False,False,True,False,False,False,False,False,False,False,True,False,False,42890.4
15.6,8.0,2.13,0,0,1920,1080,256.0,1,0,141.21199808219862,False,False,False,True,False,False,False,False,False,False,False,False,False,False,False,False,False,False,False,False,True,False,False,False,False,False,False,False,True,False,False,38787.84
15.6,16.0,2.5,1,0,1920,1080,256.0,1,0,141.21199808219862,False,False,False,False,False,False,False,False,True,False,False,False,False,False,False,False,False,False,True,False,False,False,False,False,False,False,False,False,True,False,False,57489.12
15.6,4.0,2.1,0,0,1366,768,1024.0,0,1,100.45466986113651,False,False,False,False,False,False,False,False,False,False,False,False,False,False,False,False,False,False,False,False,True,False,False,False,False,False,False,False,True,False,False,18541.44
15.6,16.0,2.4,1,0,1920,1080,1280.0,1,1,141.21199808219862,False,False,False,False,False,False,False,False,False,False,False,False,True,False,False,False,False,False,True,False,False,False,False,False,False,False,False,False,True,False,False,95850.72
15.6,4.0,2.1,0,0,1366,768,1024.0,0,1,100.45466986113651,False,False,False,False,False,False,False,False,False,False,False,False,False,False,False,False,False,False,False,False,True,False,False,False,False,False,False,False,True,False,False,19367.8128
15.6,8.0,2.56,0,0,1920,1080,1152.0,1,1,141.21199808219862,False,False,False,True,False,False,False,False,False,False,False,False,False,False,False,False,False,False,True,False,False,False,False,False,False,False,False,False,True,False,False,56502.9072
17.3,8.0,3.0,1,0,1920,1080,256.0,1,0,127.33567457123111,False,False,False,False,False,False,False,False,False,False,False,False,False,False,False,False,False,False,False,False,True,False,False,False,False,False,False,False,True,False,False,45501.12
13.3,4.0,1.49,1,0,1920,1080,500.0,0,1,165.6321180513006,False,False,False,False,False,False,True,False,False,False,False,False,False,False,False,False,False,False,False,False,True,False,False,False,False,False,False,False,True,False,False,40173.12
13.0,8.0,1.05,1,0,2160,1440,256.0,1,0,199.69207064108247,False,False,False,False,False,False,False,True,False,False,False,False,False,False,False,False,False,False,False,False,False,True,False,False,False,False,False,False,True,False,False,71874.72
17.3,6.0,2.71,1,0,1920,1080,2048.0,0,1,127.33567457123111,False,False,False,False,False,False,True,False,False,False,False,False,False,False,False,False,False,False,False,False,True,False,False,False,False,False,False,False,True,False,False,37242.72
15.6,4.0,2.2,0,0,1366,768,500.0,0,1,100.45466986113651,False,False,False,False,False,False,False,False,True,False,False,False,False,False,False,False,False,False,False,False,True,False,False,False,False,False,False,True,False,False,False,16463.52
15.6,4.0,3.575,0,0,1366,768,500.0,0,1,100.45466986113651,False,False,False,False,False,False,False,False,False,False,False,False,False,False,False,True,False,False,False,False,True,False,False,False,False,False,False,False,True,False,False,26053.92
17.3,8.0,2.5,0,0,1920,1080,256.0,1,0,127.33567457123111,False,False,False,False,False,False,True,False,False,False,False,False,False,False,False,False,False,False,False,False,True,False,False,False,False,False,False,False,True,False,False,49177.44
15.6,8.0,2.3,0,0,1366,768,1024.0,0,1,100.45466986113651,False,False,False,True,False,False,False,False,False,False,False,False,False,False,False,False,False,False,False,False,True,False,False,False,False,False,False,False,True,False,False,24455.52
15.6,4.0,2.1,0,0,1366,768,128.0,1,0,100.45466986113651,False,False,False,False,False,False,False,False,False,False,False,False,False,False,False,False,False,False,False,False,True,False,False,False,False,False,False,False,True,False,False,23922.72
18.4,32.0,3.575,0,0,1920,1080,1536.0,1,1,119.7232157653423,False,False,False,False,False,False,False,False,False,False,False,False,True,False,False,False,False,False,True,False,False,False,False,False,False,False,False,False,True,False,False,149130.72
15.6,8.0,1.9,0,0,1920,1080,1152.0,1,1,141.21199808219862,False,False,False,False,False,False,False,False,True,False,False,False,False,False,False,False,False,False,False,False,True,False,False,False,False,False,False,False,True,False,False,43316.64
13.3,8.0,1.29,1,1,3840,2160,256.0,1,0,331.2642361026012,False,False,False,False,False,False,True,False,False,False,False,False,False,False,False,False,False,False,False,False,False,False,False,False,False,False,False,False,True,False,False,79866.72
15.6,16.0,2.02,0,0,1920,1080,2304.0,1,1,141.21199808219862,False,False,False,True,False,False,False,False,False,False,False,False,False,False,False,False,False,False,False,False,True,False,False,False,True,False,False,False,False,False,False,55890.72
13.3,8.0,1.23,0,0,1920,1080,256.0,1,0,165.6321180513006,False,False,False,True,False,False,False,False,False,False,False,False,False,False,False,False,False,False,False,False,False,True,False,False,False,False,False,False,True,False,False,74538.72
13.9,16.0,1.4,1,1,3840,2160,512.0,1,0,316.96506044349616,False,False,False,False,False,False,False,False,True,False,False,False,False,False,False,False,False,False,False,False,False,False,False,False,False,False,False,False,True,False,False,98514.72
15.6,8.0,2.0,0,0,1366,768,128.0,1,0,100.45466986113651,False,False,False,False,False,False,False,False,False,False,False,False,False,False,False,True,False,False,False,False,True,False,False,False,False,False,False,False,True,False,False,42251.04
15.6,8.0,1.95,1,0,1920,1080,256.0,1,0,141.21199808219862,False,False,False,False,False,False,False,False,False,False,False,False,False,False,False,False,False,True,False,False,True,False,False,False,False,False,False,True,False,False,False,63882.72
17.3,16.0,2.77,0,1,1920,1080,512.0,1,0,127.33567457123111,False,False,False,True,False,False,False,False,False,False,False,False,False,False,False,False,False,False,False,False,True,False,False,False,False,False,False,False,True,False,False,82530.72
15.6,16.0,2.06,0,1,3840,2160,512.0,1,0,282.42399616439724,False,False,False,True,False,False,False,False,False,False,False,False,False,False,False,False,False,False,False,False,True,False,False,False,False,False,False,False,True,False,False,127712.16
15.6,8.0,2.4,1,0,1920,1080,256.0,1,0,141.21199808219862,False,False,False,False,False,False,False,False,True,False,False,False,False,False,False,False,False,False,True,False,False,False,False,False,False,False,False,True,False,False,False,41505.12
13.3,8.0,1.12,1,0,1920,1080,256.0,1,0,165.6321180513006,False,False,False,False,False,False,False,False,False,False,False,False,False,False,False,False,False,False,False,False,False,True,False,False,False,False,False,False,True,False,False,52693.92
17.3,8.0,2.8,0,0,1920,1080,1152.0,1,1,127.33567457123111,False,False,False,True,False,False,False,False,False,False,False,False,False,False,False,False,False,False,False,False,True,False,False,False,False,False,False,False,True,False,False,57808.8
14.0,4.0,1.3,1,0,1920,1080,32.0,0,0,157.3505121487356,False,False,False,False,False,False,False,False,False,False,False,False,False,False,False,False,True,False,False,False,True,False,False,False,False,False,False,False,True,False,False,13852.8
13.3,8.0,1.3,1,0,1920,1080,256.0,1,0,165.6321180513006,False,False,False,False,False,False,False,False,False,False,False,False,False,False,False,False,False,True,False,False,False,True,False,False,False,False,False,True,False,False,False,53274.672
17.3,8.0,2.8,0,0,1600,900,256.0,1,0,106.11306214269258,False,False,False,False,False,False,False,False,True,False,False,False,False,False,False,False,False,False,False,False,True,False,False,False,False,False,False,True,False,False,False,37189.44
13.3,8.0,1.62,1,1,1920,1080,1024.0,0,1,165.6321180513006,False,False,False,True,False,False,False,False,False,False,False,False,False,False,False,False,False,False,False,False,False,False,False,False,False,False,False,False,True,False,False,44701.92
17.3,8.0,2.5,1,0,1920,1080,1024.0,0,1,127.33567457123111,False,False,False,False,False,False,True,False,False,False,False,False,False,False,False,False,False,False,False,False,True,False,False,False,False,False,False,False,True,False,False,48697.92
17.3,32.0,3.49,0,1,3840,2160,1024.0,1,0,254.67134914246222,False,False,False,False,False,False,False,False,False,False,False,False,False,True,False,False,False,False,True,False,False,False,False,False,False,False,False,False,True,False,False,150358.42440000002
13.3,8.0,1.49,0,0,1920,1080,512.0,1,0,165.6321180513006,False,False,False,False,False,False,True,False,False,False,False,False,False,False,False,False,False,False,False,False,True,False,False,False,False,False,False,False,True,False,False,51095.52
17.3,16.0,3.35,1,0,1920,1080,1280.0,1,1,127.33567457123111,False,False,False,False,False,False,True,False,False,False,False,False,False,False,False,False,False,False,True,False,False,False,False,False,False,False,False,False,True,False,False,73473.12
17.3,8.0,2.5,0,0,1920,1080,256.0,1,0,127.33567457123111,False,False,False,False,False,False,True,False,False,False,False,False,False,False,False,False,False,False,False,False,True,False,False,False,False,False,False,False,True,False,False,55677.6
15.6,16.0,2.65,1,0,3840,2160,1536.0,1,1,282.42399616439724,False,False,False,True,False,False,False,False,False,False,False,False,False,False,False,False,False,False,True,False,False,False,False,False,False,False,False,False,True,False,False,98301.6
15.6,4.0,2.1,0,0,1366,768,128.0,1,0,100.45466986113651,False,False,False,False,False,False,False,False,True,False,False,False,False,False,False,False,False,False,False,False,True,False,False,False,False,False,False,False,True,False,False,26267.04
15.6,8.0,2.23,0,0,1920,1080,1024.0,0,1,141.21199808219862,False,False,False,False,False,False,False,False,False,False,False,False,False,False,False,False,False,False,False,False,True,False,False,False,False,False,False,False,True,False,False,39533.76
15.6,16.0,3.2,1,0,1920,1080,1536.0,1,1,141.21199808219862,False,False,False,False,False,False,False,False,True,False,False,False,False,False,False,False,False,False,True,False,False,False,False,False,False,False,False,False,True,False,False,93186.72
15.6,16.0,2.8,0,0,3840,2160,1280.0,1,1,282.42399616439724,False,False,False,True,False,False,False,False,False,False,False,False,False,False,False,False,False,False,False,False,False,False,True,False,False,False,False,False,True,False,False,150358.42440000002
15.6,16.0,2.4,0,0,1920,1080,512.0,1,0,141.21199808219862,False,False,False,False,False,False,False,False,True,False,False,False,False,False,False,False,False,False,True,False,False,False,False,False,False,False,False,True,False,False,False,74485.44
15.6,6.0,2.3,0,1,1366,768,1024.0,0,1,100.45466986113651,False,False,False,True,False,False,False,False,False,False,False,False,False,False,False,False,False,False,False,False,True,False,False,False,False,False,False,False,True,False,False,23389.92
13.3,8.0,1.21,1,1,3840,2160,256.0,1,0,331.2642361026012,False,False,False,True,False,False,False,False,False,False,False,False,False,False,False,False,False,False,False,False,False,True,False,False,False,False,False,False,True,False,False,103842.72
13.3,8.0,2.04,0,0,1920,1080,256.0,1,0,165.6321180513006,False,False,False,True,False,False,False,False,False,False,False,False,False,False,False,False,False,False,False,False,False,True,False,False,False,False,False,False,True,False,False,77202.72
15.6,8.0,2.4,0,0,1920,1080,1024.0,0,1,141.21199808219862,False,False,False,False,False,False,False,False,False,False,False,False,False,False,False,False,False,False,False,False,True,False,False,False,True,False,False,False,False,False,False,41505.12
17.3,16.0,2.9,0,0,1920,1080,1280.0,1,1,127.33567457123111,False,True,False,False,False,False,False,False,False,False,False,False,False,False,False,False,False,False,True,False,False,False,False,False,False,False,False,False,True,False,False,74964.96
15.6,4.0,2.1,0,0,1920,1080,500.0,0,1,141.21199808219862,False,False,False,False,False,False,True,False,False,False,False,False,False,False,False,False,False,False,False,False,True,False,False,False,False,False,False,True,False,False,False,18594.72
15.6,8.0,2.2,0,0,1920,1080,256.0,1,0,141.21199808219862,False,False,False,False,False,False,False,False,True,False,False,False,False,False,False,False,False,False,False,False,True,False,False,False,False,False,False,True,False,False,False,29250.72
13.0,8.0,1.05,1,0,2160,1440,512.0,1,0,199.69207064108247,False,False,False,False,False,False,False,True,False,False,False,False,False,False,False,False,False,False,False,False,False,True,False,False,False,False,False,False,True,False,False,79866.72
13.3,8.0,1.4,1,0,1920,1080,256.0,1,0,165.6321180513006,False,False,False,True,False,False,False,False,False,False,False,False,False,False,False,False,False,False,False,False,False,True,False,False,False,False,False,False,True,False,False,49650.5664
17.3,8.0,2.8,0,0,1600,900,1024.0,0,1,106.11306214269258,False,False,False,False,False,False,False,False,True,False,False,False,False,False,False,False,False,False,False,False,True,False,False,False,False,False,False,True,False,False,False,31381.92
14.0,8.0,1.63,0,0,1920,1080,256.0,1,0,157.3505121487356,False,False,False,False,False,False,True,False,False,False,False,False,False,False,False,False,False,False,False,False,True,False,False,False,False,False,False,False,True,False,False,54931.68
14.0,8.0,1.6,0,0,1920,1080,256.0,1,0,157.3505121487356,False,False,False,True,False,False,False,False,False,False,False,False,False,False,False,False,False,False,False,False,False,True,False,False,False,False,False,False,True,False,False,61218.72
13.3,16.0,1.62,0,1,1920,1080,512.0,1,0,165.6321180513006,False,False,False,True,False,False,False,False,False,False,False,False,False,False,False,False,False,False,False,False,False,False,False,False,False,False,False,False,True,False,False,68145.12
15.6,8.0,2.2,0,0,1920,1080,256.0,1,0,141.21199808219862,False,False,False,True,False,False,False,False,False,False,False,False,False,False,False,False,False,False,False,False,True,False,False,False,True,False,False,False,False,False,False,36089.208
14.0,8.0,1.74,1,0,1920,1080,256.0,1,0,157.3505121487356,False,False,False,False,False,False,False,False,True,False,False,False,False,False,False,False,False,False,False,False,False,False,False,False,False,False,False,False,True,False,False,47898.72
13.3,8.0,1.2,0,0,1920,1080,256.0,1,0,165.6321180513006,False,False,False,False,False,False,False,False,False,False,False,False,False,False,False,True,False,False,False,False,False,True,False,False,False,False,False,False,True,False,False,72620.64
15.6,8.0,2.1,0,0,1920,1080,1024.0,0,1,141.21199808219862,False,False,False,False,False,False,True,False,False,False,False,False,False,False,False,False,False,False,False,False,True,False,False,False,False,False,False,False,True,False,False,42304.32
17.3,16.0,3.575,1,0,1920,1080,1280.0,1,1,127.33567457123111,False,False,False,True,False,False,False,False,False,False,False,False,False,False,False,False,False,False,True,False,False,False,False,False,False,False,False,False,True,False,False,130873.7952
15.6,8.0,2.2,0,0,1920,1080,256.0,1,0,141.21199808219862,False,False,False,False,False,False,False,False,False,False,False,False,False,False,False,False,False,False,False,False,True,False,False,False,False,False,False,False,True,False,False,44328.96
15.6,16.0,2.3,0,1,1920,1080,1024.0,0,1,141.21199808219862,False,False,False,True,False,False,False,False,False,False,False,False,False,False,False,False,False,False,False,False,True,False,False,False,False,False,False,False,True,False,False,45768.0528
15.6,8.0,2.0,0,0,1920,1080,256.0,1,0,141.21199808219862,False,True,False,False,False,False,False,False,False,False,False,False,False,False,False,False,False,False,False,False,True,False,False,False,False,False,False,False,True,False,False,40972.32
17.3,8.0,2.69,0,0,1920,1080,756.0,1,1,127.33567457123111,False,True,False,False,False,False,False,False,False,False,False,False,False,False,False,False,False,False,False,False,True,False,False,False,False,False,False,False,True,False,False,47472.48
15.6,8.0,1.9,0,0,1920,1080,1024.0,0,1,141.21199808219862,False,False,False,False,False,False,True,False,False,False,False,False,False,False,False,False,False,False,False,False,True,False,False,False,False,False,False,False,True,False,False,67612.32
15.6,4.0,2.37,0,0,1366,768,1024.0,0,1,100.45466986113651,False,True,False,False,False,False,False,False,False,False,False,False,False,False,False,False,False,False,False,False,True,False,False,False,False,False,False,False,True,False,False,21258.1872
15.6,4.0,2.1,0,0,1366,768,500.0,0,1,100.45466986113651,False,False,False,False,False,False,True,False,False,False,False,False,False,False,False,False,False,False,False,False,True,False,False,False,False,False,False,False,True,False,False,17582.4
15.6,16.0,3.2,1,0,1920,1080,1280.0,1,1,141.21199808219862,False,False,False,False,False,False,False,False,True,False,False,False,False,False,False,False,False,False,True,False,False,False,False,False,False,False,False,False,True,False,False,79866.72
14.0,8.0,1.6,0,0,1920,1080,256.0,1,0,157.3505121487356,False,False,False,True,False,False,False,False,False,False,False,False,False,False,False,False,False,False,False,False,True,False,False,False,False,False,False,False,True,False,False,45767.52
13.3,8.0,1.6,1,1,1920,1080,256.0,1,0,165.6321180513006,False,False,False,False,False,False,False,False,False,False,False,False,False,False,False,False,False,False,False,False,False,False,False,False,False,False,False,False,True,False,False,36709.92
15.6,16.0,2.36,0,0,1920,1080,256.0,1,0,141.21199808219862,False,False,False,True,False,False,False,False,False,False,False,False,False,False,False,False,False,False,False,False,True,False,False,False,True,False,False,False,False,False,False,47898.72
15.6,4.0,2.1,0,0,1366,768,1024.0,0,1,100.45466986113651,False,False,False,False,False,False,False,False,False,False,False,False,False,False,False,False,False,False,False,False,True,False,False,False,True,False,False,False,False,False,False,20779.2
15.6,4.0,2.2,0,0,1920,1080,1152.0,1,1,141.21199808219862,False,True,False,False,False,False,False,False,False,False,False,False,False,False,False,False,False,False,False,False,True,False,False,False,False,False,False,False,True,False,False,30636.0
17.3,32.0,3.575,0,0,1920,1080,1536.0,1,1,127.33567457123111,False,True,False,False,False,False,False,False,False,False,False,False,False,False,False,False,False,False,True,False,False,False,False,False,False,False,False,False,True,False,False,150358.42440000002
15.6,8.0,2.5,1,0,1920,1080,256.0,1,0,141.21199808219862,False,False,False,False,False,False,False,False,False,False,False,False,False,False,False,False,False,False,True,False,False,False,False,False,False,False,False,False,True,False,False,45074.88
15.6,8.0,3.575,0,0,1366,768,128.0,1,0,100.45466986113651,False,False,False,False,False,False,False,False,True,False,False,False,False,False,False,False,False,False,False,False,True,False,False,False,False,False,False,False,True,False,False,31381.92
17.3,8.0,2.1,0,0,1920,1080,1152.0,1,1,127.33567457123111,False,True,False,False,False,False,False,False,False,False,False,False,False,False,False,False,False,False,False,False,True,False,False,False,False,False,False,False,True,False,False,61005.6
17.3,8.0,2.69,0,0,1920,1080,1152.0,1,1,127.33567457123111,False,True,False,False,False,False,False,False,False,False,False,False,False,False,False,False,False,False,False,False,True,False,False,False,False,False,False,True,False,False,False,47365.92
15.6,8.0,2.56,0,0,1920,1080,256.0,1,0,141.21199808219862,False,False,False,True,False,False,False,False,False,False,False,False,False,False,False,False,False,False,True,False,False,False,False,False,False,False,False,False,True,False,False,46833.12
13.9,8.0,1.38,1,1,1920,1080,256.0,1,0,158.48253022174808,False,False,False,False,False,False,False,False,True,False,False,False,False,False,False,False,False,False,False,False,False,False,False,False,False,False,False,False,True,False,False,57489.12
15.6,8.0,2.2,0,0,1920,1080,2176.0,1,1,141.21199808219862,False,False,False,True,False,False,False,False,False,False,False,False,False,False,False,False,False,False,False,False,True,False,False,False,False,False,False,False,True,False,False,52480.8
15.6,8.0,2.04,0,1,1366,768,1024.0,0,1,100.45466986113651,False,False,False,False,False,False,True,False,False,False,False,False,False,False,False,False,False,False,False,False,True,False,False,False,False,False,False,False,True,False,False,29783.52
17.3,16.0,3.575,0,0,1920,1080,256.0,1,0,127.33567457123111,False,True,False,False,False,False,False,False,False,False,False,False,False,False,False,False,False,False,True,False,False,False,False,False,False,False,False,False,True,False,False,150358.42440000002
13.3,4.0,1.49,1,0,1920,1080,500.0,0,1,165.6321180513006,False,False,False,False,False,False,True,False,False,False,False,False,False,False,False,False,False,False,False,False,True,False,False,False,False,False,False,False,True,False,False,35964.0
13.3,8.0,1.37,1,0,2560,1600,512.0,1,0,226.98300468106115,True,False,False,False,False,False,False,False,False,False,False,False,False,False,False,False,False,False,False,False,False,True,False,False,False,False,True,False,False,False,False,108691.2
15.6,8.0,2.08,1,1,1920,1080,1024.0,0,1,141.21199808219862,False,False,False,True,False,False,False,False,False,False,False,False,False,False,False,False,False,False,False,False,False,False,False,False,False,False,False,False,True,False,False,43636.32
17.3,16.0,3.575,0,0,1920,1080,1280.0,1,1,127.33567457123111,False,True,False,False,False,False,False,False,False,False,False,False,False,False,False,False,False,False,True,False,False,False,False,False,False,False,False,False,True,False,False,95850.72
15.6,4.0,1.68,0,0,1366,768,1024.0,0,1,100.45466986113651,False,True,False,False,False,False,False,False,False,False,False,False,False,False,False,False,False,False,False,False,True,False,False,False,False,False,False,False,True,False,False,24988.32
13.9,8.0,1.37,1,1,1920,1080,512.0,1,0,158.48253022174808,False,False,False,False,False,False,False,False,True,False,False,False,False,False,False,False,False,False,False,False,False,False,False,False,False,False,False,False,True,False,False,98514.72
17.3,4.0,3.0,1,0,1920,1080,256.0,1,0,127.33567457123111,False,False,False,False,False,False,False,False,False,False,False,False,False,False,False,False,False,False,False,False,True,False,False,False,False,False,False,False,True,False,False,37402.56
13.3,8.0,1.41,0,0,1920,1080,256.0,1,0,165.6321180513006,False,False,False,True,False,False,False,False,False,False,False,False,False,False,False,False,False,False,False,False,False,True,False,False,False,False,False,False,True,False,False,50562.72
15.6,8.0,1.91,0,0,1366,768,128.0,1,0,100.45466986113651,False,False,False,False,False,False,True,False,False,False,False,False,False,False,False,False,False,False,False,False,True,False,False,False,False,False,False,False,True,False,False,23757.552
17.3,16.0,2.9,1,0,1920,1080,1024.0,0,1,127.33567457123111,False,False,False,False,False,False,True,False,False,False,False,False,False,False,False,False,False,False,False,False,True,False,False,False,False,False,False,False,True,False,False,56423.52
17.3,16.0,3.575,0,0,1920,1080,1536.0,1,1,127.33567457123111,False,False,False,False,False,False,False,False,False,False,False,False,True,False,False,False,False,False,True,False,False,False,False,False,False,False,False,False,True,False,False,133146.72
15.6,8.0,2.0,1,1,1920,1080,512.0,1,0,141.21199808219862,False,False,False,False,False,False,False,False,True,False,False,False,False,False,False,False,False,False,False,False,False,False,False,False,False,False,False,False,True,False,False,90522.72
17.3,8.0,2.8,0,0,1920,1080,1152.0,1,1,127.33567457123111,False,False,False,True,False,False,False,False,False,False,False,False,False,False,False,False,False,False,False,False,True,False,False,False,False,False,False,False,True,False,False,60845.76
15.6,4.0,2.2,0,0,1920,1080,256.0,1,0,141.21199808219862,False,False,False,False,False,False,False,False,True,False,False,False,False,False,False,False,False,False,False,False,True,False,False,False,False,False,False,True,False,False,False,23656.32
15.6,4.0,2.1,1,0,1920,1080,500.0,0,1,141.21199808219862,False,False,False,False,False,False,True,False,False,False,False,False,False,False,False,False,False,False,False,False,True,False,False,False,False,False,False,False,True,False,False,38468.16
15.6,4.0,2.18,0,0,1920,1080,1024.0,0,1,141.21199808219862,False,False,False,True,False,False,False,False,False,False,False,False,False,False,False,False,False,False,False,False,True,False,False,False,False,False,False,False,True,False,False,35004.96
15.6,8.0,2.24,0,0,1920,1080,1024.0,0,1,141.21199808219862,False,False,False,True,False,False,False,False,False,False,False,False,False,False,False,False,False,False,False,False,True,False,False,False,False,False,False,False,True,False,False,30103.2
15.6,8.0,2.67,0,1,1920,1080,256.0,1,0,141.21199808219862,False,False,False,True,False,False,False,False,False,False,False,False,False,False,False,False,False,False,False,False,False,False,False,False,False,False,False,False,True,False,False,42570.72
13.3,8.0,3.575,0,1,1920,1080,1024.0,1,0,165.6321180513006,False,True,False,False,False,False,False,False,False,False,False,False,False,False,False,False,False,False,False,False,False,False,False,False,False,False,False,False,True,False,False,79866.72
17.3,8.0,2.5,0,0,1920,1080,1024.0,0,1,127.33567457123111,False,False,False,False,False,False,True,False,False,False,False,False,False,False,False,False,False,False,False,False,True,False,False,False,False,False,False,False,True,False,False,54239.04
15.6,8.0,2.05,0,0,1920,1080,256.0,1,0,141.21199808219862,False,False,False,False,False,False,False,False,True,False,False,False,False,False,False,False,False,False,False,False,True,False,False,False,False,False,False,False,True,False,False,46886.4
13.3,8.0,1.37,1,0,2560,1600,512.0,1,0,226.98300468106115,True,False,False,False,False,False,False,False,False,False,False,False,False,False,False,False,False,False,False,False,False,True,False,False,False,False,True,False,False,False,False,104370.192
17.3,16.0,3.2,0,0,1920,1080,1280.0,1,1,127.33567457123111,False,True,False,False,False,False,False,False,False,False,False,False,False,False,False,False,False,False,True,False,False,False,False,False,False,False,False,False,True,False,False,82530.72
15.6,8.0,2.14,0,0,1920,1080,256.0,1,0,141.21199808219862,False,False,False,True,False,False,False,False,False,False,False,False,False,False,False,False,False,False,False,False,True,False,False,False,True,False,False,False,False,False,False,39164.5296
14.0,16.0,1.36,0,1,2560,1440,512.0,1,0,209.8006828649808,False,False,False,False,False,False,False,False,True,False,False,False,False,False,False,False,False,False,False,False,False,False,False,False,False,False,False,False,True,False,False,133146.72
15.6,8.0,2.2,0,0,1366,768,500.0,0,1,100.45466986113651,False,False,False,False,False,False,False,False,False,False,False,False,False,False,False,True,False,False,False,False,True,False,False,False,False,False,False,False,True,False,False,43263.36
15.6,12.0,2.3,0,0,1366,768,1024.0,0,1,100.45466986113651,False,False,False,True,False,False,False,False,False,False,False,False,False,False,False,False,False,False,False,False,True,False,False,False,False,False,False,False,True,False,False,37992.3696
17.3,8.0,2.8,0,0,1920,1080,1152.0,1,1,127.33567457123111,False,False,False,True,False,False,False,False,False,False,False,False,False,False,False,False,False,False,False,False,True,False,False,False,True,False,False,False,False,False,False,58554.72
15.6,8.0,2.2,1,0,1920,1080,1024.0,0,1,141.21199808219862,False,False,False,False,False,False,False,False,False,False,False,False,False,False,False,False,False,False,False,False,True,False,False,False,False,False,False,False,True,False,False,39693.6
17.3,4.0,2.8,0,0,1600,900,1024.0,0,1,106.11306214269258,False,False,False,False,False,False,False,False,True,False,False,False,False,False,False,False,False,False,False,False,True,False,False,False,False,False,False,False,True,False,False,26053.92
17.3,8.0,2.8,0,0,1920,1080,2048.0,0,1,127.33567457123111,False,False,False,False,False,False,False,False,True,False,False,False,False,False,False,False,False,False,False,False,True,False,False,False,False,False,False,True,False,False,False,45234.72
17.3,6.0,2.8,0,0,1600,900,1152.0,1,1,106.11306214269258,False,False,False,False,False,False,False,False,True,False,False,False,False,False,False,False,False,False,False,False,True,False,False,False,False,False,False,False,True,False,False,45767.52
15.6,4.0,2.25,0,0,1920,1080,1024.0,0,1,141.21199808219862,False,False,False,True,False,False,False,False,False,False,False,False,False,False,False,False,False,False,False,False,True,False,False,False,True,False,False,False,False,False,False,22803.84
15.6,8.0,2.5,1,0,1920,1080,256.0,1,0,141.21199808219862,False,False,False,False,False,False,False,False,True,False,False,False,False,False,False,False,False,False,True,False,False,False,False,False,False,False,False,False,True,False,False,44169.12
15.6,6.0,2.2,0,0,1920,1080,256.0,1,0,141.21199808219862,False,False,False,False,False,False,False,False,True,False,False,False,False,False,False,False,False,False,False,False,True,False,False,False,False,False,False,False,True,False,False,30849.12
15.6,8.0,3.0,1,0,1920,1080,256.0,1,0,141.21199808219862,False,False,False,False,False,False,False,False,False,False,False,False,False,False,False,False,False,False,False,False,True,False,False,False,False,False,False,False,True,False,False,50669.28
15.6,12.0,2.15,1,1,1920,1080,1024.0,0,1,141.21199808219862,False,False,False,False,False,False,False,False,False,False,False,False,False,False,False,False,False,False,False,False,True,False,False,False,False,False,False,False,True,False,False,35111.52
15.6,8.0,1.95,1,0,1920,1080,256.0,1,0,141.21199808219862,False,False,False,False,False,False,False,False,True,False,False,False,False,False,False,False,False,False,False,False,True,False,False,False,False,False,False,False,True,False,False,58448.16
15.6,8.0,1.7,0,0,1920,1080,256.0,1,0,141.21199808219862,False,True,False,False,False,False,False,False,False,False,False,False,False,False,False,False,False,False,False,False,False,True,False,False,False,False,False,False,True,False,False,52054.56
15.6,16.0,2.5,1,0,1920,1080,1280.0,1,1,141.21199808219862,False,False,False,False,False,False,False,False,True,False,False,False,False,False,False,False,False,False,True,False,False,False,False,False,False,False,False,False,True,False,False,62817.12
15.6,8.0,2.2,0,0,1920,1080,1024.0,0,1,141.21199808219862,False,False,False,False,False,False,False,False,True,False,False,False,False,False,False,False,False,False,False,False,True,False,False,False,False,False,False,True,False,False,False,35112.0528
15.6,2.0,2.19,0,0,1366,768,16.0,1,0,100.45466986113651,False,False,False,False,False,False,False,False,False,False,False,False,False,False,False,False,False,False,False,False,True,False,False,True,False,False,False,False,False,False,False,10602.72
17.3,8.0,3.0,0,0,1920,1080,1024.0,0,1,127.33567457123111,False,True,False,False,False,False,False,False,False,False,False,False,False,False,False,False,False,False,True,False,False,False,False,False,False,False,False,False,True,False,False,63243.36
17.3,8.0,2.54,0,0,1600,900,1024.0,0,1,106.11306214269258,False,False,False,False,False,False,True,False,False,False,False,False,False,False,False,False,False,False,False,False,True,False,False,False,False,False,False,False,True,False,False,26053.92
15.6,8.0,2.0,0,0,1920,1080,256.0,1,0,141.21199808219862,False,False,False,True,False,False,False,False,False,False,False,False,False,False,False,False,False,False,False,False,True,False,False,False,False,False,False,False,True,False,False,97449.12
15.6,8.0,2.05,0,0,1920,1080,256.0,1,0,141.21199808219862,False,False,False,False,False,False,False,False,True,False,False,False,False,False,False,False,False,False,False,False,True,False,False,False,False,False,False,False,True,False,False,39373.92
15.6,8.0,3.2,1,0,1920,1080,1024.0,0,1,141.21199808219862,False,False,False,False,False,False,False,False,True,False,False,False,False,False,False,False,False,False,True,False,False,False,False,False,False,False,False,False,True,False,False,69210.72
15.6,8.0,2.5,0,0,1920,1080,256.0,1,0,141.21199808219862,False,False,False,False,False,False,False,False,False,False,False,False,False,False,False,False,False,False,False,False,True,False,False,False,True,False,False,False,False,False,False,52161.12
17.3,16.0,3.42,0,0,1920,1080,256.0,1,0,127.33567457123111,False,False,False,True,False,False,False,False,False,False,False,False,False,False,False,False,False,False,False,False,False,False,True,False,False,False,False,False,True,False,False,150358.42440000002
15.6,6.0,2.4,0,0,1920,1080,1024.0,0,1,141.21199808219862,False,False,False,False,False,False,False,False,True,False,False,False,False,False,False,False,False,False,False,False,True,False,False,False,False,False,False,False,True,False,False,26586.72
15.6,16.0,1.63,0,0,1920,1080,512.0,1,0,141.21199808219862,False,True,False,False,False,False,False,False,False,False,False,False,False,False,False,False,False,False,False,False,False,True,False,False,False,False,False,False,True,False,False,78215.04
14.0,4.0,1.3,0,0,1366,768,128.0,1,0,111.93520355955211,False,True,False,False,False,False,False,False,False,False,False,False,False,False,False,False,False,False,False,False,True,False,False,False,False,False,False,False,True,False,False,27119.52
17.3,16.0,2.9,0,0,1920,1080,1280.0,1,1,127.33567457123111,False,True,False,False,False,False,False,False,False,False,False,False,False,False,False,False,False,False,True,False,False,False,False,False,False,False,False,False,True,False,False,113060.16
17.3,6.0,3.575,0,0,1600,900,1024.0,0,1,106.11306214269258,False,False,False,False,False,False,False,False,True,False,False,False,False,False,False,False,False,False,False,False,True,False,False,False,False,False,False,False,True,False,False,34578.72
15.6,8.0,2.2,0,0,1366,768,2048.0,0,1,100.45466986113651,False,False,False,False,False,False,False,False,True,False,False,False,False,False,False,False,False,False,False,False,True,False,False,False,False,False,False,True,False,False,False,29250.72
15.6,8.0,2.5,0,0,1920,1080,1152.0,1,1,141.21199808219862,False,True,False,False,False,False,False,False,False,False,False,False,False,False,False,False,False,False,True,False,False,False,False,False,False,False,False,False,True,False,False,67399.2
15.6,4.0,2.2,0,0,1366,768,1024.0,0,1,100.45466986113651,False,False,False,False,False,False,False,False,True,False,False,False,False,False,False,False,False,False,False,False,True,False,False,False,False,False,False,True,False,False,False,19180.2672
13.3,16.0,1.28,0,1,1920,1080,256.0,1,0,165.6321180513006,False,False,False,False,False,False,True,False,False,False,False,False,False,False,False,False,False,False,False,False,False,False,False,False,False,False,False,False,True,False,False,105228.0
15.6,8.0,2.2,1,0,1920,1080,256.0,1,0,141.21199808219862,False,False,False,False,False,False,False,False,False,False,False,False,False,False,False,True,False,False,False,False,True,False,False,False,False,False,False,False,True,False,False,55571.04
15.6,8.0,2.3,0,0,1920,1080,1152.0,1,1,141.21199808219862,False,False,False,False,False,False,False,False,True,False,False,False,False,False,False,False,False,False,False,False,True,False,False,False,False,False,False,False,True,False,False,43636.32
15.6,4.0,1.86,0,0,1920,1080,1024.0,0,1,141.21199808219862,False,False,False,False,False,False,True,False,False,False,False,False,False,False,False,False,False,False,False,False,True,False,False,False,False,False,False,False,True,False,False,24988.32
13.3,8.0,1.1,1,0,1920,1080,256.0,1,0,165.6321180513006,False,False,False,False,False,False,False,False,True,False,False,False,False,False,False,False,False,False,False,False,True,False,False,False,False,False,False,False,True,False,False,53226.72
13.3,16.0,1.21,1,1,3840,2160,1024.0,1,0,331.2642361026012,False,False,False,True,False,False,False,False,False,False,False,False,False,False,False,False,False,False,False,False,False,True,False,False,False,False,False,False,True,False,False,133146.72
15.6,16.0,2.8,1,0,1920,1080,1280.0,1,1,141.21199808219862,False,False,False,False,False,False,False,False,False,False,False,False,True,False,False,False,False,False,True,False,False,False,False,False,False,False,False,False,True,False,False,111834.72
15.6,8.0,2.23,0,0,1920,1080,256.0,1,0,141.21199808219862,False,False,False,False,False,False,False,False,False,False,False,False,False,False,False,False,False,False,False,False,True,False,False,False,False,False,False,False,True,False,False,24988.32
11.6,2.0,1.1,0,1,1366,768,32.0,0,0,135.0942111925629,False,True,False,False,False,False,False,False,False,False,False,False,False,False,False,False,False,False,False,False,False,False,False,False,False,False,False,False,True,False,False,14652.0
15.6,8.0,2.33,0,0,1920,1080,1152.0,1,1,141.21199808219862,False,False,False,True,False,False,False,False,False,False,False,False,False,False,False,False,False,False,False,False,True,False,False,False,False,False,False,False,True,False,False,44968.32
13.3,16.0,1.29,1,1,3840,2160,1024.0,1,0,331.2642361026012,False,False,False,False,False,False,True,False,False,False,False,False,False,False,False,False,False,False,False,False,False,False,False,False,False,False,False,False,True,False,False,130482.72
13.3,4.0,1.45,0,0,1366,768,16.0,0,0,117.82653006268643,False,False,False,False,False,False,False,False,True,False,False,False,False,False,False,False,False,False,False,False,True,False,False,True,False,False,False,False,False,False,False,24503.472
14.0,8.0,1.95,0,0,1920,1080,256.0,1,0,157.3505121487356,False,False,False,False,False,False,True,False,False,False,False,False,False,False,False,False,False,False,False,False,True,False,False,False,False,False,False,False,True,False,False,52214.4
11.6,4.0,1.4,0,0,1366,768,128.0,0,0,135.0942111925629,False,False,False,False,False,False,False,False,False,False,False,False,False,False,False,False,False,False,False,False,True,False,False,False,False,False,False,False,True,False,False,25840.8
14.0,8.0,1.48,0,0,1920,1080,256.0,1,0,157.3505121487356,False,False,False,False,False,False,True,False,False,False,False,False,False,False,False,False,False,False,False,False,True,False,False,False,False,False,False,False,True,False,False,68837.76
17.3,4.0,2.79,0,0,1600,900,1024.0,0,1,106.11306214269258,False,False,False,False,False,False,False,False,True,False,False,False,False,False,False,False,False,False,False,False,True,False,False,False,False,False,False,False,True,False,False,31381.92
14.0,8.0,2.0,0,0,1920,1080,256.0,1,0,157.3505121487356,False,True,False,False,False,False,False,False,False,False,False,False,False,False,False,False,False,False,False,False,True,False,False,False,False,False,False,False,True,False,False,58288.32
15.6,8.0,2.1,1,0,1366,768,1024.0,0,1,100.45466986113651,False,False,False,False,False,False,True,False,False,False,False,False,False,False,False,False,False,False,False,False,True,False,False,False,False,False,False,False,True,False,False,48058.56
15.6,8.0,2.2,0,0,1366,768,256.0,1,0,100.45466986113651,False,False,False,False,False,False,False,False,False,False,False,False,False,False,False,False,False,False,False,False,True,False,False,False,False,False,False,False,True,False,False,35111.52
14.0,4.0,1.44,0,0,1366,768,32.0,0,0,111.93520355955211,False,False,False,False,False,False,False,False,True,False,False,False,False,False,False,False,False,False,False,False,True,False,False,False,False,False,False,False,True,False,False,15557.76
15.6,6.0,3.575,0,0,1366,768,1024.0,0,1,100.45466986113651,False,False,False,False,False,False,False,False,False,False,False,False,False,False,False,False,False,False,False,False,True,False,False,False,False,False,False,False,True,False,False,29250.72
15.6,8.0,1.7,0,0,1920,1080,256.0,1,0,141.21199808219862,False,True,False,False,False,False,False,False,False,False,False,False,False,False,False,False,False,False,False,False,False,True,False,False,False,False,False,False,True,False,False,55938.672
12.5,8.0,1.26,0,0,1920,1080,256.0,1,0,176.23257360658386,False,False,False,False,False,False,True,False,False,False,False,False,False,False,False,False,False,False,False,False,False,True,False,False,False,False,False,False,True,False,False,71128.8
15.6,32.0,2.06,0,1,3840,2160,1024.0,1,0,282.42399616439724,False,False,False,True,False,False,False,False,False,False,False,False,False,False,False,False,False,False,False,False,True,False,False,False,False,False,False,False,True,False,False,140605.92
17.3,8.0,2.7,0,0,1920,1080,1280.0,1,1,127.33567457123111,False,False,False,False,False,False,False,False,False,False,False,False,True,False,False,False,False,False,True,False,False,False,False,False,False,False,False,False,True,False,False,63882.72
15.6,8.0,2.0,1,0,1920,1080,256.0,1,0,141.21199808219862,False,False,False,False,False,False,False,False,False,False,False,False,False,False,False,True,False,False,False,False,True,False,False,False,False,False,False,False,True,False,False,50243.04
14.0,8.0,2.0,0,0,1920,1080,1280.0,1,1,157.3505121487356,False,True,False,False,False,False,False,False,False,False,False,False,False,False,False,False,False,False,False,False,True,False,False,False,False,False,False,False,True,False,False,71075.52
15.6,4.0,1.85,0,0,1920,1080,1024.0,0,1,141.21199808219862,False,False,False,False,False,False,False,False,True,False,False,False,False,False,False,False,False,False,False,False,True,False,False,False,False,False,False,False,True,False,False,23922.72
15.6,8.0,2.5,0,0,1920,1080,256.0,1,0,141.21199808219862,False,True,False,False,False,False,False,False,False,False,False,False,False,False,False,False,False,False,True,False,False,False,False,False,False,False,False,False,True,False,False,53226.72
14.0,8.0,1.48,0,0,1920,1080,256.0,1,0,157.3505121487356,False,False,False,False,False,False,True,False,False,False,False,False,False,False,False,False,False,False,False,False,True,False,False,False,False,False,False,False,True,False,False,67559.04
15.6,8.0,1.84,0,0,1920,1080,256.0,1,0,141.21199808219862,False,False,False,False,False,False,True,False,False,False,False,False,False,False,False,False,False,False,False,False,True,False,False,False,False,False,False,False,True,False,False,60952.32
15.6,4.0,2.0,0,0,1366,768,1024.0,0,1,100.45466986113651,False,True,False,False,False,False,False,False,False,False,False,False,False,False,False,False,False,False,False,False,True,False,False,False,True,False,False,False,False,False,False,14651.4672
15.6,8.0,2.0,0,0,1920,1080,256.0,1,0,141.21199808219862,False,False,False,True,False,False,False,False,False,False,False,False,False,False,False,False,False,False,False,False,True,False,False,False,False,False,False,False,True,False,False,60885.72
15.6,4.0,2.2,0,0,1366,768,500.0,0,1,100.45466986113651,False,False,False,True,False,False,False,False,False,False,False,False,False,False,False,False,False,False,False,False,True,False,False,False,True,False,False,False,False,False,False,14646.672
15.6,12.0,2.2,0,0,1920,1080,2048.0,0,1,141.21199808219862,False,False,False,False,False,False,False,False,True,False,False,False,False,False,False,False,False,False,False,False,True,False,False,False,False,False,False,False,True,False,False,47898.72
15.6,8.0,2.1,1,0,1920,1080,1024.0,0,1,141.21199808219862,False,False,False,False,False,False,True,False,False,False,False,False,False,False,False,False,False,False,False,False,True,False,False,False,False,False,False,False,True,False,False,38148.48
13.9,16.0,1.4,1,1,3840,2160,512.0,1,0,316.96506044349616,False,False,False,False,False,False,False,False,True,False,False,False,False,False,False,False,False,False,False,False,False,False,False,False,False,False,False,False,True,False,False,111834.72
13.3,8.0,1.2,0,0,1920,1080,256.0,1,0,165.6321180513006,False,False,False,True,False,False,False,False,False,False,False,False,False,False,False,False,False,False,False,False,False,True,False,False,False,False,False,False,True,False,False,84129.12
15.6,16.0,2.4,1,0,1920,1080,2304.0,1,1,141.21199808219862,False,False,False,False,False,False,False,False,True,False,False,False,False,False,False,False,False,False,True,False,False,False,False,False,False,False,False,False,True,False,False,60153.12
14.0,2.0,1.44,0,0,1366,768,32.0,0,0,111.93520355955211,False,False,False,False,False,False,True,False,False,False,False,False,False,False,False,False,False,False,False,False,True,False,False,False,False,False,False,False,True,False,False,14865.12
15.6,16.0,1.88,0,0,1920,1080,768.0,1,0,141.21199808219862,False,False,False,True,False,False,False,False,False,False,False,False,False,False,False,False,False,False,False,False,False,True,False,False,False,False,False,False,True,False,False,85672.1088
11.6,4.0,1.5,0,1,1366,768,32.0,0,0,135.0942111925629,False,True,False,False,False,False,False,False,False,False,False,False,False,False,False,False,False,False,False,False,False,False,False,False,False,False,False,False,True,False,False,19980.0
15.6,8.0,0.2549999999999999,0,0,1920,1080,1024.0,0,1,141.21199808219862,False,False,False,True,False,False,False,False,False,False,False,False,False,False,False,False,False,False,False,False,False,True,False,False,False,False,False,False,True,False,False,35324.64
15.6,8.0,1.84,0,0,1920,1080,256.0,1,0,141.21199808219862,False,False,False,False,False,False,True,False,False,False,False,False,False,False,False,False,False,False,False,False,True,False,False,False,False,False,False,False,True,False,False,69477.12
17.3,8.0,2.7,0,0,1920,1080,1152.0,1,1,127.33567457123111,False,False,False,False,False,False,False,False,False,False,False,False,True,False,False,False,False,False,True,False,False,False,False,False,False,False,False,False,True,False,False,75071.52
15.6,8.0,2.6,0,0,1920,1080,256.0,1,0,141.21199808219862,False,False,False,False,False,False,True,False,False,False,False,False,False,False,False,False,False,False,False,False,False,False,True,False,False,False,False,False,True,False,False,92615.0256
15.6,16.0,2.4,1,0,1920,1080,512.0,1,0,141.21199808219862,False,False,False,False,False,False,False,False,False,False,False,False,False,False,False,True,False,False,False,False,True,False,False,False,False,False,False,False,True,False,False,74751.84
15.6,8.0,2.02,0,0,1920,1080,2176.0,1,1,141.21199808219862,False,False,False,True,False,False,False,False,False,False,False,False,False,False,False,False,False,False,False,False,True,False,False,False,False,False,False,False,True,False,False,51729.552
15.6,4.0,2.2,0,0,1366,768,1024.0,0,1,100.45466986113651,False,False,False,False,False,False,False,False,True,False,False,False,False,False,False,False,False,False,False,False,True,False,False,False,False,False,False,True,False,False,False,17155.6272
15.6,8.0,2.65,0,0,1920,1080,1024.0,0,1,141.21199808219862,False,False,False,True,False,False,False,False,False,False,False,False,False,False,False,False,False,False,True,False,False,False,False,False,False,False,False,False,True,False,False,53226.72
15.6,8.0,2.36,0,1,1366,768,2048.0,0,1,100.45466986113651,False,False,False,True,False,False,False,False,False,False,False,False,False,False,False,False,False,False,False,False,True,False,False,False,False,False,False,False,True,False,False,29696.6736
14.0,8.0,1.36,0,0,1920,1080,256.0,1,0,157.3505121487356,False,False,False,True,False,False,False,False,False,False,False,False,False,False,False,False,False,False,False,False,True,False,False,False,False,False,False,False,True,False,False,76030.56
15.6,4.0,1.86,0,0,1366,768,500.0,0,1,100.45466986113651,False,False,False,False,False,False,True,False,False,False,False,False,False,False,False,False,False,False,False,False,True,False,False,False,False,False,False,False,True,False,False,23389.92
14.0,8.0,2.0,0,0,1920,1080,256.0,1,0,157.3505121487356,False,True,False,False,False,False,False,False,False,False,False,False,False,False,False,False,False,False,False,False,True,False,False,False,False,False,False,False,True,False,False,50349.6
17.3,6.0,2.8,0,0,1600,900,1152.0,1,1,106.11306214269258,False,False,False,False,False,False,False,False,True,False,False,False,False,False,False,False,False,False,False,False,True,False,False,False,False,False,False,False,True,False,False,38308.32
15.6,8.0,1.86,0,0,1920,1080,1024.0,0,1,141.21199808219862,False,False,False,False,False,False,True,False,False,False,False,False,False,False,False,False,False,False,False,False,True,False,False,False,False,False,False,False,True,False,False,34045.92
15.6,8.0,2.2,0,0,1366,768,256.0,1,0,100.45466986113651,False,False,False,False,False,False,False,False,True,False,False,False,False,False,False,False,False,False,False,False,True,False,False,False,False,False,False,True,False,False,False,26586.72
15.6,8.0,2.04,0,0,1366,768,2048.0,0,1,100.45466986113651,False,False,False,False,False,False,True,False,False,False,False,False,False,False,False,False,False,False,False,False,True,False,False,False,False,False,False,False,True,False,False,20725.92
17.3,8.0,2.8,0,0,1920,1080,1152.0,1,1,127.33567457123111,False,False,False,True,False,False,False,False,False,False,False,False,False,False,False,False,False,False,False,False,True,False,False,False,False,False,False,False,True,False,False,57808.8
15.6,8.0,2.4,1,0,1920,1080,1152.0,1,1,141.21199808219862,False,False,False,False,False,False,False,False,True,False,False,False,False,False,False,False,False,False,True,False,False,False,False,False,False,False,False,True,False,False,False,43103.52
15.6,8.0,2.33,0,0,1920,1080,256.0,1,0,141.21199808219862,False,False,False,True,False,False,False,False,False,False,False,False,False,False,False,False,False,False,False,False,True,False,False,False,False,False,False,False,True,False,False,47898.72
14.0,8.0,1.36,1,0,1920,1080,256.0,1,0,157.3505121487356,False,False,False,False,False,False,True,False,False,False,False,False,False,False,False,False,False,False,False,False,False,True,False,False,False,False,False,False,True,False,False,93240.0
15.6,12.0,2.26,0,1,1920,1080,2560.0,1,1,141.21199808219862,False,True,False,False,False,False,False,False,False,False,False,False,False,False,False,False,False,False,False,False,False,False,False,False,False,False,False,False,True,False,False,58554.72
15.6,4.0,2.1,0,0,1366,768,128.0,1,0,100.45466986113651,False,False,False,False,False,False,False,False,False,False,False,False,False,False,False,False,False,False,False,False,True,False,False,False,False,False,False,False,True,False,False,22697.28
17.3,16.0,3.25,1,0,1920,1080,1280.0,1,1,127.33567457123111,False,True,False,False,False,False,False,False,False,False,False,False,False,False,False,False,False,False,True,False,False,False,False,False,False,False,False,False,True,False,False,117162.72
17.3,4.0,2.6,0,0,1600,900,128.0,1,0,106.11306214269258,False,False,False,False,False,False,False,False,True,False,False,False,False,False,False,False,False,False,False,False,True,False,False,False,False,False,False,False,True,False,False,26053.92
13.3,8.0,1.62,0,1,1920,1080,256.0,1,0,165.6321180513006,False,False,False,True,False,False,False,False,False,False,False,False,False,False,False,False,False,False,False,False,False,False,False,False,False,False,False,False,True,False,False,46300.8528
15.6,4.0,1.91,0,0,1920,1080,256.0,1,0,141.21199808219862,False,False,False,False,False,False,True,False,False,False,False,False,False,False,False,False,False,False,False,False,True,False,False,False,False,False,False,False,True,False,False,26053.3872
11.6,4.0,1.59,1,0,1366,768,128.0,1,0,135.0942111925629,False,False,False,False,False,False,False,False,True,False,False,False,False,False,False,False,False,False,False,True,False,False,False,False,False,False,False,False,True,False,False,29463.84
15.6,4.0,1.8,0,0,1366,768,500.0,0,1,100.45466986113651,False,False,False,True,False,False,False,False,False,False,False,False,False,False,False,False,False,False,False,False,True,False,False,False,False,False,False,False,True,False,False,16463.52
14.0,4.0,1.5,0,0,1366,768,32.0,0,0,111.93520355955211,False,True,False,False,False,False,False,False,False,False,False,False,False,False,False,False,False,False,False,False,True,False,False,False,False,False,False,False,True,False,False,15238.08
15.6,8.0,2.4,0,0,1920,1080,1024.0,0,1,141.21199808219862,False,False,False,False,False,False,False,False,False,False,False,False,False,False,False,False,False,False,False,False,True,False,False,False,True,False,False,False,False,False,False,45074.88
17.3,8.0,3.35,1,0,1920,1080,1152.0,1,1,127.33567457123111,False,False,False,False,False,False,True,False,False,False,False,False,False,False,False,False,False,False,True,False,False,False,False,False,False,False,False,False,True,False,False,63456.48
15.6,4.0,1.85,0,0,1920,1080,128.0,1,0,141.21199808219862,False,False,False,False,False,False,False,False,True,False,False,False,False,False,False,False,False,False,False,False,True,False,False,False,False,False,False,True,False,False,False,21498.48
15.6,8.0,2.3,1,0,1920,1080,1152.0,1,1,141.21199808219862,False,True,False,False,False,False,False,False,False,False,False,False,False,False,False,False,False,False,True,False,False,False,False,False,False,False,False,False,True,False,False,88178.4
14.0,8.0,1.5,1,0,1920,1080,256.0,1,0,157.3505121487356,False,False,False,False,False,False,False,False,True,False,False,False,False,False,False,False,False,False,False,False,True,False,False,False,False,False,False,False,True,False,False,58554.72
13.3,16.0,1.1,0,1,1920,1080,512.0,1,0,165.6321180513006,False,True,False,False,False,False,False,False,False,False,False,False,False,False,False,False,False,False,False,False,False,True,False,False,False,False,False,False,True,False,False,93181.392
14.0,8.0,1.13,1,0,2560,1440,512.0,1,0,209.8006828649808,False,False,False,False,False,False,False,False,True,False,False,False,False,False,False,False,False,False,False,False,False,True,False,False,False,False,False,False,True,False,False,121584.96
13.3,4.0,1.5,1,0,1920,1080,128.0,1,0,165.6321180513006,False,False,False,False,False,False,False,False,True,False,False,False,False,False,False,False,False,False,False,False,True,False,False,False,False,False,False,False,True,False,False,29250.72
15.6,8.0,2.23,0,0,1920,1080,500.0,0,1,141.21199808219862,False,False,False,True,False,False,False,False,False,False,False,False,False,False,False,False,False,False,False,False,False,False,True,False,False,False,False,False,True,False,False,72940.32
15.6,8.0,2.0,1,0,1920,1080,256.0,1,0,141.21199808219862,False,False,False,True,False,False,False,False,False,False,False,False,False,False,False,False,False,False,False,False,False,False,True,False,False,False,False,False,True,False,False,113752.8
14.0,16.0,1.42,0,1,2560,1440,512.0,1,0,209.8006828649808,False,False,False,False,False,False,False,False,True,False,False,False,False,False,False,False,False,False,False,False,False,False,False,False,False,False,False,False,True,False,False,133679.52
17.3,8.0,3.0,0,0,1920,1080,1024.0,0,1,127.33567457123111,False,True,False,False,False,False,False,False,False,False,False,False,False,False,False,False,False,False,True,False,False,False,False,False,False,False,False,False,True,False,False,55357.92
17.3,16.0,3.0,0,0,1920,1080,1280.0,1,1,127.33567457123111,False,True,False,False,False,False,False,False,False,False,False,False,False,False,False,False,False,False,True,False,False,False,False,False,False,False,False,False,True,False,False,84768.48
15.6,12.0,2.2,1,0,1366,768,1024.0,0,1,100.45466986113651,False,False,False,False,False,False,False,False,False,False,False,False,False,False,False,False,False,False,False,False,True,False,False,False,False,False,False,False,True,False,False,36975.7872
17.3,8.0,2.7,0,0,1920,1080,256.0,1,0,127.33567457123111,False,False,False,False,False,False,False,False,False,False,False,False,True,False,False,False,False,False,True,False,False,False,False,False,False,False,False,False,True,False,False,71874.72
15.6,8.0,2.33,0,0,1920,1080,256.0,1,0,141.21199808219862,False,False,False,True,False,False,False,False,False,False,False,False,False,False,False,False,False,False,False,False,True,False,False,False,True,False,False,False,False,False,False,41498.1936
15.6,4.0,1.91,0,0,1920,1080,256.0,1,0,141.21199808219862,False,False,False,False,False,False,True,False,False,False,False,False,False,False,False,False,False,False,False,False,False,True,False,False,False,False,False,False,True,False,False,26586.72
15.6,8.0,2.1,1,0,1920,1080,256.0,1,0,141.21199808219862,False,False,False,False,False,False,False,False,True,False,False,False,False,False,False,False,False,False,False,False,True,False,False,False,False,False,False,False,True,False,False,65510.9568
14.0,8.0,1.9,1,0,1920,1080,256.0,1,0,157.3505121487356,False,False,False,False,False,False,False,False,True,False,False,False,False,False,False,False,False,False,False,False,True,False,False,False,False,False,False,False,True,False,False,49976.64
15.6,8.0,1.78,0,1,3840,2160,256.0,1,0,282.42399616439724,False,False,False,True,False,False,False,False,False,False,False,False,False,False,False,False,False,False,False,False,False,False,True,False,False,False,False,False,True,False,False,144495.36
14.0,16.0,1.13,1,0,2560,1440,1024.0,1,0,209.8006828649808,False,False,False,False,False,False,False,False,True,False,False,False,False,False,False,False,False,False,False,False,False,True,False,False,False,False,False,False,True,False,False,139860.0
15.6,4.0,2.2,0,0,1366,768,1024.0,0,1,100.45466986113651,False,False,False,False,False,False,False,False,True,False,False,False,False,False,False,False,False,False,False,False,True,False,False,False,False,False,False,False,True,False,False,16303.68
17.3,16.0,2.9,0,0,1920,1080,1280.0,1,1,127.33567457123111,False,True,False,False,False,False,False,False,False,False,False,False,False,False,False,False,False,False,True,False,False,False,False,False,False,False,False,False,True,False,False,81465.12
25.6,8.0,2.1,1,0,1920,1080,1280.0,1,1,86.05106133133977,False,False,False,False,False,False,False,False,True,False,False,False,False,False,False,False,False,False,False,False,True,False,False,False,False,False,False,False,True,False,False,60978.96
15.6,8.0,2.5,0,0,1920,1080,256.0,1,0,141.21199808219862,False,False,False,False,False,False,False,False,False,False,False,False,False,False,False,False,False,False,False,False,True,False,False,False,True,False,False,False,False,False,False,46833.12
17.3,16.0,2.8,0,0,1920,1080,1280.0,1,1,127.33567457123111,False,False,False,False,False,False,False,False,False,False,False,False,True,False,False,False,False,False,True,False,False,False,False,False,False,False,False,False,True,False,False,119826.72
14.0,8.0,1.1,0,0,1920,1080,512.0,1,0,157.3505121487356,False,True,False,False,False,False,False,False,False,False,False,False,False,False,False,False,False,False,False,False,False,True,False,False,False,False,False,False,True,False,False,99793.44
13.3,16.0,1.2,0,0,1920,1080,512.0,1,0,165.6321180513006,False,False,False,False,False,False,False,False,False,False,False,False,False,False,False,True,False,False,False,False,False,True,False,False,False,False,False,False,True,False,False,93080.16
14.0,8.0,1.36,0,0,1920,1080,512.0,1,0,157.3505121487356,False,False,False,True,False,False,False,False,False,False,False,False,False,False,False,False,False,False,False,False,False,True,False,False,False,False,False,False,True,False,False,89510.4
35.6,4.0,2.2,0,0,1920,1080,500.0,0,1,61.879414889952194,False,False,False,False,False,False,False,False,True,False,False,False,False,False,False,False,False,False,False,False,True,False,False,False,False,False,False,False,True,False,False,21791.52
11.6,2.0,1.15,0,0,1366,768,32.0,0,0,135.0942111925629,False,False,False,False,False,False,False,False,True,False,False,False,False,False,False,False,False,False,False,False,True,False,False,False,False,False,False,False,True,False,False,16221.096
15.6,8.0,2.67,0,0,1920,1080,512.0,1,0,141.21199808219862,False,False,False,False,False,False,False,False,True,False,False,False,False,False,False,False,False,False,False,False,False,False,True,False,False,False,False,False,True,False,False,102564.0
14.0,8.0,1.7,1,0,2560,1440,512.0,1,0,209.8006828649808,False,False,False,False,False,False,False,False,True,False,False,False,False,False,False,False,False,False,False,False,False,True,False,False,False,False,False,False,True,False,False,103523.04
15.6,4.0,2.1,0,0,1920,1080,1024.0,0,1,141.21199808219862,False,False,False,False,False,False,True,False,False,False,False,False,False,False,False,False,False,False,False,False,True,False,False,False,False,False,False,False,True,False,False,24988.32
13.3,8.0,1.6,1,1,1920,1080,256.0,1,0,165.6321180513006,False,False,False,False,False,False,False,False,False,False,False,False,False,False,False,False,False,False,False,False,False,False,False,False,False,False,False,False,True,False,False,42038.4528
13.3,8.0,1.27,1,1,1920,1080,256.0,1,0,165.6321180513006,False,True,False,False,False,False,False,False,False,False,False,False,False,False,False,False,False,False,False,False,False,False,False,False,False,False,False,False,True,False,False,49443.84
15.6,4.0,2.3,0,0,1920,1080,256.0,1,0,141.21199808219862,False,False,False,True,False,False,False,False,False,False,False,False,False,False,False,False,False,False,False,False,True,False,False,False,True,False,False,False,False,False,False,31909.392
13.3,4.0,1.65,0,0,1366,768,128.0,1,0,117.82653006268643,False,False,False,True,False,False,False,False,False,False,False,False,False,False,False,False,False,False,False,False,True,False,False,False,False,False,False,False,True,False,False,36709.92
14.0,8.0,1.43,0,0,1920,1080,256.0,1,0,157.3505121487356,False,False,False,False,False,False,True,False,False,False,False,False,False,False,False,False,False,False,False,False,False,True,False,False,False,False,False,False,True,False,False,79920.0
15.6,8.0,2.14,0,0,1366,768,1024.0,0,1,100.45466986113651,False,False,False,True,False,False,False,False,False,False,False,False,False,False,False,False,False,False,False,False,True,False,False,False,False,False,False,False,True,False,False,28768.536
14.0,8.0,1.75,1,0,1920,1080,256.0,1,0,157.3505121487356,False,False,False,False,False,False,False,False,True,False,False,False,False,False,False,False,False,False,False,False,False,True,False,False,False,False,False,False,True,False,False,64755.4464
15.6,16.0,2.0,1,1,3840,2160,512.0,1,0,282.42399616439724,False,False,False,False,False,False,False,False,True,False,False,False,False,False,False,False,False,False,False,False,False,False,False,False,False,False,False,False,True,False,False,101178.72
12.3,6.0,1.4,1,0,2736,1824,64.0,0,0,267.3384360344031,False,False,True,False,False,False,False,False,False,False,False,False,False,False,False,False,False,False,False,False,True,False,False,False,False,False,False,False,True,False,False,23922.72
15.6,8.0,2.31,0,0,1920,1080,256.0,1,0,141.21199808219862,False,False,False,False,False,False,True,False,False,False,False,False,False,False,False,False,False,False,False,False,True,False,False,False,False,False,False,False,True,False,False,76030.56
35.6,8.0,2.3,0,0,1920,1080,1024.0,0,1,61.879414889952194,False,True,False,False,False,False,False,False,False,False,False,False,False,False,False,False,False,False,False,False,True,False,False,False,True,False,False,False,False,False,False,31808.16
27.3,16.0,3.575,1,0,2560,1440,1280.0,1,1,107.59009377691324,False,False,False,True,False,False,False,False,False,False,False,False,False,False,False,False,False,False,True,False,False,False,False,False,False,False,False,False,True,False,False,149130.72
15.6,8.0,2.62,1,0,1920,1080,1152.0,1,1,141.21199808219862,False,False,False,True,False,False,False,False,False,False,False,False,False,False,False,False,False,False,True,False,False,False,False,False,False,False,False,False,True,False,False,61751.52
15.6,8.0,2.02,0,0,1920,1080,2304.0,1,1,141.21199808219862,False,False,False,True,False,False,False,False,False,False,False,False,False,False,False,False,False,False,False,False,True,False,False,False,False,False,False,False,True,False,False,60867.072
14.0,8.0,1.6,0,0,1920,1080,256.0,1,0,157.3505121487356,False,False,False,True,False,False,False,False,False,False,False,False,False,False,False,False,False,False,False,False,False,True,False,False,True,False,False,False,False,False,False,58554.72
17.3,12.0,3.35,0,0,1920,1080,1280.0,1,1,127.33567457123111,False,False,False,False,False,False,True,False,False,False,False,False,False,False,False,False,False,False,True,False,False,False,False,False,False,False,False,False,True,False,False,106506.72
11.6,4.0,1.16,1,1,1920,1080,32.0,1,0,189.90579052433606,False,False,False,False,False,False,False,False,False,False,True,False,False,False,False,False,False,False,False,False,False,False,False,False,False,False,False,False,True,False,False,15930.72
11.6,4.0,1.15,0,0,1366,768,16.0,0,0,135.0942111925629,False,False,False,False,False,False,False,False,False,False,False,False,False,False,True,False,False,False,False,True,False,False,False,True,False,False,False,False,False,False,False,14332.32
13.3,8.0,1.4,1,0,1920,1080,256.0,1,0,165.6321180513006,False,False,False,False,False,False,False,False,True,False,False,False,False,False,False,False,False,False,False,False,True,False,False,False,False,False,False,False,True,False,False,53812.8
14.0,4.0,1.7,1,0,1920,1080,128.0,1,0,157.3505121487356,False,False,False,False,False,False,False,False,True,False,False,False,False,False,False,False,False,False,False,False,True,False,False,False,False,False,False,False,True,False,False,31914.72
15.6,16.0,2.3,1,0,3840,2160,512.0,1,0,282.42399616439724,False,False,False,False,False,False,False,False,True,False,False,False,False,False,False,False,False,False,False,False,False,False,True,False,False,False,False,False,True,False,False,130269.6
15.6,16.0,2.5,0,0,1920,1080,512.0,1,0,141.21199808219862,False,False,False,False,False,False,False,False,True,False,False,False,False,False,False,False,False,False,False,False,True,False,False,False,False,False,False,False,True,False,False,130482.72
17.3,8.0,3.2,0,0,1920,1080,1280.0,1,1,127.33567457123111,False,True,False,False,False,False,False,False,False,False,False,False,False,False,False,False,False,False,True,False,False,False,False,False,False,False,False,False,True,False,False,90309.6
15.6,4.0,2.1,0,0,1366,768,500.0,0,1,100.45466986113651,False,False,False,False,False,False,True,False,False,False,False,False,False,False,False,False,False,False,False,False,True,False,False,False,False,False,False,False,True,False,False,18488.16
12.3,16.0,1.1,0,1,2400,1600,512.0,1,0,234.50740003017813,False,False,False,False,False,True,False,False,False,False,False,False,False,False,False,False,False,False,False,False,False,True,False,True,False,False,False,False,False,False,False,117162.72
24.0,24.0,1.32,0,0,2560,1440,512.0,1,0,122.3837316712388,False,False,False,False,False,False,False,False,True,False,False,False,False,False,False,False,False,False,False,False,False,True,False,False,False,False,False,False,True,False,False,126912.96
15.6,4.0,2.0,0,0,1920,1080,256.0,1,0,141.21199808219862,False,True,False,False,False,False,False,False,False,False,False,False,False,False,False,False,False,False,False,False,True,False,False,False,True,False,False,False,False,False,False,29783.52
17.3,8.0,2.8,0,0,1600,900,1024.0,0,1,106.11306214269258,False,False,False,False,False,False,False,False,True,False,False,False,False,False,False,False,False,False,False,False,True,False,False,False,False,False,False,False,True,False,False,27652.32
15.6,4.0,2.2,0,0,1920,1080,256.0,1,0,141.21199808219862,False,False,False,True,False,False,False,False,False,False,False,False,False,False,False,False,False,False,False,False,True,False,False,False,False,False,False,False,True,False,False,39906.72
12.5,8.0,1.36,1,0,1920,1080,256.0,1,0,176.23257360658386,False,False,False,False,False,False,False,False,True,False,False,False,False,False,False,False,False,False,False,False,False,True,False,False,False,False,False,False,True,False,False,76137.12
15.6,4.0,2.2,0,0,1920,1080,128.0,1,0,141.21199808219862,False,False,False,False,False,False,False,False,True,False,False,False,False,False,False,False,False,False,False,False,True,False,False,False,False,False,False,False,True,False,False,18594.72
15.6,8.0,2.2,1,0,1920,1080,1152.0,1,1,141.21199808219862,False,False,False,False,False,False,True,False,False,False,False,False,False,False,False,False,False,False,True,False,False,False,False,False,False,False,False,False,True,False,False,58554.72
14.0,8.0,1.64,0,0,1920,1080,256.0,1,0,157.3505121487356,False,False,False,True,False,False,False,False,False,False,False,False,False,False,False,False,False,False,False,False,True,False,False,False,False,False,False,False,True,False,False,62817.12
15.6,4.0,2.4,0,0,1366,768,500.0,0,1,100.45466986113651,False,False,False,False,False,False,False,False,False,False,False,False,False,False,False,False,False,False,False,False,True,False,False,False,True,False,False,False,False,False,False,23539.104
15.6,8.0,2.23,0,0,1920,1080,1088.0,0,1,141.21199808219862,False,False,False,True,False,False,False,False,False,False,False,False,False,False,False,False,False,False,False,False,False,False,True,False,False,False,False,False,True,False,False,106187.04
15.6,8.0,2.2,0,0,1920,1080,256.0,1,0,141.21199808219862,False,False,False,False,False,False,False,False,False,False,False,False,True,False,False,False,False,False,True,False,False,False,False,False,False,False,False,False,True,False,False,54757.9872
13.5,16.0,1.25,0,1,2256,1504,512.0,1,0,200.84255993695703,False,False,False,False,False,False,False,False,False,False,False,True,False,False,False,False,False,False,False,False,False,True,False,False,False,False,False,False,False,True,False,137941.92
15.6,8.0,1.91,0,0,1366,768,128.0,1,0,100.45466986113651,False,False,False,False,False,False,True,False,False,False,False,False,False,False,False,False,False,False,False,False,True,False,False,False,False,False,False,False,True,False,False,31381.92
15.6,16.0,2.17,1,0,1920,1080,256.0,1,0,141.21199808219862,False,False,False,True,False,False,False,False,False,False,False,False,False,False,False,False,False,False,False,False,False,False,True,False,False,False,False,False,True,False,False,105228.0
15.6,8.0,2.31,1,0,1920,1080,512.0,1,0,141.21199808219862,False,False,False,False,False,False,True,False,False,False,False,False,False,False,False,False,False,False,False,False,False,False,True,False,False,False,False,False,True,False,False,81731.52
14.0,8.0,1.65,0,0,1920,1080,256.0,1,0,157.3505121487356,False,False,False,False,False,False,False,False,True,False,False,False,False,False,False,False,False,False,False,False,True,False,False,False,False,False,False,False,True,False,False,71661.6
15.6,8.0,2.36,0,0,1920,1080,1152.0,1,1,141.21199808219862,False,False,False,True,False,False,False,False,False,False,False,False,False,False,False,False,False,False,False,False,True,False,False,False,False,False,False,False,True,False,False,52161.12
11.6,4.0,1.47,0,1,1366,768,500.0,0,1,135.0942111925629,False,False,False,True,False,False,False,False,False,False,False,False,False,False,False,False,False,False,False,False,False,False,False,False,False,False,False,False,True,False,False,25521.12
17.3,8.0,3.575,1,0,1920,1080,1024.0,0,1,127.33567457123111,False,False,False,True,False,False,False,False,False,False,False,False,False,False,False,False,False,False,False,False,True,False,False,False,False,False,False,False,True,False,False,109010.88
13.5,4.0,1.252,0,1,2256,1504,128.0,1,0,200.84255993695703,False,False,False,False,False,False,False,False,False,False,False,True,False,False,False,False,False,False,False,False,False,True,False,False,False,False,False,False,False,True,False,52693.92
33.5,8.0,1.25,0,1,2256,1504,256.0,1,0,80.93655400444537,False,False,False,False,False,False,False,False,False,False,False,True,False,False,False,False,False,False,False,False,False,True,False,False,False,False,False,False,False,True,False,95850.72
17.3,8.0,2.5,0,0,1600,900,256.0,1,0,106.11306214269258,False,False,False,False,False,False,True,False,False,False,False,False,False,False,False,False,False,False,False,False,True,False,False,False,False,False,False,False,True,False,False,34093.872
15.6,4.0,2.23,0,0,1920,1080,1024.0,0,1,141.21199808219862,False,False,False,False,False,False,False,False,False,False,False,False,False,False,False,False,False,False,False,False,True,False,False,False,False,False,False,False,True,False,False,28984.32
11.6,4.0,1.4,0,0,1366,768,128.0,1,0,135.0942111925629,False,False,False,False,False,False,False,False,False,False,False,False,False,False,False,False,False,False,False,True,False,False,False,False,False,False,False,False,True,False,False,23176.8
15.6,8.0,2.37,0,0,1920,1080,1024.0,0,1,141.21199808219862,False,True,False,False,False,False,False,False,False,False,False,False,False,False,False,False,False,False,False,False,True,False,False,False,False,False,False,False,True,False,False,39906.72
14.0,8.0,1.5,1,0,1920,1080,512.0,1,0,157.3505121487356,False,False,False,False,False,False,False,False,True,False,False,False,False,False,False,False,False,False,False,False,True,False,False,False,False,False,False,True,False,False,False,42570.72
15.6,8.0,2.67,0,0,1920,1080,256.0,1,0,141.21199808219862,False,False,False,False,False,False,False,False,True,False,False,False,False,False,False,False,False,False,False,False,True,False,False,False,False,False,False,False,True,False,False,111355.2
15.6,4.0,2.0,0,0,1366,768,500.0,0,1,100.45466986113651,False,True,False,False,False,False,False,False,False,False,False,False,False,False,False,False,False,False,False,False,True,False,False,False,False,False,False,False,True,False,False,16197.12
15.6,4.0,2.2,0,0,1366,768,500.0,0,1,100.45466986113651,False,False,False,False,False,False,False,False,False,False,False,False,False,False,False,False,False,False,False,False,True,False,False,False,False,False,False,False,True,False,False,24988.32
15.6,8.0,2.02,0,0,1920,1080,2048.0,0,1,141.21199808219862,False,False,False,True,False,False,False,False,False,False,False,False,False,False,False,False,False,False,False,False,True,False,False,False,False,False,False,False,True,False,False,40439.52
17.3,12.0,3.575,1,0,1920,1080,1024.0,0,1,127.33567457123111,False,False,False,False,False,False,True,False,False,False,False,False,False,False,False,False,False,False,True,False,False,False,False,False,False,False,False,False,True,False,False,90522.72
14.0,12.0,1.4,1,0,2560,1440,256.0,1,0,209.8006828649808,False,False,False,False,False,False,False,False,True,False,False,False,False,False,False,False,False,False,False,False,False,True,False,False,False,False,False,False,True,False,False,98994.24
13.3,8.0,1.29,1,1,3840,2160,512.0,1,0,331.2642361026012,False,False,False,False,False,False,True,False,False,False,False,False,False,False,False,False,False,False,False,False,False,False,False,False,False,False,False,False,True,False,False,106506.72
15.6,8.0,1.9,0,0,1920,1080,500.0,0,1,141.21199808219862,False,False,False,False,False,False,True,False,False,False,False,False,False,False,False,False,False,False,False,False,True,False,False,False,False,False,False,False,True,False,False,61485.12
12.3,8.0,1.1,0,1,2400,1600,128.0,1,0,234.50740003017813,False,False,False,False,False,True,False,False,False,False,False,False,False,False,False,False,False,False,False,False,False,True,False,True,False,False,False,False,False,False,False,67932.0
13.3,8.0,1.42,0,1,1920,1080,256.0,1,0,165.6321180513006,False,False,False,True,False,False,False,False,False,False,False,False,False,False,False,False,False,False,False,False,False,True,False,False,False,False,False,False,True,False,False,98133.768
15.6,12.0,2.06,1,0,3840,2160,1152.0,1,1,282.42399616439724,False,True,False,False,False,False,False,False,False,False,False,False,False,False,False,False,False,False,False,False,True,False,False,False,False,False,False,False,True,False,False,69210.72
14.0,8.0,1.79,0,0,1366,768,128.0,1,0,111.93520355955211,False,False,False,True,False,False,False,False,False,False,False,False,False,False,False,False,False,False,False,False,True,False,False,False,False,False,False,False,True,False,False,39427.2
14.0,8.0,1.7,0,0,1920,1080,180.0,1,0,157.3505121487356,False,False,False,False,False,False,False,False,True,False,False,False,False,False,False,False,False,False,False,False,True,False,False,False,False,False,False,False,True,False,False,72673.92
13.3,8.0,1.05,1,0,1920,1080,256.0,1,0,165.6321180513006,False,False,False,False,False,False,False,False,False,False,False,False,False,False,False,True,False,False,False,False,True,False,False,False,False,False,False,False,True,False,False,89084.16
15.6,8.0,2.16,1,0,1920,1080,512.0,1,0,141.21199808219862,False,False,False,True,False,False,False,False,False,False,False,False,False,False,False,False,False,False,False,False,True,False,False,False,False,False,False,False,True,False,False,67239.36
15.6,4.0,2.18,0,0,1366,768,1024.0,0,1,100.45466986113651,False,False,False,True,False,False,False,False,False,False,False,False,False,False,False,False,False,False,False,False,True,False,False,False,False,False,False,False,True,False,False,31254.048
13.3,4.0,1.49,1,0,1920,1080,128.0,1,0,165.6321180513006,False,False,False,False,False,False,True,False,False,False,False,False,False,False,False,False,False,False,False,False,True,False,False,False,False,False,False,False,True,False,False,38681.28
15.6,4.0,1.89,0,0,1920,1080,64.0,0,0,141.21199808219862,False,False,True,False,False,False,False,False,False,False,False,False,False,False,False,False,False,False,False,False,True,False,False,False,False,False,False,False,True,False,False,13261.392
15.6,4.0,2.3,0,0,1366,768,128.0,1,0,100.45466986113651,False,False,False,False,False,False,False,False,True,False,False,False,False,False,False,False,False,False,False,False,True,False,False,False,False,False,False,False,True,False,False,30103.2
14.0,8.0,1.75,1,0,1920,1080,256.0,1,0,157.3505121487356,False,False,False,False,False,False,False,False,True,False,False,False,False,False,False,False,False,False,False,False,True,False,False,False,False,False,False,False,True,False,False,55890.72
15.6,16.0,2.17,1,0,1920,1080,512.0,1,0,141.21199808219862,False,False,False,True,False,False,False,False,False,False,False,False,False,False,False,False,False,False,False,False,False,False,True,False,False,False,False,False,True,False,False,124568.64
15.6,16.0,2.06,0,0,1920,1080,512.0,1,0,141.21199808219862,False,False,False,True,False,False,False,False,False,False,False,False,False,False,False,False,False,False,False,False,True,False,False,False,False,False,False,False,True,False,False,101178.72
12.5,16.0,1.36,1,0,1920,1080,512.0,1,0,176.23257360658386,False,False,False,False,False,False,False,False,True,False,False,False,False,False,False,False,False,False,False,False,False,True,False,False,False,False,False,False,True,False,False,95797.44
12.5,16.0,0.91,0,0,1920,1080,512.0,1,0,176.23257360658386,False,True,False,False,False,False,False,False,False,False,False,False,False,False,False,False,False,False,False,False,False,True,False,False,False,False,False,False,True,False,False,103896.0
15.6,8.0,2.3,1,0,1920,1080,256.0,1,0,141.21199808219862,False,False,False,False,False,False,False,False,True,False,False,False,False,False,False,False,False,False,False,False,True,False,False,False,False,False,False,False,True,False,False,53918.8272
13.3,32.0,1.05,0,1,1920,1080,512.0,1,0,165.6321180513006,False,False,False,False,False,False,False,False,False,False,False,False,False,False,False,True,False,False,False,False,False,True,False,False,False,False,False,False,True,False,False,149130.72
15.6,8.0,1.99,0,0,1920,1080,1152.0,1,1,141.21199808219862,False,True,False,False,False,False,False,False,False,False,False,False,False,False,False,False,False,False,True,False,False,False,False,False,False,False,False,False,True,False,False,71928.0
15.6,8.0,2.2,0,0,1366,768,1024.0,0,1,100.45466986113651,False,False,False,False,False,False,False,False,False,False,False,False,False,False,False,False,False,False,False,False,True,False,False,False,False,False,False,False,True,False,False,30849.12
17.3,24.0,3.575,1,1,1920,1080,1280.0,1,1,127.33567457123111,False,True,False,False,False,False,False,False,False,False,False,False,False,False,False,False,False,False,True,False,False,False,False,False,False,False,False,False,True,False,False,67612.32
12.5,8.0,1.3,1,0,1366,768,180.0,1,0,125.36742798669837,False,False,False,False,False,False,False,False,True,False,False,False,False,False,False,False,False,False,False,False,False,True,False,False,False,False,False,False,True,False,False,58554.72
15.6,8.0,2.17,0,0,1920,1080,256.0,1,0,141.21199808219862,False,False,False,False,False,False,False,False,True,False,False,False,False,False,False,False,False,False,False,False,True,False,False,False,False,False,False,False,True,False,False,47893.392
14.0,8.0,1.48,0,0,1920,1080,1024.0,1,0,157.3505121487356,False,False,False,False,False,False,True,False,False,False,False,False,False,False,False,False,False,False,False,False,True,False,False,False,False,False,False,False,True,False,False,93186.72
13.3,8.0,1.4,1,0,1920,1080,256.0,1,0,165.6321180513006,False,False,False,False,False,False,False,False,True,False,False,False,False,False,False,False,False,False,False,False,True,False,False,False,False,False,False,False,True,False,False,50562.72
15.6,8.0,2.3,1,0,1920,1080,256.0,1,0,141.21199808219862,False,False,False,False,False,False,False,False,True,False,False,False,False,False,False,False,False,False,False,False,True,False,False,False,False,False,False,False,True,False,False,48538.08
11.6,4.0,1.2,0,0,1366,768,64.0,0,0,135.0942111925629,False,True,False,False,False,False,False,False,False,False,False,False,False,False,False,False,False,False,False,True,False,False,False,False,False,False,False,False,False,True,False,18115.2
15.6,8.0,1.91,0,0,1366,768,256.0,1,0,100.45466986113651,False,False,False,False,False,False,True,False,False,False,False,False,False,False,False,False,False,False,False,False,True,False,False,False,False,False,False,False,True,False,False,32979.7872
13.9,8.0,1.4,1,1,1920,1080,256.0,1,0,158.48253022174808,False,False,False,False,False,False,False,False,True,False,False,False,False,False,False,False,False,False,False,False,False,False,False,False,False,False,False,False,True,False,False,85194.72
14.0,4.0,2.1,0,0,1366,768,500.0,0,1,111.93520355955211,False,False,False,False,False,False,False,False,True,False,False,False,False,False,False,False,False,False,False,False,True,False,False,False,False,False,False,False,True,False,False,15930.72
11.6,4.0,1.25,0,0,1366,768,16.0,1,0,135.0942111925629,False,False,False,False,False,False,False,False,True,False,False,False,False,False,False,False,False,False,False,True,False,False,False,True,False,False,False,False,False,False,False,14119.2
13.3,8.0,1.44,0,0,1920,1080,256.0,1,0,165.6321180513006,False,False,False,False,False,False,False,False,True,False,False,False,False,False,False,False,False,False,False,False,True,False,False,False,False,False,False,False,True,False,False,50562.72
15.6,8.0,2.0,0,0,1920,1080,1280.0,1,1,141.21199808219862,False,True,False,False,False,False,False,False,False,False,False,False,False,False,False,False,False,False,False,False,True,False,False,False,False,False,False,False,True,False,False,65214.72
15.6,4.0,2.2,1,0,1920,1080,1024.0,0,1,141.21199808219862,False,False,False,False,False,False,False,False,False,False,False,False,False,False,False,False,False,False,False,False,True,False,False,False,False,False,False,False,True,False,False,32660.64
13.3,8.0,1.34,1,0,1920,1080,512.0,1,0,165.6321180513006,False,False,False,False,False,False,True,False,False,False,False,False,False,False,False,False,False,False,False,False,False,True,False,False,False,False,False,False,True,False,False,70489.44
15.6,8.0,2.4,1,0,1920,1080,1280.0,1,1,141.21199808219862,False,False,False,False,False,False,False,False,True,False,False,False,False,False,False,False,False,False,True,False,False,False,False,False,False,False,False,True,False,False,False,61218.72
13.3,8.0,1.29,1,1,1920,1080,128.0,1,0,165.6321180513006,False,False,False,True,False,False,False,False,False,False,False,False,False,False,False,False,False,False,False,False,False,True,False,False,False,False,False,False,True,False,False,47898.72
15.6,4.0,2.2,0,0,1920,1080,500.0,0,1,141.21199808219862,False,False,False,False,False,False,False,False,False,False,False,False,False,False,False,False,False,False,False,False,True,False,False,False,False,False,False,False,True,False,False,34045.92
15.6,8.0,2.18,0,0,1920,1080,1024.0,0,1,141.21199808219862,False,False,False,True,False,False,False,False,False,False,False,False,False,False,False,False,False,False,False,False,True,False,False,False,False,False,False,False,True,False,False,44542.08
15.6,16.0,2.2,0,0,1920,1080,2304.0,1,1,141.21199808219862,False,False,False,True,False,False,False,False,False,False,False,False,False,False,False,False,False,False,False,False,True,False,False,False,False,False,False,False,True,False,False,64961.1072
15.6,16.0,1.95,1,0,1920,1080,256.0,1,0,141.21199808219862,False,False,False,False,False,False,False,False,False,False,False,False,False,False,False,False,False,True,False,False,True,False,False,False,False,False,False,True,False,False,False,74589.336
11.6,2.0,1.1,0,0,1366,768,32.0,0,0,135.0942111925629,False,True,False,False,False,False,False,False,False,False,False,False,False,False,False,False,False,False,False,True,False,False,False,False,False,False,False,False,True,False,False,13053.6
15.6,4.0,2.04,0,1,1366,768,1024.0,0,1,100.45466986113651,False,False,False,False,False,False,True,False,False,False,False,False,False,False,False,False,False,False,False,False,True,False,False,False,False,False,False,False,True,False,False,27783.9216
15.6,24.0,2.24,0,0,1920,1080,512.0,1,0,141.21199808219862,False,True,False,False,False,False,False,False,False,False,False,False,False,False,False,False,False,False,True,False,False,False,False,False,False,False,False,False,True,False,False,150358.42440000002
15.6,8.0,2.04,0,0,1920,1080,256.0,1,0,141.21199808219862,False,False,False,False,False,False,True,False,False,False,False,False,False,False,False,False,False,False,False,False,True,False,False,False,False,False,False,False,True,False,False,47365.92
17.3,16.0,3.0,0,0,1920,1080,1280.0,1,1,127.33567457123111,False,True,False,False,False,False,False,False,False,False,False,False,False,False,False,False,False,False,True,False,False,False,False,False,False,False,False,False,True,False,False,80133.12
15.6,8.0,3.2,1,0,1920,1080,1280.0,1,1,141.21199808219862,False,False,False,False,False,False,False,False,True,False,False,False,False,False,False,False,False,False,True,False,False,False,False,False,False,False,False,False,True,False,False,74538.72
13.3,8.0,1.32,1,0,1920,1080,256.0,1,0,165.6321180513006,False,False,False,False,False,False,True,False,False,False,False,False,False,False,False,False,False,False,False,False,False,True,False,False,False,False,False,False,True,False,False,74538.72
14.0,8.0,1.64,0,0,1920,1080,256.0,1,0,157.3505121487356,False,False,False,True,False,False,False,False,False,False,False,False,False,False,False,False,False,False,False,False,True,False,False,False,False,False,False,False,True,False,False,68184.0144
15.6,4.0,1.63,0,0,1366,768,128.0,1,0,100.45466986113651,False,False,False,False,False,False,True,False,False,False,False,False,False,False,False,False,False,False,False,False,True,False,False,False,False,False,False,False,True,False,False,36709.92
17.3,8.0,2.8,1,0,1920,1080,1152.0,1,1,127.33567457123111,False,False,False,True,False,False,False,False,False,False,False,False,False,False,False,False,False,False,False,False,True,False,False,False,True,False,False,False,False,False,False,47365.92
24.0,8.0,2.02,0,0,1920,1080,256.0,1,0,91.7877987534291,False,False,False,False,False,False,False,False,True,False,False,False,False,False,False,False,False,False,False,False,True,False,False,False,False,False,False,False,False,False,True,71395.2
15.6,4.0,2.2,0,0,1920,1080,1024.0,0,1,141.21199808219862,False,False,False,False,False,False,False,False,True,False,False,False,False,False,False,False,False,False,False,False,True,False,False,False,False,False,False,False,True,False,False,42570.72
15.6,8.0,2.2,0,0,1366,768,2048.0,0,1,100.45466986113651,False,False,False,False,False,False,False,False,True,False,False,False,False,False,False,False,False,False,False,False,True,False,False,False,False,False,False,True,False,False,False,24455.52
15.6,4.0,2.3,0,0,1920,1080,500.0,0,1,141.21199808219862,False,False,False,True,False,False,False,False,False,False,False,False,False,False,False,False,False,False,False,False,True,False,False,False,False,False,False,False,True,False,False,31168.8
15.6,8.0,1.9,0,0,1920,1080,256.0,1,0,141.21199808219862,False,False,False,True,False,False,False,False,False,False,False,False,False,False,False,False,False,False,False,False,True,False,False,False,False,False,False,False,True,False,False,73366.56
17.3,16.0,3.575,1,0,1920,1080,1152.0,1,1,127.33567457123111,False,False,False,True,False,False,False,False,False,False,False,False,False,False,False,False,False,False,True,False,False,False,False,False,False,False,False,False,True,False,False,150358.42440000002
15.6,8.0,2.0,1,0,1920,1080,500.0,0,1,141.21199808219862,False,False,False,False,False,False,False,False,False,False,False,False,False,False,False,True,False,False,False,False,True,False,False,False,False,False,False,False,True,False,False,45820.8
15.6,8.0,2.0,1,0,3840,2160,1280.0,1,1,282.42399616439724,False,True,False,False,False,False,False,False,False,False,False,False,False,False,False,False,False,False,False,False,True,False,False,False,False,False,False,False,True,False,False,69210.72
13.3,4.0,1.2,1,0,1920,1080,32.0,1,0,165.6321180513006,False,False,False,False,False,False,False,False,False,False,True,False,False,False,False,False,False,False,False,False,True,False,False,False,False,False,False,False,True,False,False,19660.32
15.6,8.0,2.3,1,0,1920,1080,1152.0,1,1,141.21199808219862,False,True,False,False,False,False,False,False,False,False,False,False,False,False,False,False,False,False,True,False,False,False,False,False,False,False,False,False,True,False,False,87858.72
15.6,8.0,1.93,0,0,1920,1080,256.0,1,0,141.21199808219862,False,False,False,True,False,False,False,False,False,False,False,False,False,False,False,False,False,False,False,False,True,False,False,False,False,False,False,False,True,False,False,72940.32
15.6,8.0,2.2,0,0,1920,1080,256.0,1,0,141.21199808219862,False,False,False,True,False,False,False,False,False,False,False,False,False,False,False,False,False,False,False,False,True,False,False,False,False,False,False,False,True,False,False,42486.0048
15.6,4.0,1.86,0,0,1920,1080,256.0,1,0,141.21199808219862,False,False,False,False,False,False,True,False,False,False,False,False,False,False,False,False,False,False,False,False,True,False,False,False,False,False,False,False,True,False,False,21258.1872
17.3,12.0,2.62,0,0,1920,1080,1024.0,0,1,127.33567457123111,False,False,False,False,False,False,True,False,False,False,False,False,False,False,False,False,False,False,True,False,False,False,False,False,False,False,False,False,True,False,False,95850.72
14.0,8.0,1.87,1,0,1920,1080,256.0,1,0,157.3505121487356,False,False,False,False,False,False,False,False,True,False,False,False,False,False,False,False,False,False,False,False,True,False,False,False,False,False,False,False,True,False,False,45767.52
13.3,8.0,1.2,0,1,3200,1800,256.0,1,0,276.053530085501,False,False,False,True,False,False,False,False,False,False,False,False,False,False,False,False,False,False,False,False,False,True,False,False,False,False,False,False,True,False,False,74538.72
14.0,4.0,1.6,0,0,1920,1080,128.0,1,0,157.3505121487356,False,False,False,True,False,False,False,False,False,False,False,False,False,False,False,False,False,False,False,False,True,False,False,False,False,False,False,False,True,False,False,39207.1536
13.3,8.0,1.34,1,0,3200,1800,256.0,1,0,276.053530085501,False,False,False,False,False,False,True,False,False,False,False,False,False,False,False,False,False,False,False,False,False,True,False,False,False,False,False,False,True,False,False,61005.6
15.6,8.0,2.4,0,0,1920,1080,1024.0,0,1,141.21199808219862,False,False,False,False,False,False,False,False,False,False,False,False,False,False,False,False,False,False,True,False,False,False,False,False,True,False,False,False,False,False,False,42517.44
15.6,4.0,2.0,0,0,1366,768,500.0,0,1,100.45466986113651,False,True,False,False,False,False,False,False,False,False,False,False,False,False,False,False,False,False,False,False,True,False,False,False,False,False,False,False,True,False,False,18594.72
15.6,4.0,2.1,0,0,1920,1080,128.0,1,0,141.21199808219862,False,False,False,False,False,False,True,False,False,False,False,False,False,False,False,False,False,False,False,False,True,False,False,False,False,False,False,False,True,False,False,37589.04
14.0,4.0,1.87,0,0,1920,1080,500.0,0,1,157.3505121487356,False,False,False,False,False,False,False,False,True,False,False,False,False,False,False,False,False,False,False,False,True,False,False,False,False,False,False,False,True,False,False,41824.8
15.6,4.0,2.15,0,0,1920,1080,1024.0,0,1,141.21199808219862,False,False,False,False,False,False,False,False,True,False,False,False,False,False,False,False,False,False,False,False,True,False,False,False,False,False,False,True,False,False,False,24634.008
15.6,4.0,1.86,0,0,1920,1080,500.0,0,1,141.21199808219862,False,False,False,False,False,False,True,False,False,False,False,False,False,False,False,False,False,False,False,False,True,False,False,False,False,False,False,False,True,False,False,21152.16
15.6,8.0,1.99,1,0,1920,1080,512.0,1,0,141.21199808219862,False,False,False,False,False,False,False,False,True,False,False,False,False,False,False,False,False,False,False,False,True,False,False,False,False,False,False,False,True,False,False,92121.12
15.6,4.0,2.2,0,0,1920,1080,128.0,1,0,141.21199808219862,False,False,False,False,False,False,False,False,True,False,False,False,False,False,False,False,False,False,False,False,True,False,False,False,False,False,False,False,True,False,False,26586.72
15.6,8.0,1.9,0,0,1920,1080,256.0,1,0,141.21199808219862,False,False,False,True,False,False,False,False,False,False,False,False,False,False,False,False,False,False,False,False,True,False,False,False,False,False,False,False,True,False,False,59513.2272
17.3,16.0,3.575,1,0,1920,1080,1280.0,1,1,127.33567457123111,False,False,False,True,False,False,False,False,False,False,False,False,False,False,False,False,False,False,True,False,False,False,False,False,False,False,False,False,True,False,False,143802.72
17.3,8.0,2.65,0,0,1600,900,1024.0,0,1,106.11306214269258,False,False,False,False,False,False,True,False,False,False,False,False,False,False,False,False,False,False,False,False,True,False,False,False,False,False,False,False,True,False,False,28992.312
17.3,8.0,2.63,0,0,1920,1080,1024.0,0,1,127.33567457123111,False,False,False,False,False,False,True,False,False,False,False,False,False,False,False,False,False,False,False,False,True,False,False,False,False,False,False,False,True,False,False,68198.4
15.6,4.0,2.0,0,0,1366,768,500.0,0,1,100.45466986113651,False,True,False,False,False,False,False,False,False,False,False,False,False,False,False,False,False,False,False,False,True,False,False,False,True,False,False,False,False,False,False,11934.72
13.3,4.0,1.35,1,0,1920,1080,32.0,0,0,165.6321180513006,False,False,False,False,False,False,False,False,False,False,True,False,False,False,False,False,False,False,False,False,True,False,False,False,False,False,False,False,True,False,False,13586.4
17.3,6.0,2.8,0,0,1600,900,1152.0,1,1,106.11306214269258,False,False,False,False,False,False,False,False,True,False,False,False,False,False,False,False,False,False,False,False,True,False,False,False,False,False,False,False,True,False,False,50562.72
15.6,6.0,1.91,1,0,1920,1080,128.0,1,0,141.21199808219862,False,False,False,False,False,False,True,False,False,False,False,False,False,False,False,False,False,False,False,False,True,False,False,False,False,False,False,False,True,False,False,30310.992
15.6,4.0,2.18,0,0,1366,768,1024.0,0,1,100.45466986113651,False,False,False,True,False,False,False,False,False,False,False,False,False,False,False,False,False,False,False,False,True,False,False,False,False,False,False,False,True,False,False,32921.712
11.6,4.0,1.25,1,1,1920,1080,32.0,0,0,189.90579052433606,False,False,False,False,False,False,False,False,False,False,False,False,False,False,False,False,False,False,False,False,False,False,False,False,False,False,False,False,True,False,False,18594.72
15.6,4.0,2.05,0,0,1920,1080,128.0,1,0,141.21199808219862,False,False,False,False,False,False,False,False,True,False,False,False,False,False,False,False,False,False,False,False,True,False,False,False,False,False,False,False,True,False,False,33566.4
13.3,16.0,1.16,1,1,3200,1800,512.0,1,0,276.053530085501,False,False,False,False,False,False,True,False,False,False,False,False,False,False,False,False,False,False,False,False,False,True,False,False,False,False,False,False,True,False,False,104695.2
17.3,8.0,3.4,1,0,1920,1080,256.0,1,0,127.33567457123111,False,False,False,False,False,False,False,False,True,False,False,False,False,False,False,False,False,False,False,False,True,False,False,False,False,False,False,False,True,False,False,150358.42440000002
15.6,8.0,2.5,0,0,1920,1080,1152.0,1,1,141.21199808219862,False,True,False,False,False,False,False,False,False,False,False,False,False,False,False,False,False,False,False,False,True,False,False,False,False,False,False,False,True,False,False,44701.92
13.3,8.0,1.21,1,1,3840,2160,128.0,1,0,331.2642361026012,False,False,False,True,False,False,False,False,False,False,False,False,False,False,False,False,False,False,False,False,False,True,False,False,False,False,False,False,True,False,False,85194.72
15.6,4.0,1.93,0,0,1366,768,500.0,0,1,100.45466986113651,False,False,False,True,False,False,False,False,False,False,False,False,False,False,False,False,False,False,False,False,True,False,False,False,False,False,False,False,True,False,False,51095.52
15.6,4.0,2.2,0,0,1920,1080,500.0,0,1,141.21199808219862,False,False,False,False,False,False,False,False,True,False,False,False,False,False,False,False,False,False,False,False,True,False,False,False,False,False,False,False,True,False,False,18328.32
14.0,4.0,2.02,0,0,1366,768,500.0,0,1,111.93520355955211,False,False,False,False,False,False,False,False,True,False,False,False,False,False,False,False,False,False,False,False,True,False,False,False,False,False,False,False,True,False,False,52747.2
17.3,8.0,3.14,0,0,1600,900,500.0,0,1,106.11306214269258,False,False,False,False,False,False,True,False,False,False,False,False,False,False,False,False,False,False,False,False,False,False,True,False,False,False,False,False,True,False,False,99153.5472
14.0,8.0,1.94,0,0,1366,768,2048.0,0,1,111.93520355955211,False,False,False,False,False,False,True,False,False,False,False,False,False,False,False,False,False,False,False,False,True,False,False,False,False,False,False,False,True,False,False,20725.92
15.6,6.0,1.95,1,0,1920,1080,256.0,1,0,141.21199808219862,False,False,False,False,False,False,True,False,False,False,False,False,False,False,False,False,False,False,False,False,True,False,False,False,False,False,False,False,True,False,False,34578.72
15.6,8.0,2.3,0,0,1920,1080,256.0,1,0,141.21199808219862,False,False,False,False,False,False,False,False,True,False,False,False,False,False,False,False,False,False,False,False,True,False,False,False,False,False,False,False,True,False,False,44222.4
15.6,4.0,2.05,0,0,1920,1080,500.0,0,1,141.21199808219862,False,False,False,False,False,False,False,False,True,False,False,False,False,False,False,False,False,False,False,False,True,False,False,False,False,False,False,False,True,False,False,36496.8
14.0,4.0,1.4,0,0,1920,1080,32.0,1,0,157.3505121487356,False,False,False,False,False,False,False,False,False,False,True,False,False,False,False,False,False,False,False,False,True,False,False,False,False,False,False,False,True,False,False,13266.72
14.0,16.0,1.24,0,1,1920,1080,512.0,1,0,157.3505121487356,False,False,False,False,False,False,False,False,False,False,False,False,False,False,False,True,False,False,False,False,False,True,False,False,False,False,False,False,True,False,False,99367.2
17.3,32.0,3.575,1,0,1920,1080,1280.0,1,1,127.33567457123111,False,False,False,False,False,False,False,False,True,False,False,False,False,False,False,False,False,False,True,False,False,False,False,False,False,False,False,False,True,False,False,141884.64
17.3,16.0,3.575,0,0,1920,1080,1536.0,1,1,127.33567457123111,False,False,False,False,False,False,False,False,False,False,False,False,True,False,False,False,False,False,True,False,False,False,False,False,False,False,False,False,True,False,False,145401.12
15.6,8.0,2.2,0,0,1920,1080,256.0,1,0,141.21199808219862,False,False,False,True,False,False,False,False,False,False,False,False,False,False,False,False,False,False,False,False,True,False,False,False,True,False,False,False,False,False,False,39907.2528
14.0,4.0,1.45,1,0,1920,1080,32.0,1,0,157.3505121487356,False,False,False,False,False,False,False,False,False,False,True,False,False,False,False,False,False,False,False,False,True,False,False,False,False,False,False,False,True,False,False,20725.92
15.6,8.0,1.9,0,0,1366,768,500.0,0,1,100.45466986113651,False,False,False,True,False,False,False,False,False,False,False,False,False,False,False,False,False,False,False,False,True,False,False,False,False,False,False,False,True,False,False,53733.9456
13.3,4.0,1.49,0,0,1920,1080,128.0,1,0,165.6321180513006,False,False,False,False,False,False,True,False,False,False,False,False,False,False,False,False,False,False,False,False,True,False,False,False,False,False,False,False,True,False,False,38308.32
15.6,16.0,1.93,0,0,1920,1080,256.0,1,0,141.21199808219862,False,False,False,True,False,False,False,False,False,False,False,False,False,False,False,False,False,False,False,False,True,False,False,False,False,False,False,False,True,False,False,81912.1392
11.6,4.0,1.26,0,0,1366,768,16.0,0,0,135.0942111925629,False,False,False,True,False,False,False,False,False,False,False,False,False,False,False,False,False,False,False,True,False,False,False,True,False,False,False,False,False,False,False,15717.6
17.3,16.0,3.575,0,0,1920,1080,1152.0,1,1,127.33567457123111,False,False,False,False,False,False,False,False,False,False,False,False,True,False,False,False,False,False,True,False,False,False,False,False,False,False,False,False,True,False,False,125154.72
17.3,16.0,3.575,1,0,1920,1080,1280.0,1,1,127.33567457123111,False,False,False,False,False,False,True,False,False,False,False,False,False,False,False,False,False,False,True,False,False,False,False,False,False,False,False,False,True,False,False,79813.44
14.0,12.0,3.575,1,0,1920,1080,256.0,1,0,157.3505121487356,False,False,False,False,False,False,False,False,True,False,False,False,False,False,False,False,False,False,False,False,False,True,False,False,False,False,False,False,True,False,False,89137.44
15.6,12.0,2.2,0,1,1366,768,1024.0,0,1,100.45466986113651,False,False,False,False,False,False,False,False,True,False,False,False,False,False,False,False,False,False,False,False,True,False,False,False,False,False,False,False,True,False,False,32447.52
17.3,8.0,2.73,1,0,1920,1080,1152.0,1,1,127.33567457123111,False,True,False,False,False,False,False,False,False,False,False,False,False,False,False,False,False,False,True,False,False,False,False,False,False,False,False,False,True,False,False,94305.6
15.6,8.0,2.2,0,1,1366,768,1024.0,0,1,100.45466986113651,False,True,False,False,False,False,False,False,False,False,False,False,False,False,False,False,False,False,False,False,False,False,False,False,False,False,False,False,True,False,False,39373.92
15.6,12.0,2.2,0,0,1920,1080,512.0,1,0,141.21199808219862,False,False,False,False,False,False,False,False,True,False,False,False,False,False,False,False,False,False,False,False,True,False,False,False,False,False,False,False,True,False,False,50562.72
31.6,4.0,1.39,0,1,1366,768,128.0,1,0,49.59154588081422,False,False,False,True,False,False,False,False,False,False,False,False,False,False,False,False,False,False,False,False,False,False,False,False,False,False,False,False,True,False,False,32127.84
15.6,16.0,2.5,0,0,1920,1080,1152.0,1,1,141.21199808219862,False,False,False,False,False,False,False,False,False,False,False,False,False,False,True,False,False,False,False,False,True,False,False,False,False,False,False,False,True,False,False,90522.72
17.3,4.0,2.8,0,0,1920,1080,500.0,0,1,127.33567457123111,False,False,False,False,False,False,False,False,True,False,False,False,False,False,False,False,False,False,False,False,True,False,False,False,False,False,False,True,False,False,False,28185.12
15.6,8.0,2.29,0,0,1366,768,1024.0,0,1,100.45466986113651,False,False,False,False,False,False,False,False,True,False,False,False,False,False,False,False,False,False,False,False,True,False,False,False,False,False,False,False,True,False,False,24455.52
13.3,8.0,1.37,1,1,1920,1080,512.0,1,0,165.6321180513006,False,False,False,False,False,False,False,False,True,False,False,False,False,False,False,False,False,False,False,False,False,False,False,False,False,False,False,False,True,False,False,107892.0
14.0,8.0,1.7,1,0,1920,1080,256.0,1,0,157.3505121487356,False,False,False,False,False,False,False,False,True,False,False,False,False,False,False,False,False,False,False,False,True,False,False,False,False,False,False,False,True,False,False,78534.72
12.5,8.0,1.34,0,1,1920,1080,256.0,1,0,176.23257360658386,False,False,False,True,False,False,False,False,False,False,False,False,False,False,False,False,False,False,False,False,False,False,False,False,False,False,False,False,True,False,False,88977.6
15.6,8.0,2.06,0,1,1920,1080,256.0,1,0,141.21199808219862,False,False,False,True,False,False,False,False,False,False,False,False,False,False,False,False,False,False,False,False,False,False,True,False,False,False,False,False,True,False,False,93932.64
15.6,8.0,1.84,0,0,1920,1080,256.0,1,0,141.21199808219862,False,False,False,False,False,False,True,False,False,False,False,False,False,False,False,False,False,False,False,False,True,False,False,False,False,False,False,False,True,False,False,64948.32
15.6,4.0,2.1,0,0,1366,768,500.0,0,1,100.45466986113651,False,False,False,False,False,False,True,False,False,False,False,False,False,False,False,False,False,False,False,False,True,False,False,False,False,False,False,False,True,False,False,35616.6144
14.0,4.0,1.6,0,0,1920,1080,32.0,0,0,157.3505121487356,False,False,False,False,False,False,False,False,False,False,False,False,False,False,False,False,False,False,False,False,True,False,False,False,False,False,False,False,True,False,False,17529.12
17.3,16.0,3.575,0,0,1920,1080,1152.0,1,1,127.33567457123111,False,False,False,False,False,False,False,False,False,False,False,False,True,False,False,False,False,False,True,False,False,False,False,False,False,False,False,False,True,False,False,117162.72
15.6,4.0,2.18,0,0,1366,768,1024.0,0,1,100.45466986113651,False,False,False,True,False,False,False,False,False,False,False,False,False,False,False,False,False,False,False,False,True,False,False,False,True,False,False,False,False,False,False,24775.2
15.6,16.0,1.8,0,0,3840,2160,2304.0,1,1,282.42399616439724,False,False,False,False,False,False,False,False,False,False,False,False,True,False,False,False,False,False,True,False,False,False,False,False,False,False,False,False,True,False,False,122490.72
15.6,8.0,2.2,1,0,1920,1080,256.0,1,0,141.21199808219862,False,False,False,False,False,False,False,False,False,False,False,False,False,False,False,True,False,False,False,False,True,False,False,False,False,False,False,False,True,False,False,74538.72
15.6,6.0,2.4,0,0,1920,1080,1024.0,0,1,141.21199808219862,False,False,False,False,False,False,False,False,True,False,False,False,False,False,False,False,False,False,False,False,True,False,False,False,False,False,False,False,True,False,False,30049.92
15.6,8.0,2.0,1,1,1920,1080,256.0,1,0,141.21199808219862,False,False,False,False,False,False,False,False,True,False,False,False,False,False,False,False,False,False,False,False,False,False,False,False,False,False,False,False,True,False,False,69210.72
14.0,4.0,1.6,0,0,1366,768,128.0,0,0,111.93520355955211,False,False,False,False,False,False,False,False,False,False,False,False,False,False,False,False,False,False,False,False,True,False,False,False,False,False,False,False,True,False,False,18594.72
15.6,32.0,2.5,1,0,3840,2160,1024.0,1,0,282.42399616439724,False,False,False,False,False,False,False,False,True,False,False,False,False,False,False,False,False,False,False,False,True,False,False,False,False,False,False,False,True,False,False,150358.42440000002
15.6,16.0,2.59,0,0,1920,1080,1024.0,0,1,141.21199808219862,False,False,False,True,False,False,False,False,False,False,False,False,False,False,False,False,False,False,True,False,False,False,False,False,False,False,False,False,True,False,False,46833.6528
15.6,4.0,2.18,0,0,1366,768,1024.0,0,1,100.45466986113651,False,False,False,True,False,False,False,False,False,False,False,False,False,False,False,False,False,False,False,False,True,False,False,False,True,False,False,False,False,False,False,23650.992
15.6,4.0,2.25,0,0,1366,768,1024.0,0,1,100.45466986113651,False,False,False,True,False,False,False,False,False,False,False,False,False,False,False,False,False,False,False,False,True,False,False,False,True,False,False,False,False,False,False,19127.52
15.6,4.0,1.93,0,0,1366,768,500.0,0,1,100.45466986113651,False,False,False,True,False,False,False,False,False,False,False,False,False,False,False,False,False,False,False,False,True,False,False,False,True,False,False,False,False,False,False,46300.32
17.3,8.0,3.0,0,0,1920,1080,1152.0,1,1,127.33567457123111,False,True,False,False,False,False,False,False,False,False,False,False,False,False,False,False,False,False,True,False,False,False,False,False,False,False,False,False,True,False,False,62231.04
15.6,8.0,1.84,0,0,1920,1080,512.0,1,0,141.21199808219862,False,False,False,False,False,False,True,False,False,False,False,False,False,False,False,False,False,False,False,False,False,True,False,False,False,False,False,False,True,False,False,74005.92
15.6,16.0,2.94,0,0,1920,1080,1280.0,1,1,141.21199808219862,False,False,False,False,False,False,False,False,False,False,False,False,True,False,False,False,False,False,True,False,False,False,False,False,False,False,False,False,True,False,False,120831.5808
11.6,4.0,1.25,1,1,1366,768,32.0,0,0,135.0942111925629,False,False,False,False,False,False,False,False,False,False,False,False,False,False,False,False,False,False,False,False,False,False,False,True,False,False,False,False,False,False,False,20193.12
14.0,8.0,2.31,0,0,1366,768,256.0,1,0,111.93520355955211,False,False,False,False,False,False,True,False,False,False,False,False,False,False,False,False,False,False,False,False,True,False,False,False,False,False,False,False,True,False,False,59886.72
14.0,8.0,1.65,0,0,1920,1080,256.0,1,0,157.3505121487356,False,False,False,False,False,False,False,False,True,False,False,False,False,False,False,False,False,False,False,False,True,False,False,False,False,False,False,False,False,False,True,78055.2
15.6,4.0,2.2,0,0,1920,1080,1024.0,0,1,141.21199808219862,False,False,False,True,False,False,False,False,False,False,False,False,False,False,False,False,False,False,False,False,True,False,False,False,False,False,False,False,True,False,False,41345.28
15.6,8.0,2.2,0,0,1366,768,256.0,1,0,100.45466986113651,False,False,False,False,True,False,False,False,False,False,False,False,False,False,False,False,False,False,False,False,True,False,False,False,False,False,False,False,True,False,False,42570.72
15.6,4.0,1.88,0,0,1366,768,500.0,0,1,100.45466986113651,False,False,False,False,False,False,True,False,False,False,False,False,False,False,False,False,False,False,False,False,True,False,False,False,False,False,False,False,False,False,True,49656.96
14.0,2.0,1.4,0,0,1920,1080,32.0,0,0,157.3505121487356,False,False,False,False,False,False,False,False,False,False,True,False,False,False,False,False,False,False,False,False,True,False,False,False,False,False,False,False,True,False,False,12733.92
15.6,4.0,2.2,0,0,1920,1080,128.0,1,0,141.21199808219862,False,False,False,False,False,False,False,False,True,False,False,False,False,False,False,False,False,False,False,False,True,False,False,False,False,False,False,True,False,False,False,24935.04
13.3,6.0,1.5,0,1,1920,1080,1024.0,0,1,165.6321180513006,False,True,False,False,False,False,False,False,False,False,False,False,False,False,False,False,False,False,False,False,False,False,False,False,False,False,False,False,True,False,False,34046.4528
14.0,16.0,3.575,0,0,1920,1080,512.0,1,0,157.3505121487356,False,True,False,False,False,False,False,False,False,False,False,False,False,False,False,False,False,False,False,False,False,True,False,False,False,False,False,False,True,False,False,101232.0
15.6,16.0,2.62,0,0,1920,1080,1280.0,1,1,141.21199808219862,False,False,False,True,False,False,False,False,False,False,False,False,False,False,False,False,False,False,True,False,False,False,False,False,False,False,False,False,True,False,False,78801.12
15.6,4.0,1.8,0,0,1920,1080,256.0,1,0,141.21199808219862,False,False,False,False,False,False,False,False,True,False,False,False,False,False,False,False,False,False,False,False,True,False,False,False,False,False,False,False,True,False,False,44169.12
15.6,4.0,2.2,0,0,1920,1080,1024.0,0,1,141.21199808219862,False,False,False,False,False,False,False,False,True,False,False,False,False,False,False,False,False,False,False,False,True,False,False,False,False,False,False,False,True,False,False,30849.12
15.6,8.0,2.0,0,0,1366,768,1024.0,0,1,100.45466986113651,False,True,False,False,False,False,False,False,False,False,False,False,False,False,False,False,False,False,False,False,True,False,False,False,False,False,False,False,True,False,False,21258.72
15.6,8.0,1.99,0,0,1920,1080,1024.0,0,1,141.21199808219862,False,True,False,False,False,False,False,False,False,False,False,False,False,False,False,False,False,False,False,False,True,False,False,False,False,False,False,False,True,False,False,48304.7136
13.3,8.0,1.23,0,1,3200,1800,256.0,1,0,276.053530085501,False,False,False,True,False,False,False,False,False,False,False,False,False,False,False,False,False,False,False,False,False,True,False,False,False,False,False,False,True,False,False,99580.32
14.0,2.0,1.42,0,0,1366,768,32.0,0,0,111.93520355955211,False,False,False,False,False,False,False,False,True,False,False,False,False,False,False,False,False,False,False,False,True,False,False,False,False,False,False,False,True,False,False,13266.72
13.3,8.0,1.37,1,1,1920,1080,256.0,1,0,165.6321180513006,False,False,False,False,False,False,False,False,True,False,False,False,False,False,False,False,False,False,False,False,False,False,False,False,False,False,False,False,True,False,False,93635.3376
15.6,16.0,2.06,0,1,3840,2160,1024.0,1,0,282.42399616439724,False,False,False,True,False,False,False,False,False,False,False,False,False,False,False,False,False,False,False,False,True,False,False,False,False,False,False,False,True,False,False,127818.72
15.6,8.0,2.5,1,0,1920,1080,1152.0,1,1,141.21199808219862,False,False,False,False,False,False,False,False,True,False,False,False,False,False,False,False,False,False,True,False,False,False,False,False,False,False,False,False,True,False,False,59087.52
17.0,8.0,2.6,0,0,1600,900,1024.0,0,1,107.98564559226952,False,False,False,False,False,False,True,False,False,False,False,False,False,False,False,False,False,False,False,False,True,False,False,False,False,False,False,False,True,False,False,27753.552
14.0,16.0,1.14,1,0,1920,1080,512.0,1,0,157.3505121487356,False,False,False,False,False,False,False,False,True,False,False,False,False,False,False,False,False,False,False,False,False,True,False,False,False,False,False,False,True,False,False,130536.0
15.6,8.0,2.5,1,0,1920,1080,1024.0,0,1,141.21199808219862,False,True,False,False,False,False,False,False,False,False,False,False,False,False,False,False,False,False,True,False,False,False,False,False,False,False,False,True,False,False,False,62284.32
15.6,4.0,2.4,0,0,1366,768,500.0,0,1,100.45466986113651,False,False,False,False,False,False,False,False,False,False,False,False,False,False,False,False,False,False,False,False,True,False,False,False,False,False,False,False,True,False,False,23976.0
14.0,4.0,1.43,0,0,1366,768,32.0,0,0,111.93520355955211,False,False,False,False,False,False,False,False,True,False,False,False,False,False,False,False,False,False,False,False,True,False,False,False,False,False,False,False,True,False,False,14598.72
14.0,8.0,1.8,1,0,1920,1080,256.0,1,0,157.3505121487356,False,False,False,False,False,False,False,False,False,False,False,False,False,False,False,False,False,False,False,False,False,True,False,False,False,False,False,False,True,False,False,48964.32
14.0,16.0,1.95,0,0,1920,1080,256.0,1,0,157.3505121487356,False,False,False,False,False,False,False,False,False,False,False,False,False,True,False,False,False,False,True,False,False,False,False,False,False,False,False,False,True,False,False,138474.72
13.3,8.0,1.2,0,0,1920,1080,256.0,1,0,165.6321180513006,False,False,False,False,False,False,False,False,False,False,False,False,False,False,False,True,False,False,False,False,True,False,False,False,False,False,False,False,True,False,False,64628.64
12.5,8.0,1.36,1,0,1920,1080,256.0,1,0,176.23257360658386,False,False,False,False,False,False,False,False,True,False,False,False,False,False,False,False,False,False,False,False,False,True,False,False,False,False,False,False,True,False,False,84395.52
17.3,32.0,3.575,1,0,1920,1080,512.0,1,0,127.33567457123111,False,True,False,False,False,False,False,False,False,False,False,False,False,False,False,False,False,False,True,False,False,False,False,False,False,False,False,False,True,False,False,149130.72
15.6,8.0,2.4,0,0,1920,1080,1024.0,0,1,141.21199808219862,False,False,False,False,False,False,False,False,False,False,False,False,False,False,False,False,False,False,True,False,False,False,False,False,True,False,False,False,False,False,False,37775.52
13.3,8.0,1.2,0,0,1920,1080,256.0,1,0,165.6321180513006,False,False,False,True,False,False,False,False,False,False,False,False,False,False,False,False,False,False,False,False,False,True,False,False,False,False,False,False,True,False,False,77250.672
15.6,8.0,2.2,0,0,1920,1080,1152.0,1,1,141.21199808219862,False,False,False,False,False,False,False,False,False,False,False,False,True,False,False,False,False,False,True,False,False,False,False,False,False,False,False,False,True,False,False,63499.104
15.6,4.0,1.86,0,0,1366,768,500.0,0,1,100.45466986113651,False,False,False,False,False,False,True,False,False,False,False,False,False,False,False,False,False,False,False,False,True,False,False,False,False,False,False,True,False,False,False,19441.872
15.6,8.0,2.0,1,0,1920,1080,500.0,0,1,141.21199808219862,False,False,False,False,False,False,False,False,False,False,False,False,False,False,False,True,False,False,False,False,True,False,False,False,False,False,False,False,True,False,False,56689.92
15.6,8.0,3.575,0,0,1920,1080,256.0,1,0,141.21199808219862,False,False,False,True,False,False,False,False,False,False,False,False,False,False,False,False,False,False,False,False,True,False,False,False,False,False,False,False,True,False,False,48964.32
15.6,16.0,2.2,0,0,1920,1080,2304.0,1,1,141.21199808219862,False,False,False,True,False,False,False,False,False,False,False,False,False,False,False,False,False,False,False,False,True,False,False,False,False,False,False,False,True,False,False,60472.8
15.6,8.0,3.31,1,0,1920,1080,1152.0,1,1,141.21199808219862,False,False,False,False,False,False,False,False,True,False,False,False,False,False,False,False,False,False,True,False,False,False,False,False,False,False,False,False,True,False,False,63722.88
17.3,32.0,3.575,1,0,3840,2160,1536.0,1,1,254.67134914246222,False,False,False,True,False,False,False,False,False,False,False,False,False,False,False,False,False,False,True,False,False,False,False,False,False,False,False,False,True,False,False,150358.42440000002
14.0,8.0,1.56,0,0,1920,1080,256.0,1,0,157.3505121487356,False,False,False,True,False,False,False,False,False,False,False,False,False,False,False,False,False,False,False,False,True,False,False,False,False,False,False,False,True,False,False,65481.12
15.6,4.0,2.2,0,0,1366,768,500.0,0,1,100.45466986113651,False,False,False,False,False,False,False,False,True,False,False,False,False,False,False,False,False,False,False,False,True,False,False,False,False,False,False,False,True,False,False,22324.32
15.6,4.0,2.2,0,0,1920,1080,500.0,0,1,141.21199808219862,False,False,False,False,False,False,False,False,True,False,False,False,False,False,False,False,False,False,False,False,True,False,False,False,False,False,False,False,True,False,False,28504.8
15.6,6.0,2.04,0,0,1920,1080,1024.0,0,1,141.21199808219862,False,False,False,False,False,False,True,False,False,False,False,False,False,False,False,False,False,False,False,False,True,False,False,False,False,False,False,False,True,False,False,28717.92
17.3,8.0,2.7,0,0,1920,1080,1152.0,1,1,127.33567457123111,False,False,False,False,False,False,False,False,False,False,False,False,True,False,False,False,False,False,True,False,False,False,False,False,False,False,False,False,True,False,False,79215.1056
15.6,4.0,2.1,0,0,1366,768,128.0,1,0,100.45466986113651,False,False,False,False,False,False,False,False,False,False,False,False,False,False,False,True,False,False,False,False,True,False,False,False,False,False,False,False,True,False,False,26533.44
15.6,8.0,2.1,0,0,1920,1080,1024.0,0,1,141.21199808219862,False,False,False,False,False,False,True,False,False,False,False,False,False,False,False,False,False,False,False,False,True,False,False,False,False,False,False,False,True,False,False,39693.6
15.6,8.0,2.0,1,0,1920,1080,256.0,1,0,141.21199808219862,False,False,False,False,False,False,False,False,False,False,False,False,False,False,False,True,False,False,False,False,True,False,False,False,False,False,False,False,True,False,False,67026.24
15.6,4.0,2.1,0,0,1366,768,128.0,1,0,100.45466986113651,False,False,False,False,False,False,False,False,False,False,False,False,False,False,False,False,False,False,False,False,True,False,False,False,True,False,False,False,False,False,False,21951.36
13.5,8.0,1.252,0,1,2256,1504,256.0,1,0,200.84255993695703,False,False,False,False,False,False,False,False,False,False,False,True,False,False,False,False,False,False,False,False,False,True,False,False,False,False,False,False,False,True,False,99519.048
15.6,8.0,1.9,0,0,1920,1080,1152.0,1,1,141.21199808219862,False,False,False,False,False,False,False,False,True,False,False,False,False,False,False,False,False,False,False,False,True,False,False,False,False,False,False,False,True,False,False,43580.376
13.3,8.0,1.3,1,1,1920,1080,256.0,1,0,165.6321180513006,False,False,False,False,False,False,False,False,True,False,False,False,False,False,False,False,False,False,False,False,False,False,False,False,False,False,False,False,True,False,False,55091.52
35.6,4.0,2.2,0,0,1366,768,128.0,1,0,44.01946207398117,False,False,False,False,False,False,False,False,True,False,False,False,False,False,False,False,False,False,False,False,True,False,False,False,False,False,False,False,True,False,False,18594.72
14.0,4.0,1.63,1,1,1920,1080,128.0,1,0,157.3505121487356,False,False,False,False,False,False,True,False,False,False,False,False,False,False,False,False,False,False,False,False,False,False,False,False,False,False,False,False,True,False,False,37242.72
15.6,16.0,2.4,0,0,1920,1080,1280.0,1,1,141.21199808219862,False,False,False,False,False,False,False,False,False,False,False,False,True,False,False,False,False,False,True,False,False,False,False,False,False,False,False,False,True,False,False,68944.32
14.0,8.0,1.1,0,0,1920,1080,256.0,1,0,157.3505121487356,False,True,False,False,False,False,False,False,False,False,False,False,False,False,False,False,False,False,False,False,False,True,False,False,False,False,False,False,True,False,False,60472.8
11.6,8.0,1.4,0,1,1366,768,64.0,0,0,135.0942111925629,False,False,False,False,False,False,True,False,False,False,False,False,False,False,False,False,False,False,False,False,False,False,False,True,False,False,False,False,False,False,False,26373.6
15.6,8.0,1.09,1,0,1920,1080,512.0,1,0,141.21199808219862,False,False,False,False,False,False,False,False,False,True,False,False,False,False,False,False,False,False,False,False,False,True,False,False,False,False,False,False,True,False,False,122490.72
15.6,16.0,2.5,0,0,1920,1080,256.0,1,0,141.21199808219862,False,False,False,False,False,False,False,False,False,False,False,False,False,False,False,False,False,False,True,False,False,False,False,False,False,False,False,False,True,False,False,69210.72
15.6,8.0,2.2,0,0,1920,1080,256.0,1,0,141.21199808219862,False,False,False,False,False,False,False,False,False,False,False,False,True,False,False,False,False,False,True,False,False,False,False,False,False,False,False,False,True,False,False,53168.112
15.6,4.0,1.86,0,0,1366,768,128.0,1,0,100.45466986113651,False,True,False,False,False,False,False,False,False,False,False,False,False,False,False,False,False,False,False,False,True,False,False,False,False,False,False,False,True,False,False,22324.32
15.6,16.0,3.21,0,0,1920,1080,1152.0,1,1,141.21199808219862,False,False,False,True,False,False,False,False,False,False,False,False,False,False,False,False,False,False,True,False,False,False,False,False,False,False,False,False,True,False,False,109277.28
17.3,4.0,2.5,1,0,1920,1080,256.0,1,0,127.33567457123111,False,False,False,False,False,False,True,False,False,False,False,False,False,False,False,False,False,False,False,False,True,False,False,False,False,False,False,False,True,False,False,37242.72
13.3,8.0,1.19,1,1,1920,1080,512.0,1,0,165.6321180513006,False,False,False,False,False,False,False,False,True,False,False,False,False,False,False,False,False,False,False,False,False,False,False,False,False,False,False,False,True,False,False,79866.72
15.6,16.0,3.49,0,0,1920,1080,1280.0,1,1,141.21199808219862,False,False,False,True,False,False,False,False,False,False,False,False,False,False,False,False,False,False,True,False,False,False,False,False,False,False,False,False,True,False,False,149916.6
15.6,4.0,1.86,0,0,1366,768,500.0,0,1,100.45466986113651,False,False,False,False,False,False,True,False,False,False,False,False,False,False,False,False,False,False,False,False,True,False,False,False,False,False,False,False,True,False,False,32639.8608
15.6,4.0,2.2,0,0,1366,768,1024.0,0,1,100.45466986113651,False,False,False,True,False,False,False,False,False,False,False,False,False,False,False,False,False,False,False,False,True,False,False,False,False,False,False,False,True,False,False,29073.2976
17.3,6.0,2.65,1,0,1920,1080,2048.0,0,1,127.33567457123111,False,False,False,False,False,False,True,False,False,False,False,False,False,False,False,False,False,False,False,False,True,False,False,False,False,False,False,False,True,False,False,30316.32
15.6,4.0,2.1,0,0,1366,768,500.0,0,1,100.45466986113651,False,False,False,False,False,False,False,False,True,False,False,False,False,False,False,False,False,False,False,False,True,False,False,False,False,False,False,False,True,False,False,16943.04
14.0,4.0,1.45,0,0,1366,768,32.0,0,0,111.93520355955211,False,False,False,False,False,False,False,False,False,False,False,False,False,False,False,False,False,False,False,False,True,False,False,True,False,False,False,False,False,False,False,19980.0
14.0,4.0,1.7,0,0,1920,1080,256.0,1,0,157.3505121487356,False,False,False,False,False,False,False,False,True,False,False,False,False,False,False,False,False,False,False,False,True,False,False,False,False,False,False,False,True,False,False,37242.72
17.3,8.0,3.14,0,0,1920,1080,500.0,0,1,127.33567457123111,False,False,False,False,False,False,True,False,False,False,False,False,False,False,False,False,False,False,False,False,False,False,True,False,False,False,False,False,True,False,False,101657.7072
14.0,8.0,1.42,0,1,2560,1440,256.0,1,0,209.8006828649808,False,False,False,False,False,False,False,False,True,False,False,False,False,False,False,False,False,False,False,False,False,False,False,False,False,False,False,False,True,False,False,137995.2
13.3,8.0,1.5,1,0,1920,1080,256.0,1,0,165.6321180513006,False,False,False,False,False,False,False,False,False,False,False,False,False,False,False,True,False,False,False,False,True,False,False,False,False,False,False,False,True,False,False,51841.44
11.6,4.0,1.4,0,0,1366,768,32.0,0,0,135.0942111925629,False,False,False,False,False,False,False,False,False,False,False,False,False,False,False,False,False,False,False,True,False,False,False,False,False,False,False,False,True,False,False,14332.32
14.0,16.0,1.38,0,1,1920,1080,512.0,1,0,157.3505121487356,False,False,False,False,False,False,False,False,True,False,False,False,False,False,False,False,False,False,False,False,False,False,False,False,False,False,False,False,True,False,False,93186.72
12.5,4.0,1.2,0,1,1920,1080,64.0,0,0,176.23257360658386,False,True,False,False,False,False,False,False,False,False,False,False,False,False,False,False,False,False,False,False,False,False,False,True,False,False,False,False,False,False,False,35644.32
13.3,16.0,1.36,0,1,1920,1080,512.0,1,0,165.6321180513006,False,False,False,False,False,False,False,False,False,False,False,False,False,False,False,True,False,False,False,False,False,True,False,False,False,False,False,False,True,False,False,100006.56
15.6,8.0,2.56,0,0,1920,1080,1024.0,0,1,141.21199808219862,False,False,False,True,False,False,False,False,False,False,False,False,False,False,False,False,False,False,True,False,False,False,False,False,False,False,False,False,True,False,False,43636.32
15.6,4.0,2.2,0,0,1920,1080,256.0,1,0,141.21199808219862,False,False,False,False,False,False,False,False,True,False,False,False,False,False,False,False,False,False,False,False,True,False,False,False,False,False,False,False,True,False,False,21258.72
15.6,8.0,2.2,0,0,1366,768,1024.0,0,1,100.45466986113651,False,False,False,False,False,False,False,False,True,False,False,False,False,False,False,False,False,False,False,False,True,False,False,False,False,False,False,False,True,False,False,22857.12
15.6,4.0,2.1,0,0,1920,1080,2048.0,0,1,141.21199808219862,False,False,False,False,False,False,False,False,True,False,False,False,False,False,False,False,False,False,False,False,True,False,False,False,False,False,False,False,True,False,False,33110.856
15.6,4.0,1.9,0,0,1366,768,500.0,0,1,100.45466986113651,False,False,False,False,False,False,False,False,True,False,False,False,False,False,False,False,False,False,False,False,True,False,False,False,False,False,False,True,False,False,False,23976.0
15.6,8.0,2.18,0,0,1920,1080,256.0,1,0,141.21199808219862,False,False,False,True,False,False,False,False,False,False,False,False,False,False,False,False,False,False,False,False,True,False,False,False,False,False,False,False,True,False,False,42357.6
13.3,1.0,1.6,1,1,1920,1080,256.0,1,0,165.6321180513006,False,False,False,False,False,False,False,False,False,False,False,False,False,False,False,False,False,False,False,False,False,False,False,False,False,False,False,False,True,False,False,53226.72
15.6,16.0,2.18,0,0,1920,1080,512.0,1,0,141.21199808219862,False,False,False,False,False,False,False,False,True,False,False,False,False,False,False,False,False,False,False,False,False,False,True,False,False,False,False,False,False,False,True,98834.4
14.0,8.0,1.8,0,0,1920,1080,256.0,1,0,157.3505121487356,False,False,False,False,False,False,False,False,True,False,False,False,False,False,False,False,False,False,False,False,True,False,False,False,False,False,False,False,True,False,False,63456.48
17.3,6.0,2.71,1,0,1920,1080,2048.0,0,1,127.33567457123111,False,False,False,False,False,False,True,False,False,False,False,False,False,False,False,False,False,False,False,False,True,False,False,False,False,False,False,False,True,False,False,34898.9328
15.6,8.0,2.5,1,0,1920,1080,1152.0,1,1,141.21199808219862,False,False,False,False,False,False,False,False,True,False,False,False,False,False,False,False,False,False,True,False,False,False,False,False,False,False,False,False,True,False,False,66546.72
14.0,8.0,1.64,0,0,1920,1080,256.0,1,0,157.3505121487356,False,False,False,True,False,False,False,False,False,False,False,False,False,False,False,False,False,False,False,False,True,False,False,False,True,False,False,False,False,False,False,58021.92
15.6,8.0,1.98,0,0,1920,1080,1024.0,0,1,141.21199808219862,False,False,False,True,False,False,False,False,False,False,False,False,False,False,False,False,False,False,False,False,True,False,False,False,True,False,False,False,False,False,False,38681.28
14.0,4.0,1.5,0,0,1920,1080,32.0,0,0,157.3505121487356,False,True,False,False,False,False,False,False,False,False,False,False,False,False,False,False,False,False,False,False,True,False,False,False,False,False,False,False,True,False,False,15877.44
15.6,16.0,1.93,0,0,1920,1080,512.0,1,0,141.21199808219862,False,False,False,True,False,False,False,False,False,False,False,False,False,False,False,False,False,False,False,False,True,False,False,False,False,False,False,False,True,False,False,76012.4448
14.0,8.0,1.87,1,0,1920,1080,256.0,1,0,157.3505121487356,False,False,False,False,False,False,False,False,True,False,False,False,False,False,False,False,False,False,False,False,True,False,False,False,False,False,False,False,True,False,False,45664.6896
15.6,8.0,1.9,0,0,1920,1080,256.0,1,0,141.21199808219862,False,False,False,True,False,False,False,False,False,False,False,False,False,False,False,False,False,False,False,False,True,False,False,False,False,False,False,False,True,False,False,62817.12
15.6,4.0,2.19,0,0,1366,768,500.0,0,1,100.45466986113651,False,False,False,False,False,False,False,False,True,False,False,False,False,False,False,False,False,False,False,False,True,False,False,False,False,False,False,False,True,False,False,15877.44
14.0,4.0,1.4,1,0,1920,1200,32.0,0,1,161.72539083525606,False,False,False,False,False,False,False,False,False,False,True,False,False,False,False,False,False,False,False,False,True,False,False,False,False,False,False,False,True,False,False,14119.2
17.3,8.0,2.63,0,0,1920,1080,256.0,1,0,127.33567457123111,False,False,False,False,False,False,True,False,False,False,False,False,False,False,False,False,False,False,False,False,True,False,False,False,False,False,False,False,True,False,False,63936.0
14.0,64.0,1.17,1,0,2560,1440,512.0,1,0,209.8006828649808,False,False,False,False,False,False,False,False,True,False,False,False,False,False,False,False,False,False,False,False,False,True,False,False,False,False,False,False,True,False,False,89864.1792
13.3,8.0,1.58,1,1,1366,768,256.0,1,0,117.82653006268643,False,False,False,False,False,False,True,False,False,False,False,False,False,False,False,False,False,False,False,False,False,False,False,False,False,False,False,False,True,False,False,44574.048
14.0,8.0,1.32,1,0,1920,1080,256.0,1,0,157.3505121487356,False,False,False,False,False,False,False,False,True,False,False,False,False,False,False,False,False,False,False,False,False,True,False,False,False,False,False,False,True,False,False,79866.72
17.3,32.0,3.575,0,0,3840,2160,2048.0,1,1,254.67134914246222,False,False,False,True,False,False,False,False,False,False,False,False,False,False,False,False,False,False,True,False,False,False,False,False,False,False,False,False,True,False,False,150358.42440000002
17.3,8.0,2.7,0,0,1920,1080,1152.0,1,1,127.33567457123111,False,False,False,False,False,False,False,False,False,False,False,False,True,False,False,False,False,False,True,False,False,False,False,False,False,False,False,False,True,False,False,71847.0144
15.6,4.0,1.9,0,0,1366,768,1024.0,0,1,100.45466986113651,False,False,False,False,False,False,False,False,True,False,False,False,False,False,False,False,False,False,False,False,True,False,False,False,False,False,False,True,False,False,False,26101.872
13.3,4.0,1.71,0,1,1920,1080,1024.0,0,1,165.6321180513006,False,False,False,True,False,False,False,False,False,False,False,False,False,False,False,False,False,False,False,False,False,False,False,False,False,False,False,False,True,False,False,34578.72
15.6,8.0,2.32,0,0,1366,768,1024.0,0,1,100.45466986113651,False,False,False,True,False,False,False,False,False,False,False,False,False,False,False,False,False,False,False,False,True,False,False,False,True,False,False,False,False,False,False,31409.6256
15.6,4.0,2.1,0,0,1920,1080,1024.0,0,1,141.21199808219862,False,False,False,False,False,False,True,False,False,False,False,False,False,False,False,False,False,False,False,False,True,False,False,False,False,False,False,False,True,False,False,26053.92
17.3,16.0,3.575,1,0,1920,1080,1152.0,1,1,127.33567457123111,False,False,False,False,False,False,False,False,False,False,False,False,False,False,False,False,False,False,True,False,False,False,False,False,False,False,False,False,True,False,False,103096.8
15.6,12.0,2.25,0,0,1366,768,1024.0,0,1,100.45466986113651,False,False,False,True,False,False,False,False,False,False,False,False,False,False,False,False,False,False,False,False,True,False,False,False,False,False,False,False,True,False,False,34578.72
15.6,6.0,2.1,0,0,1920,1080,1152.0,1,1,141.21199808219862,False,False,False,False,False,False,True,False,False,False,False,False,False,False,False,False,False,False,False,False,True,False,False,False,False,False,False,False,True,False,False,34632.0
15.6,4.0,2.4,0,0,1366,768,500.0,0,1,100.45466986113651,False,False,False,False,False,False,False,False,False,False,False,False,False,False,False,False,False,False,False,False,True,False,False,False,False,False,False,False,True,False,False,29783.52
13.3,8.0,1.44,1,0,1920,1080,256.0,1,0,165.6321180513006,False,False,False,False,False,False,False,False,True,False,False,False,False,False,False,False,False,False,False,False,True,False,False,False,False,False,False,False,True,False,False,51148.8
15.6,4.0,1.85,0,0,1920,1080,1024.0,0,1,141.21199808219862,False,False,False,False,False,False,False,False,True,False,False,False,False,False,False,False,False,False,False,False,True,False,False,False,False,False,False,False,True,False,False,41505.12
15.6,16.0,2.6,0,0,1920,1080,256.0,1,0,141.21199808219862,False,False,False,False,False,False,True,False,False,False,False,False,False,False,False,False,False,False,False,False,False,False,True,False,False,False,False,False,True,False,False,128884.32
13.3,8.0,1.55,0,1,1920,1080,1024.0,0,1,165.6321180513006,False,False,False,True,False,False,False,False,False,False,False,False,False,False,False,False,False,False,False,False,False,False,False,False,False,False,False,False,True,False,False,35111.52
15.6,16.0,1.8,0,0,1920,1080,1280.0,1,1,141.21199808219862,False,False,False,False,False,False,False,False,False,False,False,False,True,False,False,False,False,False,True,False,False,False,False,False,False,False,False,False,True,False,False,111593.8944
15.6,4.0,2.4,0,0,1366,768,500.0,0,1,100.45466986113651,False,False,False,False,False,False,False,False,False,False,False,False,False,False,False,False,False,False,False,False,True,False,False,False,False,False,False,False,True,False,False,21887.424
15.6,8.0,2.0,0,0,1920,1080,1152.0,1,1,141.21199808219862,False,False,False,True,False,False,False,False,False,False,False,False,False,False,False,False,False,False,False,False,True,False,False,False,False,False,False,False,True,False,False,64308.96
15.6,8.0,2.0,0,0,1366,768,256.0,1,0,100.45466986113651,False,False,False,True,False,False,False,False,False,False,False,False,False,False,False,False,False,False,False,False,True,False,False,False,False,False,False,False,True,False,False,35431.2
14.0,8.0,1.25,1,1,1920,1080,256.0,1,0,157.3505121487356,False,False,False,False,False,False,False,False,False,False,False,False,False,False,False,True,False,False,False,False,True,False,False,False,False,False,False,False,True,False,False,81784.8
14.0,8.0,1.7,0,1,1920,1080,256.0,1,0,157.3505121487356,False,False,False,False,False,False,False,False,True,False,False,False,False,False,False,False,False,False,False,False,False,False,False,False,False,False,False,False,True,False,False,53226.72
15.6,16.0,2.5,1,0,3840,2160,1024.0,1,0,282.42399616439724,False,False,False,False,False,False,False,False,True,False,False,False,False,False,False,False,False,False,False,False,False,False,True,False,False,False,False,False,True,False,False,150358.42440000002
14.0,2.0,1.68,0,0,1366,768,32.0,0,0,111.93520355955211,False,False,False,False,False,False,False,False,False,False,False,False,False,False,False,False,False,False,False,False,True,False,False,True,False,False,False,False,False,False,False,17582.4
13.3,16.0,0.81,0,0,1920,1080,256.0,1,0,165.6321180513006,False,False,False,False,False,False,False,False,False,False,False,False,False,False,True,False,False,False,False,False,False,True,False,False,False,False,False,False,True,False,False,87858.72
14.0,8.0,1.6,0,0,1366,768,256.0,1,0,111.93520355955211,False,False,False,True,False,False,False,False,False,False,False,False,False,False,False,False,False,False,False,False,True,False,False,False,False,False,False,False,True,False,False,60031.1088
17.3,16.0,3.0,1,0,1920,1080,256.0,1,0,127.33567457123111,False,False,False,False,False,False,True,False,False,False,False,False,False,False,False,False,False,False,False,False,False,False,True,False,False,False,False,False,False,False,True,150358.42440000002
11.6,4.0,1.4,0,1,1366,768,128.0,1,0,135.0942111925629,False,False,False,False,False,False,False,False,True,False,False,False,False,False,False,False,False,False,False,True,False,False,False,False,False,False,False,False,True,False,False,25308.0
15.6,8.0,1.84,0,0,1920,1080,256.0,1,0,141.21199808219862,False,False,False,False,False,False,True,False,False,False,False,False,False,False,False,False,False,False,False,False,True,False,False,False,False,False,False,False,True,False,False,101232.0
15.6,4.0,2.45,0,0,1366,768,1024.0,0,1,100.45466986113651,False,True,False,False,False,False,False,False,False,False,False,False,False,False,False,False,False,False,False,False,True,False,False,False,False,False,False,True,False,False,False,30849.12
15.6,4.0,2.37,0,0,1366,768,256.0,1,0,100.45466986113651,False,True,False,False,False,False,False,False,False,False,False,False,False,False,False,False,False,False,False,False,True,False,False,False,False,False,False,False,True,False,False,45282.672
13.3,8.0,1.3,1,1,3200,1800,256.0,1,0,276.053530085501,False,False,False,False,False,False,False,False,True,False,False,False,False,False,False,False,False,False,False,False,False,False,False,False,False,False,False,False,True,False,False,63882.72
15.6,8.0,2.2,1,0,1920,1080,1152.0,1,1,141.21199808219862,False,False,False,False,False,False,True,False,False,False,False,False,False,False,False,False,False,False,False,False,True,False,False,False,False,False,False,False,True,False,False,58554.72
15.6,8.0,2.59,0,0,1920,1080,256.0,1,0,141.21199808219862,False,False,False,False,False,False,True,False,False,False,False,False,False,False,False,False,False,False,False,False,False,False,True,False,False,False,False,False,False,False,True,83170.08
15.6,16.0,3.575,1,0,3840,2160,1280.0,1,1,282.42399616439724,False,False,False,True,False,False,False,False,False,False,False,False,False,False,False,False,False,False,True,False,False,False,False,False,False,False,False,False,True,False,False,150358.42440000002
15.6,4.0,2.1,0,0,1366,768,256.0,1,0,100.45466986113651,False,False,False,False,False,False,False,False,False,False,False,False,False,False,False,False,False,False,False,False,True,False,False,False,False,False,False,False,True,False,False,31914.72
15.6,8.0,2.5,1,0,1920,1080,1152.0,1,1,141.21199808219862,False,False,False,False,False,False,False,False,True,False,False,False,False,False,False,False,False,False,True,False,False,False,False,False,False,False,False,False,True,False,False,55837.44
12.5,16.0,1.18,0,0,1920,1080,256.0,1,0,176.23257360658386,False,False,False,True,False,False,False,False,False,False,False,False,False,False,False,False,False,False,False,False,False,True,False,False,False,False,False,False,True,False,False,99047.52
12.3,8.0,1.1,0,1,2400,1600,256.0,1,0,234.50740003017813,False,False,False,False,False,True,False,False,False,False,False,False,False,False,False,False,False,False,False,False,False,True,False,True,False,False,False,False,False,False,False,83063.52
13.3,8.0,1.2,1,0,3200,1800,256.0,1,0,276.053530085501,False,True,False,False,False,False,False,False,False,False,False,False,False,False,False,False,False,False,False,False,False,True,False,False,False,False,False,False,True,False,False,60153.12
13.3,4.0,1.65,0,0,1366,768,500.0,0,1,117.82653006268643,False,False,False,True,False,False,False,False,False,False,False,False,False,False,False,False,False,False,False,False,True,False,False,False,False,False,False,False,True,False,False,45234.72
13.3,4.0,1.6,0,0,1366,768,128.0,1,0,117.82653006268643,False,False,False,False,False,False,False,False,False,False,False,False,False,False,False,False,False,False,False,False,True,False,False,False,False,False,False,False,True,False,False,34898.4
17.3,4.0,2.8,0,0,1366,768,1024.0,0,1,90.58340172449303,False,True,False,False,False,False,False,False,False,False,False,False,False,False,False,False,False,False,False,False,True,False,False,False,False,False,False,False,True,False,False,25059.7152
15.6,16.0,2.72,1,1,3840,2160,1152.0,1,1,282.42399616439724,False,False,False,True,False,False,False,False,False,False,False,False,False,False,False,False,False,False,True,False,False,False,False,False,False,False,False,False,True,False,False,58554.72
13.3,8.0,1.31,0,1,1920,1080,256.0,1,0,165.6321180513006,False,False,False,False,False,False,False,False,False,False,False,False,False,False,True,False,False,False,False,False,False,True,False,False,False,False,False,False,True,False,False,85194.72
15.6,4.0,2.1,0,0,1366,768,1024.0,0,1,100.45466986113651,False,False,False,False,False,False,False,False,False,False,False,False,False,False,False,False,False,False,False,False,True,False,False,False,True,False,False,False,False,False,False,15877.44
15.6,16.0,2.3,0,0,1920,1080,500.0,0,0,141.21199808219862,False,False,False,True,False,False,False,False,False,False,False,False,False,False,False,False,False,False,False,False,True,False,False,False,False,False,False,False,True,False,False,62938.0656
15.0,16.0,1.71,0,1,1920,1080,256.0,1,0,146.86047800548656,False,False,False,False,False,False,False,False,False,False,False,False,False,False,True,False,False,False,False,False,False,False,False,False,False,False,False,False,True,False,False,95850.72
14.0,4.0,1.75,1,0,1366,768,128.0,1,0,111.93520355955211,False,False,False,False,False,False,False,False,False,False,False,False,False,False,False,True,False,False,False,False,True,False,False,False,False,False,False,False,True,False,False,54345.6
15.6,8.0,2.62,0,0,1920,1080,1024.0,0,1,141.21199808219862,False,False,False,True,False,False,False,False,False,False,False,False,False,False,False,False,False,False,True,False,False,False,False,False,False,False,False,False,True,False,False,58554.72
15.6,12.0,2.3,0,1,1920,1080,2048.0,0,1,141.21199808219862,False,True,False,False,False,False,False,False,False,False,False,False,False,False,False,False,False,False,False,False,False,False,False,False,False,False,False,False,True,False,False,44701.92
15.6,16.0,2.5,0,0,3840,2160,512.0,1,0,282.42399616439724,False,False,False,False,False,False,False,False,True,False,False,False,False,False,False,False,False,False,False,False,True,False,False,False,False,False,False,False,False,False,True,126273.6
14.0,4.0,1.8,1,0,1920,1080,128.0,1,0,157.3505121487356,False,False,False,False,False,False,False,False,False,False,False,False,False,False,False,False,False,False,False,False,True,False,False,False,False,False,False,False,True,False,False,33886.08
14.0,16.0,1.95,0,0,1920,1080,512.0,1,0,157.3505121487356,False,False,False,False,False,False,False,False,False,False,False,False,False,True,False,False,False,False,True,False,False,False,False,False,False,False,False,False,True,False,False,150358.42440000002
15.6,8.0,2.0,0,0,1920,1080,128.0,1,0,141.21199808219862,False,True,False,False,False,False,False,False,False,False,False,False,False,False,False,False,False,False,False,False,True,False,False,False,False,False,False,False,True,False,False,31003.632
17.3,32.0,3.575,1,0,1920,1080,2048.0,1,1,127.33567457123111,False,False,False,True,False,False,False,False,False,False,False,False,False,False,False,False,False,False,True,False,False,False,False,False,False,False,False,False,True,False,False,150358.42440000002
17.3,16.0,3.575,1,0,1920,1080,1280.0,1,1,127.33567457123111,False,True,False,False,False,False,False,False,False,False,False,False,False,False,False,False,False,False,True,False,False,False,False,False,False,False,False,False,True,False,False,125208.0
14.0,16.0,1.47,1,0,1920,1080,512.0,1,0,157.3505121487356,False,False,False,False,False,False,False,False,False,False,False,False,False,False,False,True,False,False,False,False,False,True,False,False,False,False,False,False,True,False,False,93985.92
15.6,8.0,2.2,0,0,1366,768,1024.0,0,1,100.45466986113651,False,False,False,False,False,False,False,False,True,False,False,False,False,False,False,False,False,False,False,False,True,False,False,False,False,False,False,True,False,False,False,17529.12
14.0,16.0,1.7,0,0,1920,1080,512.0,1,0,157.3505121487356,False,False,False,False,False,False,False,False,True,False,False,False,False,False,False,False,False,False,False,False,False,True,False,False,False,False,False,False,True,False,False,122490.72
14.0,16.0,1.6,1,0,1920,1080,1280.0,1,1,157.3505121487356,False,False,False,False,False,False,False,False,False,False,False,False,True,False,False,False,False,False,True,False,False,False,False,False,False,False,False,False,True,False,False,100752.48
15.6,8.0,2.2,0,0,1920,1080,1152.0,1,1,141.21199808219862,False,False,False,False,False,False,False,False,False,False,False,False,True,False,False,False,False,False,True,False,False,False,False,False,False,False,False,False,True,False,False,58021.92
15.6,4.0,2.4,1,0,1920,1080,1024.0,0,1,141.21199808219862,False,False,False,False,False,False,False,False,True,False,False,False,False,False,False,False,False,False,True,False,False,False,False,False,False,False,False,False,True,False,False,53226.72
17.3,16.0,3.575,1,0,1920,1080,1280.0,1,1,127.33567457123111,False,False,False,False,False,False,False,False,False,False,False,False,False,False,False,False,False,False,True,False,False,False,False,False,False,False,False,False,True,False,False,122490.72
15.6,8.0,2.62,0,0,1920,1080,256.0,1,0,141.21199808219862,False,False,False,True,False,False,False,False,False,False,False,False,False,False,False,False,False,False,True,False,False,False,False,False,False,False,False,False,True,False,False,52480.8
15.6,8.0,2.24,0,0,1920,1080,1152.0,1,1,141.21199808219862,False,True,False,False,False,False,False,False,False,False,False,False,False,False,False,False,False,False,True,False,False,False,False,False,False,False,False,False,True,False,False,71341.92
14.0,4.0,1.22,0,0,1920,1080,32.0,0,0,157.3505121487356,False,False,False,False,False,False,False,False,False,False,False,False,False,False,False,False,True,False,False,False,True,False,False,False,False,False,False,False,True,False,False,10810.512
13.3,8.0,1.37,1,1,1920,1080,512.0,1,0,165.6321180513006,False,False,False,False,False,False,False,False,True,False,False,False,False,False,False,False,False,False,False,False,False,False,False,False,False,False,False,False,True,False,False,104961.6
15.6,8.0,2.08,0,1,1920,1080,256.0,1,0,141.21199808219862,False,False,False,False,False,False,False,False,True,False,False,False,False,False,False,False,False,False,False,False,False,False,False,False,False,False,False,False,True,False,False,51095.52
12.0,8.0,0.92,1,0,2304,1440,512.0,0,0,226.41554716935852,True,False,False,False,False,False,False,False,False,False,False,False,False,False,False,False,False,False,False,False,False,True,False,False,False,True,False,False,False,False,False,62071.2
14.0,8.0,1.42,1,1,2560,1440,256.0,1,0,209.8006828649808,False,False,False,False,False,False,False,False,True,False,False,False,False,False,False,False,False,False,False,False,False,False,False,False,False,False,False,False,True,False,False,124142.4
14.0,4.0,1.63,0,0,1366,768,32.0,0,0,111.93520355955211,False,True,False,False,False,False,False,False,False,False,False,False,False,False,False,False,False,False,False,False,True,False,False,False,False,False,False,False,True,False,False,15930.72
15.6,8.0,1.95,0,0,1366,768,128.0,1,0,100.45466986113651,False,False,False,True,False,False,False,False,False,False,False,False,False,False,False,False,False,False,False,False,True,False,False,False,False,False,False,False,True,False,False,43156.8
13.9,8.0,1.38,1,1,1920,1080,256.0,1,0,158.48253022174808,False,False,False,False,False,False,False,False,True,False,False,False,False,False,False,False,False,False,False,False,False,False,False,False,False,False,False,False,True,False,False,71874.72
15.6,8.0,2.0,0,0,1920,1080,256.0,1,0,141.21199808219862,False,False,False,True,False,False,False,False,False,False,False,False,False,False,False,False,False,False,False,False,True,False,False,False,False,False,False,False,True,False,False,39373.92
15.6,8.0,3.14,0,0,1920,1080,256.0,1,0,141.21199808219862,False,False,False,False,False,False,True,False,False,False,False,False,False,False,False,False,False,False,False,False,False,False,True,False,False,False,False,False,True,False,False,110017.872
15.6,8.0,2.37,0,0,1920,1080,256.0,1,0,141.21199808219862,False,True,False,False,False,False,False,False,False,False,False,False,False,False,False,False,False,False,False,False,True,False,False,False,False,False,False,False,True,False,False,58554.72
13.3,8.0,1.29,0,0,1920,1080,256.0,1,0,165.6321180513006,False,False,False,True,False,False,False,False,False,False,False,False,False,False,False,False,False,False,False,False,False,True,False,False,False,False,False,False,True,False,False,79866.72
15.6,8.0,2.06,0,1,3840,2160,256.0,1,0,282.42399616439724,False,False,False,True,False,False,False,False,False,False,False,False,False,False,False,False,False,False,False,False,True,False,False,False,False,False,False,False,True,False,False,93186.72
11.6,4.0,1.63,0,0,1366,768,128.0,1,0,135.0942111925629,False,False,False,True,False,False,False,False,False,False,False,False,False,False,False,False,False,False,False,True,False,False,False,False,False,False,False,False,True,False,False,39640.32
12.5,8.0,1.26,0,0,1366,768,256.0,1,0,125.36742798669837,False,False,False,False,False,False,True,False,False,False,False,False,False,False,False,False,False,False,False,True,False,False,False,False,False,False,False,False,True,False,False,74005.92
15.6,4.0,2.1,0,0,1366,768,500.0,0,1,100.45466986113651,False,False,False,False,False,False,False,False,False,False,False,False,False,False,False,True,False,False,False,False,True,False,False,False,False,False,False,False,True,False,False,41558.4
15.6,8.0,2.04,0,0,1366,768,2048.0,0,1,100.45466986113651,False,False,False,False,False,False,True,False,False,False,False,False,False,False,False,False,False,False,False,False,True,False,False,False,False,False,False,False,True,False,False,33513.12
15.6,16.0,2.62,0,0,3840,2160,512.0,1,0,282.42399616439724,False,False,False,True,False,False,False,False,False,False,False,False,False,False,False,False,False,False,True,False,False,False,False,False,False,False,False,False,True,False,False,89457.12
15.6,4.0,2.4,0,0,1920,1080,1024.0,0,1,141.21199808219862,False,False,False,False,False,False,False,False,True,False,False,False,False,False,False,False,False,False,False,False,True,False,False,False,False,False,False,False,True,False,False,32447.52
17.3,12.0,3.575,1,0,1920,1080,1024.0,0,1,127.33567457123111,False,False,False,False,False,False,True,False,False,False,False,False,False,False,False,False,False,False,True,False,False,False,False,False,False,False,False,False,True,False,False,93186.72
17.3,16.0,2.9,0,0,1920,1080,1536.0,1,1,127.33567457123111,False,False,False,False,False,False,False,False,False,False,False,False,True,False,False,False,False,False,True,False,False,False,False,False,False,False,False,False,True,False,False,128671.2
13.3,8.0,0.81,0,0,1920,1080,256.0,1,0,165.6321180513006,False,False,False,False,False,False,False,False,False,False,False,False,False,False,True,False,False,False,False,False,False,True,False,False,False,False,False,False,True,False,False,79866.72
15.6,8.0,1.98,0,0,1920,1080,1024.0,0,1,141.21199808219862,False,False,False,True,False,False,False,False,False,False,False,False,False,False,False,False,False,False,False,False,True,False,False,False,False,False,False,False,True,False,False,51202.08
15.6,8.0,2.18,0,0,1920,1080,256.0,1,0,141.21199808219862,False,False,False,True,False,False,False,False,False,False,False,False,False,False,False,False,False,False,False,False,True,False,False,False,False,False,False,False,True,False,False,42081.0768
14.0,8.0,1.32,0,0,1920,1080,256.0,1,0,157.3505121487356,False,False,False,False,False,False,False,False,True,False,False,False,False,False,False,False,False,False,False,False,False,True,False,False,False,False,False,False,True,False,False,99047.52
12.5,16.0,1.29,1,1,3840,2160,512.0,1,0,352.4651472131677,False,False,False,False,False,False,False,False,False,False,False,False,False,True,False,False,False,False,False,False,False,True,False,False,False,False,False,False,True,False,False,95850.72
11.6,4.0,1.23,0,0,1366,768,16.0,0,0,135.0942111925629,False,False,False,False,False,False,True,False,False,False,False,False,False,False,False,False,False,False,False,True,False,False,False,True,False,False,False,False,False,False,False,20512.8
17.3,16.0,3.575,1,0,1920,1080,1152.0,1,1,127.33567457123111,False,False,False,True,False,False,False,False,False,False,False,False,False,False,False,False,False,False,True,False,False,False,False,False,False,False,False,False,True,False,False,133467.4656
14.0,4.0,1.76,0,0,1366,768,500.0,0,1,111.93520355955211,False,False,False,True,False,False,False,False,False,False,False,False,False,False,False,False,False,False,False,False,True,False,False,False,False,False,False,False,True,False,False,40226.4
15.6,4.0,2.1,0,0,1366,768,500.0,0,1,100.45466986113651,False,False,False,False,False,False,False,False,True,False,False,False,False,False,False,False,False,False,False,False,True,False,False,False,False,False,False,False,True,False,False,26101.872
14.0,4.0,1.25,0,0,1366,768,128.0,1,0,111.93520355955211,False,False,False,False,False,False,False,False,False,False,False,False,False,False,False,True,False,False,False,False,False,True,False,False,False,False,False,False,True,False,False,58075.2
14.0,8.0,1.13,1,0,1920,1080,512.0,1,0,157.3505121487356,False,False,False,False,False,False,False,False,True,False,False,False,False,False,False,False,False,False,False,False,False,True,False,False,False,False,False,False,True,False,False,133146.72
15.6,8.0,2.4,0,0,1920,1080,256.0,1,0,141.21199808219862,False,False,False,False,False,False,False,False,False,False,False,False,True,False,False,False,False,False,True,False,False,False,False,False,False,False,False,False,True,False,False,63882.72
14.0,8.0,1.13,1,0,1920,1080,256.0,0,0,157.3505121487356,False,False,False,False,False,False,False,False,True,False,False,False,False,False,False,False,False,False,False,False,False,True,False,False,False,False,False,False,True,False,False,99900.0
14.0,4.0,1.75,0,0,1366,768,128.0,1,0,111.93520355955211,False,False,False,False,False,False,False,False,False,False,False,False,False,False,False,True,False,False,False,False,True,False,False,False,False,False,False,False,True,False,False,26586.72
13.3,8.0,1.1,0,1,1920,1080,256.0,1,0,165.6321180513006,False,True,False,False,False,False,False,False,False,False,False,False,False,False,False,False,False,False,False,False,False,False,False,False,False,False,False,False,True,False,False,72354.24
14.0,4.0,1.76,0,0,1366,768,500.0,0,1,111.93520355955211,False,False,False,True,False,False,False,False,False,False,False,False,False,False,False,False,False,False,False,False,True,False,False,False,False,False,False,False,True,False,False,31168.8
11.6,4.0,1.35,1,0,1366,768,32.0,0,0,135.0942111925629,False,False,False,False,False,False,False,False,False,False,False,False,False,False,False,False,False,False,False,True,False,False,False,True,False,False,False,False,False,False,False,18914.4
14.0,8.0,1.5,1,0,1920,1080,128.0,1,0,157.3505121487356,False,False,False,False,False,False,False,False,False,False,False,False,False,False,False,False,False,False,False,False,True,False,False,False,False,False,False,False,True,False,False,32980.32
17.3,32.0,3.49,0,1,3840,2160,512.0,1,0,254.67134914246222,False,False,False,False,False,False,False,False,False,False,False,False,False,True,False,False,False,False,True,False,False,False,False,False,False,False,False,False,True,False,False,150358.42440000002
14.0,16.0,1.1,1,0,2560,1440,512.0,1,0,209.8006828649808,False,False,False,False,False,False,False,False,True,False,False,False,False,False,False,False,False,False,False,False,False,True,False,False,False,False,False,False,True,False,False,111834.72
15.6,4.0,2.1,0,0,1920,1080,1024.0,0,1,141.21199808219862,False,True,False,False,False,False,False,False,False,False,False,False,False,False,False,False,False,False,False,False,True,False,False,False,True,False,False,False,False,False,False,27652.32
14.0,8.0,1.7,0,0,1920,1080,256.0,1,0,157.3505121487356,False,False,False,False,False,False,False,False,True,False,False,False,False,False,False,False,False,False,False,False,True,False,False,False,False,False,False,False,True,False,False,63190.08
14.0,8.0,1.32,1,0,1920,1080,256.0,1,0,157.3505121487356,False,False,False,False,False,False,False,False,True,False,False,False,False,False,False,False,False,False,False,False,True,False,False,False,False,False,False,False,True,False,False,87912.0
15.6,16.0,3.21,0,0,1920,1080,1280.0,1,1,141.21199808219862,False,False,False,True,False,False,False,False,False,False,False,False,False,False,False,False,False,False,True,False,False,False,False,False,False,False,False,False,True,False,False,147832.2864
17.3,16.0,2.9,0,0,1920,1080,1280.0,1,1,127.33567457123111,False,True,False,False,False,False,False,False,False,False,False,False,False,False,False,False,False,False,True,False,False,False,False,False,False,False,False,False,True,False,False,128884.32
15.6,4.0,2.0,0,0,1366,768,500.0,0,1,100.45466986113651,False,False,False,False,False,False,False,False,False,False,False,False,False,False,False,True,False,False,False,False,True,False,False,False,False,False,False,False,True,False,False,35644.32
14.0,4.0,1.5,0,0,1366,768,16.0,0,0,111.93520355955211,False,False,False,False,False,False,False,False,True,False,False,False,False,False,False,False,False,False,False,False,True,False,False,True,False,False,False,False,False,False,False,17316.0
15.6,8.0,2.3,0,0,1920,1080,128.0,0,1,141.21199808219862,False,True,False,False,False,False,False,False,False,False,False,False,False,False,False,False,False,False,False,False,True,False,False,False,False,False,False,False,True,False,False,31435.2
17.3,16.0,2.73,0,0,1920,1080,1536.0,1,1,127.33567457123111,False,True,False,False,False,False,False,False,False,False,False,False,False,False,False,False,False,False,True,False,False,False,False,False,False,False,False,False,True,False,False,95850.72
17.3,32.0,3.575,1,0,1920,1080,1536.0,1,1,127.33567457123111,False,False,False,True,False,False,False,False,False,False,False,False,False,False,False,False,False,False,True,False,False,False,False,False,False,False,False,False,True,False,False,150358.42440000002
17.3,8.0,2.63,0,0,1600,900,1024.0,0,1,106.11306214269258,False,False,False,False,False,False,True,False,False,False,False,False,False,False,False,False,False,False,False,False,True,False,False,False,False,False,False,False,True,False,False,48484.8
15.6,8.0,2.18,0,0,1366,768,128.0,1,0,100.45466986113651,False,False,False,True,False,False,False,False,False,False,False,False,False,False,False,False,False,False,False,False,True,False,False,False,False,False,False,False,True,False,False,38041.3872
14.0,8.0,1.54,0,0,1920,1080,512.0,1,0,157.3505121487356,False,False,False,False,False,False,True,False,False,False,False,False,False,False,False,False,False,False,False,False,False,True,False,False,False,False,False,False,False,False,True,99633.6
15.6,4.0,2.18,0,0,1920,1080,256.0,1,0,141.21199808219862,False,False,False,True,False,False,False,False,False,False,False,False,False,False,False,False,False,False,False,False,True,False,False,False,False,False,False,False,True,False,False,39373.92
11.6,4.0,1.4,0,1,1366,768,32.0,0,0,135.0942111925629,False,False,False,False,False,False,True,False,False,False,False,False,False,False,False,False,False,False,False,False,False,False,False,True,False,False,False,False,False,False,False,32767.2
13.3,8.0,1.45,1,0,1920,1080,512.0,1,0,165.6321180513006,False,True,False,False,False,False,False,False,False,False,False,False,False,False,False,False,False,False,False,False,False,True,False,False,False,False,False,False,True,False,False,54665.28
13.3,8.0,1.28,0,1,1920,1080,256.0,1,0,165.6321180513006,False,False,False,False,False,False,True,False,False,False,False,False,False,False,False,False,False,False,False,False,False,False,False,False,False,False,False,False,True,False,False,121318.56
14.0,8.0,1.54,0,0,1920,1080,512.0,1,0,157.3505121487356,False,False,False,False,False,False,True,False,False,False,False,False,False,False,False,False,False,False,False,False,False,True,False,False,False,False,False,False,True,False,False,78215.04
15.6,4.0,1.86,0,0,1366,768,128.0,1,0,100.45466986113651,False,False,False,False,False,False,True,False,False,False,False,False,False,False,False,False,False,False,False,False,True,False,False,False,False,False,False,True,False,False,False,15930.72
15.6,16.0,2.1,0,0,1920,1080,1152.0,1,1,141.21199808219862,False,True,False,False,False,False,False,False,False,False,False,False,False,False,False,False,False,False,True,False,False,False,False,False,False,False,False,False,True,False,False,101178.72
17.3,8.0,2.83,0,0,1920,1080,1024.0,0,1,127.33567457123111,False,False,False,True,False,False,False,False,False,False,False,False,False,False,False,False,False,False,False,False,True,False,False,False,True,False,False,False,False,False,False,46087.2
14.0,8.0,1.96,1,0,1920,1080,256.0,1,0,157.3505121487356,False,False,False,False,False,False,False,False,True,False,False,False,False,False,False,False,False,False,False,False,False,True,False,False,False,False,False,False,True,False,False,101391.84
15.6,8.0,2.3,1,0,1920,1080,256.0,1,0,141.21199808219862,False,True,False,False,False,False,False,False,False,False,False,False,False,False,False,False,False,False,False,False,True,False,False,False,False,False,False,False,True,False,False,41931.36
15.6,8.0,1.9,0,0,1920,1080,128.0,1,0,141.21199808219862,False,False,False,True,False,False,False,False,False,False,False,False,False,False,False,False,False,False,False,False,True,False,False,False,False,False,False,False,True,False,False,50349.6
15.6,4.0,2.0,0,0,1366,768,1024.0,0,1,100.45466986113651,False,True,False,False,False,False,False,False,False,False,False,False,False,False,False,False,False,False,False,False,True,False,False,False,False,False,False,False,True,False,False,23922.72
13.3,8.0,1.28,0,1,1920,1080,256.0,1,0,165.6321180513006,False,False,False,False,False,False,True,False,False,False,False,False,False,False,False,False,False,False,False,False,False,False,False,False,False,False,False,False,True,False,False,136343.52
13.3,8.0,1.62,0,1,1920,1080,1024.0,0,1,165.6321180513006,False,False,False,True,False,False,False,False,False,False,False,False,False,False,False,False,False,False,False,False,True,False,False,False,False,False,False,False,True,False,False,34578.72
15.6,4.0,2.2,0,0,1920,1080,1024.0,0,1,141.21199808219862,False,False,False,False,False,False,False,False,True,False,False,False,False,False,False,False,False,False,False,False,True,False,False,False,False,False,False,True,False,False,False,24988.32
15.6,8.0,2.3,1,0,1920,1080,1024.0,0,1,141.21199808219862,False,False,False,False,False,False,False,False,True,False,False,False,False,False,False,False,False,False,False,False,True,False,False,False,False,False,False,False,True,False,False,45323.1648
15.6,8.0,1.84,0,0,1920,1080,256.0,1,0,141.21199808219862,False,False,False,False,False,False,True,False,False,False,False,False,False,False,False,False,False,False,False,False,True,False,False,False,False,False,False,False,True,False,False,71874.72
13.3,4.0,1.05,0,0,1920,1080,128.0,1,0,165.6321180513006,False,False,False,False,False,False,False,False,False,False,False,False,False,False,False,True,False,False,False,False,True,False,False,False,False,False,False,False,True,False,False,68464.8
15.6,8.0,2.5,1,0,1920,1080,1024.0,0,1,141.21199808219862,False,False,False,False,False,False,False,False,True,False,False,False,False,False,False,False,False,False,True,False,False,False,False,False,False,False,False,True,False,False,False,54185.76
13.3,16.0,1.29,0,1,3200,1800,512.0,1,0,276.053530085501,False,False,False,True,False,False,False,False,False,False,False,False,False,False,False,False,False,False,False,False,False,True,False,False,False,False,False,False,True,False,False,119347.2
15.6,4.0,2.07,0,0,1920,1080,500.0,0,1,141.21199808219862,False,False,False,False,False,False,True,False,False,False,False,False,False,False,False,False,False,False,False,False,True,False,False,False,False,False,False,False,True,False,False,48484.8
13.3,8.0,1.2,0,0,1366,768,256.0,1,0,117.82653006268643,False,False,False,False,False,False,False,False,False,False,False,False,False,False,False,True,False,False,False,False,False,True,False,False,False,False,False,False,True,False,False,58341.6
13.3,8.0,1.37,1,1,1920,1080,256.0,1,0,165.6321180513006,False,False,False,False,False,False,False,False,True,False,False,False,False,False,False,False,False,False,False,False,False,False,False,False,False,False,False,False,True,False,False,103896.0
14.0,8.0,1.56,1,0,1920,1080,256.0,1,0,157.3505121487356,False,False,False,False,False,False,False,False,False,False,False,False,False,False,False,False,False,False,False,False,True,False,False,False,False,False,False,False,True,False,False,48058.56
15.6,8.0,2.23,0,0,1920,1080,1024.0,0,1,141.21199808219862,False,False,False,True,False,False,False,False,False,False,False,False,False,False,False,False,False,False,False,False,False,False,True,False,False,False,False,False,True,False,False,94731.84
15.6,4.0,2.38,0,0,1366,768,500.0,0,1,100.45466986113651,False,False,False,False,False,False,False,False,True,False,False,False,False,False,False,False,False,False,False,False,True,False,False,False,False,False,False,False,True,False,False,56210.4
15.6,4.0,2.2,0,0,1920,1080,1024.0,0,1,141.21199808219862,False,False,False,False,False,False,False,False,True,False,False,False,False,False,False,False,False,False,False,False,True,False,False,False,False,False,False,True,False,False,False,25521.12
15.6,8.0,2.0,1,0,1920,1080,256.0,1,0,141.21199808219862,False,False,False,False,False,False,False,False,False,False,False,False,False,False,False,True,False,False,False,False,True,False,False,False,False,False,False,False,True,False,False,73952.64
13.3,4.0,1.44,1,0,1920,1080,180.0,1,0,165.6321180513006,False,False,False,False,False,False,False,False,True,False,False,False,False,False,False,False,False,False,False,False,True,False,False,False,False,False,False,False,True,False,False,39160.8
15.0,16.0,1.23,0,0,1920,1080,256.0,1,0,146.86047800548656,False,False,False,False,False,False,False,False,False,False,False,False,False,False,True,False,False,False,False,False,False,True,False,False,False,False,False,False,True,False,False,98514.72
12.5,8.0,1.6,0,0,1920,1080,256.0,1,0,176.23257360658386,False,False,False,True,False,False,False,False,False,False,False,False,False,False,False,False,False,False,False,False,False,True,False,False,False,False,False,False,True,False,False,90043.2
15.6,4.0,2.0,0,0,1366,768,1024.0,0,1,100.45466986113651,False,True,False,False,False,False,False,False,False,False,False,False,False,False,False,False,False,False,False,False,True,False,False,False,True,False,False,False,False,False,False,21258.1872
13.3,8.0,1.28,1,0,1920,1080,256.0,1,0,165.6321180513006,False,False,False,False,False,False,False,False,False,False,False,False,False,False,False,False,False,True,False,False,False,True,False,False,False,False,False,False,True,False,False,49816.8
15.6,4.0,2.18,0,0,1920,1080,1152.0,1,1,141.21199808219862,False,False,False,True,False,False,False,False,False,False,False,False,False,False,False,False,False,False,False,False,True,False,False,False,False,False,False,False,True,False,False,48618.0
15.6,4.0,2.04,0,0,1920,1080,256.0,1,0,141.21199808219862,False,False,False,False,False,False,True,False,False,False,False,False,False,False,False,False,False,False,False,False,True,False,False,False,False,False,False,False,True,False,False,44701.92
13.3,4.0,1.28,0,1,1920,1080,256.0,1,0,165.6321180513006,False,False,False,False,False,False,True,False,False,False,False,False,False,False,False,False,False,False,False,False,False,False,False,False,False,False,False,False,True,False,False,90576.0
15.6,4.0,2.3,0,1,1366,768,500.0,0,1,100.45466986113651,False,False,False,False,False,False,True,False,False,False,False,False,False,False,False,False,False,False,False,False,False,False,False,False,False,False,False,False,True,False,False,36486.144
14.1,4.0,1.65,0,0,1366,768,32.0,0,0,111.1413368676404,False,True,False,False,False,False,False,False,False,False,False,False,False,False,False,False,False,False,False,False,True,False,False,False,False,False,False,False,True,False,False,18541.44
15.6,8.0,2.2,1,0,1920,1080,1024.0,0,1,141.21199808219862,False,False,False,False,False,False,False,False,True,False,False,False,False,False,False,False,False,False,False,False,True,False,False,False,False,False,False,False,True,False,False,35644.32
15.6,4.0,2.2,0,0,1366,768,500.0,0,1,100.45466986113651,False,False,False,True,False,False,False,False,False,False,False,False,False,False,False,False,False,False,False,False,True,False,False,False,False,False,False,False,True,False,False,19660.32
13.3,4.0,1.28,0,1,1920,1080,256.0,1,0,165.6321180513006,False,False,False,False,False,False,True,False,False,False,False,False,False,False,False,False,False,False,False,False,False,False,False,False,False,False,False,False,True,False,False,95850.72
15.6,4.0,2.18,0,0,1366,768,1024.0,0,1,100.45466986113651,False,False,False,True,False,False,False,False,False,False,False,False,False,False,False,False,False,False,False,False,True,False,False,False,True,False,False,False,False,False,False,24279.696
17.3,12.0,2.2,0,0,1920,1080,1152.0,1,1,127.33567457123111,False,True,False,False,False,False,False,False,False,False,False,False,False,False,False,False,False,False,True,False,False,False,False,False,False,False,False,False,True,False,False,72988.272
11.6,4.0,1.25,1,0,1366,768,32.0,0,0,135.0942111925629,False,False,False,False,False,False,False,False,False,False,False,False,False,False,False,False,False,False,False,True,False,False,False,True,False,False,False,False,False,False,False,15824.16
17.3,4.0,2.8,0,0,1600,900,500.0,0,1,106.11306214269258,False,False,False,False,False,False,False,False,True,False,False,False,False,False,False,False,False,False,False,False,True,False,False,False,False,False,False,False,True,False,False,20193.12
14.0,4.0,1.95,0,0,1920,1080,128.0,1,0,157.3505121487356,False,False,False,False,False,False,True,False,False,False,False,False,False,False,False,False,False,False,False,False,True,False,False,False,False,False,False,False,True,False,False,67399.2
13.3,16.0,1.42,0,1,3200,1800,256.0,1,0,276.053530085501,False,False,False,False,False,False,True,False,False,False,False,False,False,False,False,False,False,False,False,False,False,False,False,False,False,False,False,False,True,False,False,74538.72
15.0,8.0,1.17,0,0,1920,1080,256.0,1,0,146.86047800548656,False,False,False,False,False,False,False,False,False,False,False,False,False,False,True,False,False,False,False,False,False,True,False,False,False,False,False,False,True,False,False,90522.72
14.0,8.0,1.32,1,0,1920,1080,256.0,1,0,157.3505121487356,False,False,False,False,False,False,False,False,True,False,False,False,False,False,False,False,False,False,False,False,False,True,False,False,False,False,False,False,True,False,False,95850.72
17.3,16.0,2.43,1,0,3840,2160,2560.0,1,1,254.67134914246222,False,False,False,False,False,False,False,False,False,False,False,False,True,False,False,False,False,False,True,False,False,False,False,False,False,False,False,False,True,False,False,141138.72
13.3,8.0,1.05,0,0,1920,1080,256.0,1,0,165.6321180513006,False,False,False,False,False,False,False,False,False,False,False,False,False,False,False,True,False,False,False,False,True,False,False,False,False,False,False,False,True,False,False,78588.0
15.6,8.0,2.62,0,0,1920,1080,1024.0,0,1,141.21199808219862,False,False,False,True,False,False,False,False,False,False,False,False,False,False,False,False,False,False,True,False,False,False,False,False,True,False,False,False,False,False,False,49497.12
15.6,8.0,2.04,0,0,1920,1080,1024.0,0,1,141.21199808219862,False,False,False,False,False,False,True,False,False,False,False,False,False,False,False,False,False,False,False,False,True,False,False,False,False,False,False,False,True,False,False,47952.0
15.6,4.0,2.18,0,0,1366,768,1024.0,0,1,100.45466986113651,False,False,False,True,False,False,False,False,False,False,False,False,False,False,False,False,False,False,False,False,True,False,False,False,False,False,False,False,True,False,False,32713.92
15.6,8.0,1.9,0,0,1920,1080,500.0,0,1,141.21199808219862,False,False,False,True,False,False,False,False,False,False,False,False,False,False,False,False,False,False,False,False,True,False,False,False,False,False,False,False,True,False,False,49816.8
13.3,8.0,1.24,0,1,3200,1800,512.0,1,0,276.053530085501,False,False,False,True,False,False,False,False,False,False,False,False,False,False,False,False,False,False,False,False,False,False,False,False,False,False,False,False,True,False,False,107257.968
17.3,32.0,3.575,1,0,1920,1080,512.0,1,0,127.33567457123111,False,True,False,False,False,False,False,False,False,False,False,False,False,False,False,False,False,False,True,False,False,False,False,False,False,False,False,False,True,False,False,68145.12
13.3,16.0,1.22,0,1,1920,1080,256.0,1,0,165.6321180513006,False,False,False,True,False,False,False,False,False,False,False,False,False,False,False,False,False,False,False,False,False,False,False,False,False,False,False,False,True,False,False,87858.72
14.0,8.0,1.13,1,0,1920,1080,256.0,0,0,157.3505121487356,False,False,False,False,False,False,False,False,True,False,False,False,False,False,False,False,False,False,False,False,False,True,False,False,False,False,False,False,True,False,False,109170.72
15.6,8.0,1.95,1,0,1920,1080,512.0,1,0,141.21199808219862,False,False,False,False,False,False,False,False,True,False,False,False,False,False,False,False,False,False,False,False,True,False,False,False,False,False,False,False,True,False,False,104588.1072
15.6,16.0,1.08,1,1,1920,1080,512.0,1,0,141.21199808219862,False,False,False,False,False,False,False,False,False,True,False,False,False,False,False,False,False,False,False,False,False,True,False,False,False,False,False,False,True,False,False,111834.72
12.5,8.0,1.26,0,0,1920,1080,512.0,1,0,176.23257360658386,False,False,False,False,False,False,True,False,False,False,False,False,False,False,False,False,False,False,False,True,False,False,False,False,False,False,False,False,True,False,False,79014.24
15.6,4.0,2.2,1,0,1920,1080,16.0,0,0,141.21199808219862,False,False,False,False,False,False,False,False,False,False,False,False,False,False,False,False,False,False,False,False,True,False,False,True,False,False,False,False,False,False,False,19127.52
15.6,8.0,2.6,1,0,1920,1080,1152.0,1,1,141.21199808219862,False,False,False,False,False,False,False,False,True,False,False,False,False,False,False,False,False,False,False,False,True,False,False,False,False,False,False,False,True,False,False,42037.92
14.0,8.0,0.98,1,1,1920,1080,512.0,1,0,157.3505121487356,False,False,False,False,False,False,False,False,False,True,False,False,False,False,False,False,False,False,False,False,False,True,False,False,False,False,False,False,True,False,False,101178.72
14.0,8.0,1.6,0,0,1920,1080,256.0,1,0,157.3505121487356,False,False,False,True,False,False,False,False,False,False,False,False,False,False,False,False,False,False,False,False,True,False,False,False,False,False,False,False,True,False,False,64202.4
12.5,8.0,1.09,0,1,3840,2160,240.0,1,0,352.4651472131677,False,False,False,False,False,False,True,False,False,False,False,False,False,False,False,False,False,False,False,False,False,True,False,False,False,False,False,False,True,False,False,150358.42440000002
15.6,6.0,2.2,0,0,1920,1080,256.0,1,0,141.21199808219862,False,False,False,False,False,False,False,False,True,False,False,False,False,False,False,False,False,False,False,False,True,False,False,False,False,False,False,False,True,False,False,42037.92
15.6,8.0,2.04,0,0,1920,1080,256.0,1,0,141.21199808219862,False,False,False,False,False,False,True,False,False,False,False,False,False,False,False,False,False,False,False,False,True,False,False,False,False,False,False,False,True,False,False,54291.7872
15.6,4.0,2.4,0,0,1920,1080,1024.0,0,1,141.21199808219862,False,False,False,False,False,False,False,False,False,False,False,False,False,False,False,False,False,False,False,False,True,False,False,False,False,False,False,False,True,False,False,26586.72
13.3,4.0,1.44,0,0,1920,1080,128.0,1,0,165.6321180513006,False,False,False,False,False,False,False,False,True,False,False,False,False,False,False,False,False,False,False,False,True,False,False,False,False,False,False,False,True,False,False,46939.68
13.3,8.0,1.49,0,0,1920,1080,256.0,1,0,165.6321180513006,False,False,False,False,False,False,True,False,False,False,False,False,False,False,False,False,False,False,False,False,True,False,False,False,False,False,False,False,True,False,False,51148.8
17.3,16.0,2.7,0,0,1920,1080,1280.0,1,1,127.33567457123111,False,False,False,False,False,False,False,False,False,False,False,False,True,False,False,False,False,False,True,False,False,False,False,False,False,False,False,False,True,False,False,85194.72
15.6,16.0,2.6,0,0,1920,1080,1152.0,1,1,141.21199808219862,False,False,False,True,False,False,False,False,False,False,False,False,False,False,False,False,False,False,True,False,False,False,False,False,False,False,False,False,True,False,False,71874.72
15.6,8.0,2.2,0,0,1920,1080,1152.0,1,1,141.21199808219862,False,False,False,False,False,False,False,False,False,False,False,False,True,False,False,False,False,False,True,False,False,False,False,False,False,False,False,False,True,False,False,59668.8048
15.6,4.0,2.18,0,0,1366,768,1024.0,0,1,100.45466986113651,False,False,False,True,False,False,False,False,False,False,False,False,False,False,False,False,False,False,False,False,True,False,False,False,False,False,False,False,True,False,False,36496.2672
15.6,8.0,1.84,0,0,1920,1080,256.0,1,0,141.21199808219862,False,False,False,False,False,False,True,False,False,False,False,False,False,False,False,False,False,False,False,False,False,True,False,False,False,False,False,False,True,False,False,69103.6272
13.3,8.0,1.37,1,1,1920,1080,512.0,1,0,165.6321180513006,False,False,False,False,False,False,False,False,True,False,False,False,False,False,False,False,False,False,False,False,False,False,False,False,False,False,False,False,True,False,False,97236.0
15.6,4.0,1.95,0,0,1366,768,500.0,0,1,100.45466986113651,False,False,False,True,False,False,False,False,False,False,False,False,False,False,False,False,False,False,False,False,True,False,False,False,False,False,False,False,True,False,False,38889.072
12.5,8.0,1.36,1,0,1920,1080,256.0,1,0,176.23257360658386,False,False,False,False,False,False,False,False,True,False,False,False,False,False,False,False,False,False,False,False,False,True,False,False,False,False,False,False,True,False,False,87912.0
15.6,8.0,2.31,0,0,1920,1080,256.0,1,0,141.21199808219862,False,False,False,False,False,False,True,False,False,False,False,False,False,False,False,False,False,False,False,False,True,False,False,False,False,False,False,False,True,False,False,62071.2
15.6,4.0,2.18,0,0,1366,768,1024.0,0,1,100.45466986113651,False,False,False,True,False,False,False,False,False,False,False,False,False,False,False,False,False,False,False,False,True,False,False,False,False,False,False,False,True,False,False,37725.4368
14.0,4.0,1.95,0,0,1366,768,500.0,0,1,111.93520355955211,False,False,False,False,False,False,True,False,False,False,False,False,False,False,False,False,False,False,False,False,True,False,False,False,False,False,False,False,True,False,False,61218.72
15.6,4.0,2.2,0,0,1366,768,1024.0,0,1,100.45466986113651,False,False,False,False,False,False,False,False,True,False,False,False,False,False,False,False,False,False,False,False,True,False,False,False,False,False,False,False,True,False,False,16463.52
12.5,4.0,1.26,0,0,1920,1080,500.0,0,1,176.23257360658386,False,False,False,False,False,False,True,False,False,False,False,False,False,False,False,False,False,False,False,False,False,True,False,False,False,False,False,False,True,False,False,84129.12
15.6,4.0,1.86,0,0,1366,768,1024.0,0,1,100.45466986113651,False,False,False,False,False,False,True,False,False,False,False,False,False,False,False,False,False,False,False,False,True,False,False,False,False,False,False,True,False,False,False,15392.592
13.3,16.0,1.3,1,1,3200,1800,1024.0,1,0,276.053530085501,False,False,False,False,False,False,False,False,True,False,False,False,False,False,False,False,False,False,False,False,False,False,False,False,False,False,False,False,True,False,False,95850.72
14.0,4.0,1.47,1,0,1920,1080,128.0,1,0,157.3505121487356,False,False,False,False,False,False,False,False,False,False,False,False,False,False,False,True,False,False,False,False,True,False,False,False,False,False,False,False,True,False,False,58874.4
12.5,8.0,1.26,0,0,1920,1080,256.0,1,0,176.23257360658386,False,False,False,False,False,False,True,False,False,False,False,False,False,False,False,False,False,False,False,True,False,False,False,False,False,False,False,False,True,False,False,88924.32
15.6,4.0,2.18,0,0,1366,768,1024.0,0,1,100.45466986113651,False,False,False,True,False,False,False,False,False,False,False,False,False,False,False,False,False,False,False,False,True,False,False,False,False,False,False,False,True,False,False,29762.208
15.6,8.0,2.2,0,0,1920,1080,1152.0,1,1,141.21199808219862,False,False,False,False,False,False,False,False,False,False,False,False,True,False,False,False,False,False,True,False,False,False,False,False,False,False,False,False,True,False,False,63882.72
17.3,16.0,3.575,0,0,2560,1440,1536.0,1,1,169.78089942830815,False,False,False,True,False,False,False,False,False,False,False,False,False,False,False,False,False,False,True,False,False,False,False,False,False,False,False,False,True,False,False,146946.24
17.3,8.0,2.75,1,0,1920,1080,1152.0,1,1,127.33567457123111,False,False,False,False,False,False,True,False,False,False,False,False,False,False,False,False,False,False,True,False,False,False,False,False,False,False,False,False,True,False,False,74538.72
17.3,4.0,2.8,0,0,1600,900,1024.0,0,1,106.11306214269258,False,True,False,False,False,False,False,False,False,False,False,False,False,False,False,False,False,False,False,False,True,False,False,False,False,False,False,False,True,False,False,28238.4
15.6,4.0,2.23,0,0,1366,768,500.0,0,1,100.45466986113651,False,False,False,False,False,False,False,False,False,False,False,False,False,False,False,False,False,False,False,False,True,False,False,False,False,False,False,False,True,False,False,32980.32
15.6,8.0,2.2,0,0,1366,768,256.0,1,0,100.45466986113651,False,False,False,False,False,False,False,False,False,False,False,False,False,False,False,True,False,False,False,False,True,False,False,False,False,False,False,False,True,False,False,59620.32
11.3,8.0,1.1,1,1,1920,1080,256.0,1,0,194.94753717542463,False,False,False,False,False,False,False,False,True,False,False,False,False,False,False,False,False,False,False,False,False,False,False,False,False,False,False,False,True,False,False,69210.72
15.6,16.0,2.5,1,0,1920,1080,1536.0,1,1,141.21199808219862,False,False,False,False,False,False,False,False,True,False,False,False,False,False,False,False,False,False,True,False,False,False,False,False,False,False,False,False,True,False,False,53226.72
12.5,8.0,1.36,0,1,1920,1080,256.0,1,0,176.23257360658386,False,False,False,True,False,False,False,False,False,False,False,False,False,False,False,False,False,False,False,False,False,True,False,False,False,False,False,False,True,False,False,78438.816
15.6,8.0,2.2,0,0,1920,1080,1024.0,0,1,141.21199808219862,False,False,False,False,False,False,False,False,True,False,False,False,False,False,False,False,False,False,False,False,True,False,False,False,False,False,False,True,False,False,False,36496.8
17.3,4.0,2.36,0,0,1600,900,1024.0,0,1,106.11306214269258,False,False,False,True,False,False,False,False,False,False,False,False,False,False,False,False,False,False,False,False,True,False,False,False,False,False,False,False,True,False,False,35111.52
14.0,4.0,1.68,0,0,1366,768,32.0,0,0,111.93520355955211,False,False,False,False,False,False,False,False,False,False,False,False,False,False,False,False,False,False,False,False,True,False,False,True,False,False,False,False,False,False,False,18594.72
15.6,8.0,2.0,1,0,1920,1080,8.0,1,0,141.21199808219862,False,False,False,False,False,False,True,False,False,False,False,False,False,False,False,False,False,False,False,False,False,False,True,False,False,False,False,False,True,False,False,119826.72
14.0,8.0,1.36,0,0,1920,1080,256.0,1,0,157.3505121487356,False,False,False,True,False,False,False,False,False,False,False,False,False,False,False,False,False,False,False,False,False,True,False,False,False,False,False,False,True,False,False,94572.0
13.3,8.0,1.2,0,0,1920,1080,256.0,1,0,165.6321180513006,False,False,False,False,False,False,False,False,False,False,False,False,False,False,False,True,False,False,False,False,True,False,False,False,False,False,False,False,False,False,True,77788.8
12.5,8.0,1.2,0,0,1920,1080,64.0,0,0,176.23257360658386,False,True,False,False,False,False,False,False,False,False,False,False,False,False,False,False,False,False,False,False,False,False,False,True,False,False,False,False,False,False,False,61751.52
14.0,8.0,1.7,1,0,1920,1080,256.0,1,0,157.3505121487356,False,False,False,False,False,False,False,False,True,False,False,False,False,False,False,False,False,False,False,False,False,True,False,False,False,False,False,False,True,False,False,79333.3872
17.3,16.0,3.575,1,0,3840,2160,1536.0,1,1,254.67134914246222,False,False,False,True,False,False,False,False,False,False,False,False,False,False,False,False,False,False,True,False,False,False,False,False,False,False,False,False,True,False,False,150358.42440000002
13.3,8.0,1.24,0,1,1920,1080,256.0,1,0,165.6321180513006,False,False,False,True,False,False,False,False,False,False,False,False,False,False,False,False,False,False,False,False,False,False,False,False,False,False,False,False,True,False,False,101178.72
11.6,4.0,1.45,0,1,1366,768,256.0,1,0,135.0942111925629,False,False,False,False,False,False,True,False,False,False,False,False,False,False,False,False,False,False,False,False,False,False,False,False,False,False,False,False,True,False,False,41292.0
13.3,8.0,1.3,0,0,3200,1800,256.0,1,0,276.053530085501,False,False,False,True,False,False,False,False,False,False,False,False,False,False,False,False,False,False,False,False,False,True,False,False,False,False,False,False,True,False,False,67559.04
11.6,4.0,1.25,1,1,1366,768,32.0,0,0,135.0942111925629,False,False,False,False,False,False,False,False,False,False,False,False,False,False,False,False,False,False,False,False,False,False,False,True,False,False,False,False,False,False,False,20725.92
13.3,8.0,1.2,0,0,1920,1080,256.0,1,0,165.6321180513006,False,False,False,False,False,False,False,False,False,False,False,False,False,False,False,True,False,False,False,False,True,False,False,False,False,False,False,False,True,False,False,81784.8
12.5,8.0,1.36,1,0,1920,1080,256.0,1,0,176.23257360658386,False,False,False,False,False,False,False,False,True,False,False,False,False,False,False,False,False,False,False,False,False,True,False,False,False,False,False,False,True,False,False,93772.8
15.6,12.0,2.4,0,0,1920,1080,1152.0,1,1,141.21199808219862,False,False,False,False,False,False,False,False,False,False,False,False,False,False,False,False,False,False,False,False,True,False,False,False,False,False,False,False,True,False,False,53759.52
12.5,8.0,1.1,0,1,1920,1080,512.0,1,0,176.23257360658386,False,False,False,False,False,False,False,False,False,False,False,False,False,False,False,True,False,False,False,False,False,True,False,False,False,False,False,False,True,False,False,95371.2
15.6,8.0,2.04,0,0,1366,768,1024.0,0,1,100.45466986113651,False,False,False,False,False,False,True,False,False,False,False,False,False,False,False,False,False,False,False,False,True,False,False,False,False,False,False,False,True,False,False,45101.52
15.6,4.0,2.25,0,0,1366,768,1024.0,0,1,100.45466986113651,False,False,False,True,False,False,False,False,False,False,False,False,False,False,False,False,False,False,False,False,True,False,False,False,True,False,False,False,False,False,False,24808.2336
15.6,4.0,1.9,0,0,1366,768,500.0,0,1,100.45466986113651,False,False,False,True,False,False,False,False,False,False,False,False,False,False,False,False,False,False,False,False,True,False,False,False,False,False,False,False,True,False,False,43956.0
15.6,4.0,2.04,0,0,1920,1080,500.0,0,1,141.21199808219862,False,False,False,False,False,False,True,False,False,False,False,False,False,False,False,False,False,False,False,False,True,False,False,False,False,False,False,False,True,False,False,36496.8
17.3,32.0,3.575,1,0,1920,1080,1280.0,1,1,127.33567457123111,False,False,False,True,False,False,False,False,False,False,False,False,False,False,False,False,False,False,True,False,False,False,False,False,False,False,False,False,True,False,False,150358.42440000002
15.6,6.0,2.4,0,0,1920,1080,256.0,1,0,141.21199808219862,False,False,False,False,False,False,False,False,True,False,False,False,False,False,False,False,False,False,False,False,True,False,False,False,False,False,False,False,True,False,False,37029.6
13.3,16.0,1.22,0,1,3200,1800,512.0,1,0,276.053530085501,False,False,False,True,False,False,False,False,False,False,False,False,False,False,False,False,False,False,False,False,False,False,False,False,False,False,False,False,True,False,False,101178.72
14.0,8.0,1.5,0,1,2560,1440,256.0,1,0,209.8006828649808,False,False,False,True,False,False,False,False,False,False,False,False,False,False,False,False,False,False,False,False,False,True,False,False,False,False,False,False,True,False,False,104587.5744
17.3,32.0,3.575,0,0,1920,1080,1280.0,1,1,127.33567457123111,False,False,False,True,False,False,False,False,False,False,False,False,False,False,False,False,False,False,True,False,False,False,False,False,False,False,False,False,True,False,False,149184.0
14.0,8.0,1.95,0,0,1920,1080,256.0,1,0,157.3505121487356,False,False,False,False,False,False,False,False,False,False,False,False,False,False,False,True,False,False,False,False,True,False,False,False,False,False,False,False,True,False,False,62870.4
17.3,16.0,2.73,0,0,1920,1080,1280.0,1,1,127.33567457123111,False,True,False,False,False,False,False,False,False,False,False,False,False,False,False,False,False,False,True,False,False,False,False,False,False,False,False,False,True,False,False,109218.672
15.6,8.0,2.04,1,0,1920,1080,1152.0,1,1,141.21199808219862,False,False,False,False,False,False,True,False,False,False,False,False,False,False,False,False,False,False,False,False,True,False,False,False,False,False,False,False,True,False,False,52161.12
14.0,4.0,1.7,0,0,1366,768,508.0,0,0,111.93520355955211,False,False,False,False,False,False,False,False,True,False,False,False,False,False,False,False,False,False,False,False,True,False,False,False,False,False,False,False,False,False,True,53386.56
15.6,16.0,2.3,0,1,3840,2160,2560.0,1,1,282.42399616439724,False,True,False,False,False,False,False,False,False,False,False,False,False,False,False,False,False,False,False,False,False,False,False,False,False,False,False,False,True,False,False,95850.72
17.3,16.0,2.99,0,0,1920,1080,1280.0,1,1,127.33567457123111,False,True,False,False,False,False,False,False,False,False,False,False,False,False,False,False,False,False,True,False,False,False,False,False,False,False,False,False,True,False,False,93186.72
15.6,12.0,2.19,1,1,1920,1080,512.0,1,0,141.21199808219862,False,False,False,True,False,False,False,False,False,False,False,False,False,False,False,False,False,False,False,False,False,False,False,False,False,False,False,False,True,False,False,69210.72
13.3,4.0,1.2,0,0,1920,1080,128.0,1,0,165.6321180513006,False,False,False,False,False,False,False,False,False,False,False,False,False,False,False,True,False,False,False,False,True,False,False,False,False,False,False,False,False,False,True,63669.6
15.6,6.0,2.2,0,0,1920,1080,256.0,1,0,141.21199808219862,False,False,False,False,False,False,False,False,True,False,False,False,False,False,False,False,False,False,False,False,True,False,False,False,False,False,False,False,True,False,False,29250.72
15.6,4.0,2.3,0,0,1366,768,256.0,1,0,100.45466986113651,False,False,False,False,True,False,False,False,False,False,False,False,False,False,False,False,False,False,False,False,True,False,False,False,False,False,False,False,True,False,False,34578.72
14.0,4.0,1.75,0,0,1366,768,500.0,0,1,111.93520355955211,False,False,False,False,False,False,False,False,False,False,False,False,False,False,False,True,False,False,False,False,True,False,False,False,False,False,False,False,True,False,False,48751.2
15.6,4.0,2.25,0,0,1366,768,500.0,0,1,100.45466986113651,False,False,False,True,False,False,False,False,False,False,False,False,False,False,False,False,False,False,False,False,True,False,False,False,False,False,False,False,True,False,False,31914.72
15.6,8.0,2.04,0,0,1920,1080,1024.0,0,1,141.21199808219862,False,False,False,False,False,False,True,False,False,False,False,False,False,False,False,False,False,False,False,False,True,False,False,False,False,False,False,False,True,False,False,42943.68
15.6,8.0,2.5,1,0,1920,1080,1152.0,1,1,141.21199808219862,False,False,False,False,False,False,False,False,True,False,False,False,False,False,False,False,False,False,True,False,False,False,False,False,False,False,False,False,True,False,False,63349.92
15.6,8.0,2.36,0,0,1366,768,1024.0,0,1,100.45466986113651,False,False,False,True,False,False,False,False,False,False,False,False,False,False,False,False,False,False,False,False,True,False,False,False,False,False,False,False,True,False,False,39906.72
14.0,8.0,1.6,0,0,1920,1080,128.0,1,0,157.3505121487356,False,False,False,True,False,False,False,False,False,False,False,False,False,False,False,False,False,False,False,False,True,False,False,False,False,False,False,False,True,False,False,59620.32
12.5,8.0,0.97,0,0,1920,1080,512.0,1,0,176.23257360658386,False,False,False,False,False,False,True,False,False,False,False,False,False,False,False,False,False,False,False,True,False,False,False,False,False,False,False,False,True,False,False,101658.24
15.6,4.0,2.1,0,0,1920,1080,1152.0,1,1,141.21199808219862,False,False,False,False,False,False,True,False,False,False,False,False,False,False,False,False,False,False,False,False,True,False,False,False,False,False,False,False,True,False,False,26586.72
15.6,4.0,1.9,0,0,1366,768,128.0,1,0,100.45466986113651,False,False,False,False,False,False,False,False,True,False,False,False,False,False,False,False,False,False,False,False,True,False,False,False,False,False,False,True,False,False,False,14418.6336
15.6,8.0,2.3,0,0,1920,1080,256.0,1,0,141.21199808219862,False,False,False,False,False,False,False,False,True,False,False,False,False,False,False,False,False,False,False,False,True,False,False,False,False,False,False,False,True,False,False,71874.72
13.3,8.0,1.4,0,0,3200,1800,256.0,1,0,276.053530085501,False,True,False,False,False,False,False,False,False,False,False,False,False,False,False,False,False,False,False,False,True,False,False,False,False,False,False,False,True,False,False,61272.0
13.3,8.0,1.11,1,1,1920,1080,256.0,1,0,165.6321180513006,False,False,False,False,False,False,True,False,False,False,False,False,False,False,False,False,False,False,False,False,False,True,False,False,False,False,False,False,True,False,False,71874.72
15.6,4.0,2.4,0,0,1366,768,500.0,0,1,100.45466986113651,False,False,False,False,False,False,False,False,False,False,False,False,False,False,False,False,False,False,False,False,True,False,False,False,False,False,False,False,True,False,False,20246.4
15.6,16.0,2.5,0,0,1920,1080,1280.0,1,1,141.21199808219862,False,True,False,False,False,False,False,False,False,False,False,False,False,False,False,False,False,False,True,False,False,False,False,False,False,False,False,False,True,False,False,95850.72
14.0,8.0,1.48,0,0,1920,1080,512.0,1,0,157.3505121487356,False,False,False,False,False,False,True,False,False,False,False,False,False,False,False,False,False,False,False,False,False,True,False,False,False,False,False,False,True,False,False,111301.92
15.6,8.0,2.7,1,0,1920,1080,1152.0,1,1,141.21199808219862,False,False,False,False,False,False,False,False,False,False,False,False,False,False,False,False,False,False,True,False,False,False,False,False,False,False,False,False,True,False,False,67132.8
13.3,8.0,1.34,1,0,1920,1080,256.0,1,0,165.6321180513006,False,False,False,False,False,False,True,False,False,False,False,False,False,False,False,False,False,False,False,False,True,False,False,False,False,False,False,False,True,False,False,63349.92
15.6,4.0,2.18,0,0,1366,768,128.0,1,0,100.45466986113651,False,False,False,True,False,False,False,False,False,False,False,False,False,False,False,False,False,False,False,False,True,False,False,False,False,False,False,False,True,False,False,29144.16
14.0,4.0,1.64,0,0,1366,768,500.0,0,1,111.93520355955211,False,False,False,False,False,False,True,False,False,False,False,False,False,False,False,False,False,False,False,False,True,False,False,False,False,False,False,False,True,False,False,41505.12
13.3,4.0,1.2,0,0,1920,1080,128.0,1,0,165.6321180513006,False,False,False,False,False,False,False,False,False,False,False,False,False,False,False,True,False,False,False,False,True,False,False,False,False,False,False,False,True,False,False,63669.6
14.0,4.0,1.48,0,0,1366,768,256.0,1,0,111.93520355955211,False,False,False,False,False,False,True,False,False,False,False,False,False,False,False,False,False,False,False,False,True,False,False,False,False,False,False,False,True,False,False,58607.4672
14.0,4.0,1.95,0,0,1920,1080,256.0,1,0,157.3505121487356,False,False,False,False,False,False,True,False,False,False,False,False,False,False,False,False,False,False,False,False,True,False,False,False,False,False,False,False,True,False,False,64202.4
14.0,8.0,1.43,0,0,1920,1080,256.0,1,0,157.3505121487356,False,False,False,False,False,False,True,False,False,False,False,False,False,False,False,False,False,False,False,False,False,True,False,False,False,False,False,False,False,False,True,77202.72
14.0,8.0,1.64,0,0,1920,1080,256.0,1,0,157.3505121487356,False,False,False,False,False,False,True,False,False,False,False,False,False,False,False,False,False,False,False,False,True,False,False,False,False,False,False,False,True,False,False,55904.5728
14.0,4.0,1.64,0,0,1366,768,500.0,0,1,111.93520355955211,False,False,False,False,False,False,True,False,False,False,False,False,False,False,False,False,False,False,False,False,True,False,False,False,False,False,False,False,True,False,False,36443.52
15.6,8.0,2.65,0,0,1920,1080,1024.0,0,0,141.21199808219862,False,False,False,True,False,False,False,False,False,False,False,False,False,False,False,False,False,False,True,False,False,False,False,False,False,False,False,False,True,False,False,50562.72
12.5,4.0,1.26,0,0,1920,1080,500.0,0,1,176.23257360658386,False,False,False,False,False,False,True,False,False,False,False,False,False,False,False,False,False,False,False,False,False,True,False,False,False,False,False,False,True,False,False,81997.92
14.0,4.0,1.48,0,0,1920,1080,256.0,1,0,157.3505121487356,False,False,False,False,False,False,True,False,False,False,False,False,False,False,False,False,False,False,False,False,True,False,False,False,False,False,False,False,True,False,False,84715.2
14.0,8.0,1.54,0,0,1920,1080,256.0,1,0,157.3505121487356,False,False,False,False,False,False,True,False,False,False,False,False,False,False,False,False,False,False,False,False,False,True,False,False,False,False,False,False,True,False,False,100550.5488
13.3,4.0,1.49,0,0,1366,768,500.0,0,1,117.82653006268643,False,False,False,False,False,False,True,False,False,False,False,False,False,False,False,False,False,False,False,False,True,False,False,False,False,False,False,False,True,False,False,42624.0
13.3,8.0,1.5,0,0,1366,768,256.0,1,0,117.82653006268643,False,False,False,False,False,False,False,False,False,False,False,False,False,False,False,True,False,False,False,False,True,False,False,False,False,False,False,False,True,False,False,64468.8
15.6,4.0,2.04,0,0,1366,768,256.0,1,0,100.45466986113651,False,False,False,False,False,False,True,False,False,False,False,False,False,False,False,False,False,False,False,False,True,False,False,False,False,False,False,False,True,False,False,41025.0672
17.3,16.0,2.4,1,0,3840,2160,512.0,1,0,254.67134914246222,False,False,False,False,False,False,False,False,True,False,False,False,False,False,False,False,False,False,False,False,True,False,False,False,False,False,False,False,False,False,True,150358.42440000002
14.0,8.0,1.47,1,0,1920,1080,256.0,1,0,157.3505121487356,False,False,False,False,False,False,False,False,False,False,False,False,False,False,False,True,False,False,False,False,True,False,False,False,False,False,False,False,True,False,False,79387.2
14.0,8.0,1.43,0,0,1920,1080,256.0,1,0,157.3505121487356,False,False,False,False,False,False,True,False,False,False,False,False,False,False,False,False,False,False,False,False,True,False,False,False,False,False,False,False,True,False,False,118761.12
15.6,4.0,2.08,1,1,1920,1080,1024.0,0,1,141.21199808219862,False,False,False,True,False,False,False,False,False,False,False,False,False,False,False,False,False,False,False,False,False,False,False,False,False,False,False,False,True,False,False,42410.3472
13.3,8.0,1.2,0,0,1920,1080,256.0,1,0,165.6321180513006,False,False,False,False,False,False,False,False,False,False,False,False,False,False,False,True,False,False,False,False,False,True,False,False,False,False,False,False,True,False,False,84715.2
13.3,8.0,1.11,1,0,1920,1080,256.0,1,0,165.6321180513006,False,False,False,False,False,False,True,False,False,False,False,False,False,False,False,False,False,False,False,False,True,False,False,False,False,False,False,False,True,False,False,61218.72
14.0,8.0,1.64,0,0,1920,1080,256.0,1,0,157.3505121487356,False,False,False,False,False,False,True,False,False,False,False,False,False,False,False,False,False,False,False,False,True,False,False,False,False,False,False,False,True,False,False,63159.7104
15.6,8.0,2.09,0,0,1920,1080,500.0,0,1,141.21199808219862,False,False,False,True,False,False,False,False,False,False,False,False,False,False,False,False,False,False,False,False,True,False,False,False,False,False,False,False,True,False,False,55754.3232
12.5,4.0,1.26,0,0,1366,768,256.0,1,0,125.36742798669837,False,False,False,False,False,False,True,False,False,False,False,False,False,False,False,False,False,False,False,False,False,True,False,False,False,False,False,False,True,False,False,83063.52
14.0,4.0,2.31,0,0,1366,768,500.0,0,1,111.93520355955211,False,False,False,False,False,False,True,False,False,False,False,False,False,False,False,False,False,False,False,False,True,False,False,False,False,False,False,False,True,False,False,63349.92
14.0,4.0,1.95,0,0,1366,768,500.0,0,1,111.93520355955211,False,False,False,False,False,False,True,False,False,False,False,False,False,False,False,False,False,False,False,False,True,False,False,False,False,False,False,False,True,False,False,56476.8
13.3,8.0,1.29,0,1,3200,1800,256.0,1,0,276.053530085501,False,False,False,True,False,False,False,False,False,False,False,False,False,False,False,False,False,False,False,False,False,True,False,False,False,False,False,False,True,False,False,86526.72
17.3,8.0,2.63,0,0,1920,1080,256.0,1,0,127.33567457123111,False,False,False,False,False,False,True,False,False,False,False,False,False,False,False,False,False,False,False,False,True,False,False,False,False,False,False,False,True,False,False,57542.4
14.0,4.0,1.64,0,0,1366,768,256.0,1,0,111.93520355955211,False,False,False,False,False,False,True,False,False,False,False,False,False,False,False,False,False,False,False,False,True,False,False,False,False,False,False,False,True,False,False,51841.44
15.6,6.0,2.1,0,0,1366,768,1024.0,0,1,100.45466986113651,False,False,False,False,False,False,False,False,False,False,False,False,False,False,False,False,False,False,False,False,True,False,False,False,False,False,False,False,True,False,False,21791.52
17.3,8.0,2.7,0,0,1920,1080,1152.0,1,1,127.33567457123111,False,False,False,False,False,False,False,False,False,False,False,False,True,False,False,False,False,False,True,False,False,False,False,False,False,False,False,False,True,False,False,63499.104
14.0,8.0,1.95,0,0,1920,1080,256.0,1,0,157.3505121487356,False,False,False,False,False,False,True,False,False,False,False,False,False,False,False,False,False,False,False,False,True,False,False,False,False,False,False,False,False,False,True,63669.6
15.6,8.0,1.84,0,0,1920,1080,256.0,1,0,141.21199808219862,False,False,False,False,False,False,True,False,False,False,False,False,False,False,False,False,False,False,False,False,True,False,False,False,False,False,False,False,True,False,False,65480.5872
12.5,8.0,1.26,0,0,1920,1080,256.0,1,0,176.23257360658386,False,False,False,False,False,False,True,False,False,False,False,False,False,False,False,False,False,False,False,False,False,True,False,False,False,False,False,False,True,False,False,71874.72
15.6,4.0,2.04,0,0,1366,768,500.0,0,1,100.45466986113651,False,False,False,False,False,False,True,False,False,False,False,False,False,False,False,False,False,False,False,False,True,False,False,False,False,False,False,False,True,False,False,39533.76
14.0,8.0,1.47,1,0,1920,1080,256.0,1,0,157.3505121487356,False,False,False,False,False,False,False,False,False,False,False,False,False,False,False,True,False,False,False,False,False,True,False,False,False,False,False,False,True,False,False,91908.0
15.6,8.0,2.09,0,0,1920,1080,256.0,1,0,141.21199808219862,False,False,False,True,False,False,False,False,False,False,False,False,False,False,False,False,False,False,False,False,True,False,False,False,False,False,False,False,False,False,True,56633.976
14.0,8.0,1.64,0,0,1920,1080,256.0,1,0,157.3505121487356,False,False,False,False,False,False,True,False,False,False,False,False,False,False,False,False,False,False,False,False,True,False,False,False,False,False,False,False,True,False,False,53839.9728
15.6,4.0,1.8,1,1,1920,1080,256.0,1,0,141.21199808219862,False,False,False,False,False,False,False,False,True,False,False,False,False,False,False,False,False,False,False,False,False,False,False,False,False,False,False,False,True,False,False,45128.16
14.0,2.0,1.45,0,0,1366,768,32.0,0,0,111.93520355955211,False,False,False,False,False,False,False,False,False,False,False,False,False,False,False,False,True,False,False,False,True,False,False,False,False,False,False,False,True,False,False,11231.424
15.6,16.0,2.4,1,0,1920,1080,256.0,1,0,141.21199808219862,False,False,False,False,False,False,False,False,False,False,False,False,False,False,False,True,False,False,False,False,True,False,False,False,False,False,False,False,True,False,False,75924.0
15.6,8.0,2.3,0,0,1920,1080,256.0,1,0,141.21199808219862,False,False,False,False,False,False,False,False,True,False,False,False,False,False,False,False,False,False,False,False,True,False,False,False,False,False,False,False,True,False,False,55922.688
14.0,4.0,1.54,0,0,1920,1080,500.0,0,1,157.3505121487356,False,False,False,False,False,False,True,False,False,False,False,False,False,False,False,False,False,False,False,False,True,False,False,False,False,False,False,False,True,False,False,53280.0
15.6,8.0,1.84,0,0,1920,1080,756.0,1,1,141.21199808219862,False,False,False,False,False,False,True,False,False,False,False,False,False,False,False,False,False,False,False,False,True,False,False,False,False,False,False,False,True,False,False,112065.9552
14.0,8.0,1.43,0,0,1920,1080,256.0,1,0,157.3505121487356,False,False,False,False,False,False,True,False,False,False,False,False,False,False,False,False,False,False,False,False,True,False,False,False,False,False,False,False,False,False,True,78268.32
17.3,16.0,3.575,1,0,1920,1080,1280.0,1,1,127.33567457123111,False,False,False,False,False,False,False,False,False,False,False,False,True,False,False,False,False,False,True,False,False,False,False,False,False,False,False,False,True,False,False,82351.6992
17.3,16.0,3.575,1,0,1920,1080,1152.0,1,1,127.33567457123111,False,False,False,False,False,False,False,False,True,False,False,False,False,False,False,False,False,False,True,False,False,False,False,False,False,False,False,False,True,False,False,122010.6672
11.6,4.0,1.2,0,0,1366,768,16.0,0,0,135.0942111925629,False,True,False,False,False,False,False,False,False,False,False,False,False,False,False,False,False,False,False,True,False,False,False,True,False,False,False,False,False,False,False,15339.312
14.0,16.0,1.1,1,0,2560,1440,256.0,1,0,209.8006828649808,False,False,False,False,False,False,False,False,True,False,False,False,False,False,False,False,False,False,False,False,True,False,False,False,False,False,False,False,False,False,True,139593.6
15.6,8.0,1.91,1,0,1920,1080,1024.0,0,1,141.21199808219862,False,False,False,False,False,False,True,False,False,False,False,False,False,False,False,False,False,False,False,False,True,False,False,False,False,False,False,False,True,False,False,52161.12
15.6,8.0,2.3,1,1,1920,1080,256.0,1,0,141.21199808219862,False,False,False,True,False,False,False,False,False,False,False,False,False,False,False,False,False,False,False,False,False,False,False,False,False,False,False,False,True,False,False,58288.32
15.6,4.0,2.04,0,0,1366,768,256.0,1,0,100.45466986113651,False,False,False,False,False,False,True,False,False,False,False,False,False,False,False,False,False,False,False,False,True,False,False,False,False,False,False,False,True,False,False,52161.12
13.3,16.0,1.2,0,1,3200,1800,1024.0,1,0,276.053530085501,False,False,False,True,False,False,False,False,False,False,False,False,False,False,False,False,False,False,False,False,False,True,False,False,False,False,False,False,True,False,False,120093.12
15.6,4.0,2.31,0,0,1366,768,500.0,0,1,100.45466986113651,False,False,False,False,False,False,True,False,False,False,False,False,False,False,False,False,False,False,False,False,True,False,False,False,False,False,False,False,True,False,False,37570.392
15.6,4.0,1.96,0,0,1366,768,500.0,0,1,100.45466986113651,False,False,False,False,False,False,True,False,False,False,False,False,False,False,False,False,False,False,False,False,True,False,False,False,False,False,False,True,False,False,False,26586.72
15.6,8.0,2.4,0,0,1366,768,1024.0,0,1,100.45466986113651,False,False,False,False,False,False,False,False,False,False,False,False,False,False,False,False,False,False,False,False,True,False,False,False,False,False,False,False,True,False,False,23922.72
13.3,12.0,1.6,1,1,1920,1080,256.0,1,0,165.6321180513006,False,False,False,True,False,False,False,False,False,False,False,False,False,False,False,False,False,False,False,False,False,False,False,False,False,False,False,False,True,False,False,69210.72
15.6,16.0,2.94,0,0,1920,1080,1280.0,1,1,141.21199808219862,False,False,False,False,False,False,False,False,False,False,False,False,True,False,False,False,False,False,True,False,False,False,False,False,False,False,False,False,True,False,False,96916.32
17.3,16.0,3.575,1,0,1920,1080,1024.0,0,1,127.33567457123111,False,True,False,False,False,False,False,False,False,False,False,False,False,False,False,False,False,False,True,False,False,False,False,False,False,False,False,True,False,False,False,53173.44
15.6,4.0,2.25,0,0,1920,1080,1024.0,0,1,141.21199808219862,False,False,False,True,False,False,False,False,False,False,False,False,False,False,False,False,False,False,False,False,True,False,False,False,False,False,False,False,True,False,False,29783.52
15.6,16.0,2.32,0,0,1920,1080,2048.0,0,1,141.21199808219862,False,False,False,True,False,False,False,False,False,False,False,False,False,False,False,False,False,False,False,False,True,False,False,False,False,False,False,False,True,False,False,52746.6672
15.6,16.0,1.8,0,0,1920,1080,1280.0,1,1,141.21199808219862,False,False,False,False,False,False,False,False,False,False,False,False,True,False,False,False,False,False,True,False,False,False,False,False,False,False,False,False,True,False,False,102777.12
13.3,8.0,1.29,0,0,1920,1080,256.0,1,0,165.6321180513006,False,False,False,True,False,False,False,False,False,False,False,False,False,False,False,False,False,False,False,False,False,True,False,False,False,False,False,False,True,False,False,77682.24
17.3,64.0,3.575,1,0,1920,1080,1024.0,1,0,127.33567457123111,False,True,False,False,False,False,False,False,False,False,False,False,False,False,False,False,False,False,True,False,False,False,False,False,False,False,False,False,True,False,False,150358.42440000002
13.3,8.0,1.62,0,1,1920,1080,256.0,1,0,165.6321180513006,False,False,False,True,False,False,False,False,False,False,False,False,False,False,False,False,False,False,False,False,False,False,False,False,False,False,False,False,True,False,False,42517.9728
15.6,16.0,3.21,0,0,3840,2160,1280.0,1,1,282.42399616439724,False,False,False,True,False,False,False,False,False,False,False,False,False,False,False,False,False,False,True,False,False,False,False,False,False,False,False,False,True,False,False,70809.12
12.0,8.0,0.92,1,0,2304,1440,256.0,0,0,226.41554716935852,True,False,False,False,False,False,False,False,False,False,False,False,False,False,False,False,False,False,False,False,False,True,False,False,False,True,False,False,False,False,False,69264.0
15.6,4.0,2.06,0,0,1366,768,500.0,0,1,100.45466986113651,False,False,False,True,False,False,False,False,False,False,False,False,False,False,False,False,False,False,False,False,True,False,False,False,False,False,False,False,True,False,False,25679.8944
15.6,4.0,2.31,0,0,1366,768,500.0,0,1,100.45466986113651,False,False,False,False,False,False,True,False,False,False,False,False,False,False,False,False,False,False,False,False,True,False,False,False,False,False,False,False,True,False,False,63882.72
12.5,8.0,1.26,0,0,1920,1080,256.0,1,0,176.23257360658386,False,False,False,False,False,False,True,False,False,False,False,False,False,False,False,False,False,False,False,False,False,True,False,False,False,False,False,False,False,False,True,63882.72
13.3,8.0,1.49,0,0,1920,1080,256.0,1,0,165.6321180513006,False,False,False,False,False,False,True,False,False,False,False,False,False,False,False,False,False,False,False,False,True,False,False,False,False,False,False,False,True,False,False,58075.2
12.5,8.0,1.3,1,1,1920,1080,256.0,1,0,176.23257360658386,False,False,False,False,False,False,False,False,True,False,False,False,False,False,False,False,False,False,False,False,False,True,False,False,False,False,False,False,True,False,False,91294.7472
17.3,8.0,3.0,0,0,1600,900,1024.0,0,1,106.11306214269258,False,False,False,False,False,False,False,False,True,False,False,False,False,False,False,False,False,False,False,False,True,False,False,False,False,False,False,False,True,False,False,35111.52
15.6,4.0,2.3,1,0,1920,1080,1024.0,0,1,141.21199808219862,False,False,False,False,False,False,False,False,True,False,False,False,False,False,False,False,False,False,False,False,True,False,False,False,False,False,False,False,True,False,False,52054.56
17.3,16.0,3.575,0,0,1920,1080,1280.0,1,1,127.33567457123111,False,False,False,False,False,False,False,False,False,False,False,False,True,False,False,False,False,False,True,False,False,False,False,False,False,False,False,False,True,False,False,133146.72
15.6,4.0,2.1,0,0,1366,768,500.0,0,1,100.45466986113651,False,False,False,False,False,False,False,False,True,False,False,False,False,False,False,False,False,False,False,False,True,False,False,False,False,False,False,False,True,False,False,28771.2
15.6,4.0,2.31,0,0,1920,1080,500.0,0,1,141.21199808219862,False,False,False,False,False,False,True,False,False,False,False,False,False,False,False,False,False,False,False,False,True,False,False,False,False,False,False,False,False,False,True,50083.2
12.5,8.0,0.99,1,1,2560,1440,512.0,1,0,234.9767648087785,False,False,False,False,False,False,False,False,True,False,False,False,False,False,False,False,False,False,False,False,False,True,False,False,False,False,False,False,True,False,False,74538.72
17.3,32.0,3.575,1,0,1920,1080,1536.0,1,0,127.33567457123111,False,False,False,False,False,False,False,False,True,False,False,False,False,False,False,False,False,False,True,False,False,False,False,False,False,False,False,False,True,False,False,150358.42440000002
10.1,4.0,0.69,1,1,1920,1200,64.0,0,0,224.17380907857276,False,False,False,False,False,False,False,False,True,False,False,False,False,False,False,False,False,False,False,False,False,False,False,False,False,False,False,False,True,False,False,34433.2656
13.3,16.0,1.3,1,0,3840,2160,512.0,1,0,331.2642361026012,False,False,False,False,False,False,True,False,False,False,False,False,False,False,False,False,False,False,False,False,False,True,False,False,False,False,False,False,True,False,False,109170.72
15.6,8.0,2.18,0,0,1920,1080,256.0,1,0,141.21199808219862,False,False,False,True,False,False,False,False,False,False,False,False,False,False,False,False,False,False,False,False,True,False,False,False,False,False,False,False,True,False,False,39960.0
14.0,4.0,1.54,0,0,1920,1080,500.0,0,1,157.3505121487356,False,False,False,False,False,False,True,False,False,False,False,False,False,False,False,False,False,False,False,False,True,False,False,False,False,False,False,False,False,False,True,54931.1472
15.6,8.0,1.9,0,0,1920,1080,256.0,1,0,141.21199808219862,False,False,False,False,False,False,True,False,False,False,False,False,False,False,False,False,False,False,False,False,False,False,True,False,False,False,False,False,False,False,True,79653.6
14.0,8.0,1.7,0,0,1920,1080,180.0,1,0,157.3505121487356,False,False,False,False,False,False,False,False,True,False,False,False,False,False,False,False,False,False,False,False,True,False,False,False,False,False,False,False,False,False,True,63882.72
13.3,4.0,1.29,0,0,3200,1800,32.0,0,0,276.053530085501,False,False,False,False,False,False,True,False,False,False,False,False,False,False,False,False,False,False,False,False,True,False,False,True,False,False,False,False,False,False,False,32767.2
15.6,4.0,2.4,0,0,1366,768,500.0,0,1,100.45466986113651,False,False,False,False,False,False,False,False,False,False,False,False,False,False,False,False,False,False,False,False,True,False,False,False,False,False,False,False,True,False,False,20619.36
15.6,4.0,2.2,0,0,1366,768,500.0,0,1,100.45466986113651,False,False,False,True,False,False,False,False,False,False,False,False,False,False,False,False,False,False,False,False,True,False,False,False,True,False,False,False,False,False,False,20965.1472
15.6,4.0,1.86,0,0,1366,768,1024.0,0,1,100.45466986113651,False,False,False,False,False,False,True,False,False,False,False,False,False,False,False,False,False,False,False,False,True,False,False,False,False,False,False,True,False,False,False,18434.3472
17.3,8.0,2.7,1,0,1920,1080,1280.0,1,1,127.33567457123111,False,True,False,False,False,False,False,False,False,False,False,False,False,False,False,False,False,False,True,False,False,False,False,False,False,False,False,False,True,False,False,85194.72
13.3,4.0,1.4,1,0,1920,1080,256.0,1,0,165.6321180513006,False,False,False,True,False,False,False,False,False,False,False,False,False,False,False,False,False,False,False,False,False,True,False,False,False,False,False,False,True,False,False,43601.688
12.5,4.0,2.4,0,0,1366,768,128.0,1,0,125.36742798669837,False,False,False,False,False,False,True,False,False,False,False,False,False,False,False,False,False,False,False,True,False,False,False,False,False,False,False,False,False,False,True,85194.72
15.6,8.0,2.4,0,0,1920,1080,1280.0,1,1,141.21199808219862,False,False,False,False,False,False,False,False,False,False,False,False,False,False,False,False,False,False,False,False,True,False,False,False,False,False,False,False,True,False,False,42570.72
15.6,8.0,2.36,0,0,1920,1080,1024.0,0,1,141.21199808219862,False,False,False,True,False,False,False,False,False,False,False,False,False,False,False,False,False,False,False,False,True,False,False,False,False,False,False,False,True,False,False,34035.264
17.3,8.0,2.6,0,0,1920,1080,256.0,1,0,127.33567457123111,False,False,False,False,False,False,False,False,False,False,False,False,True,False,False,False,False,False,True,False,False,False,False,False,False,False,False,False,True,False,False,85194.72
15.6,4.0,1.96,0,0,1366,768,1024.0,0,1,100.45466986113651,False,False,False,False,False,False,True,False,False,False,False,False,False,False,False,False,False,False,False,False,True,False,False,False,False,False,False,False,True,False,False,26640.0
17.3,16.0,3.575,1,0,1920,1080,1152.0,1,1,127.33567457123111,False,True,False,False,False,False,False,False,False,False,False,False,False,False,False,False,False,False,True,False,False,False,False,False,False,False,False,False,True,False,False,122490.72
12.5,4.0,1.5,0,0,1366,768,500.0,0,1,125.36742798669837,False,False,False,True,False,False,False,False,False,False,False,False,False,False,False,False,False,False,False,False,False,True,False,False,False,False,False,False,False,False,True,60480.792
12.5,4.0,1.5,0,0,1366,768,128.0,1,0,125.36742798669837,False,False,False,True,False,False,False,False,False,False,False,False,False,False,False,False,False,False,False,False,False,True,False,False,False,False,False,False,False,False,True,62176.1616
15.6,4.0,2.2,0,0,1366,768,16.0,1,0,100.45466986113651,False,False,False,False,False,False,False,False,False,False,False,False,False,False,False,False,False,False,False,False,True,False,False,True,False,False,False,False,False,False,False,11135.52
17.3,8.0,3.0,1,0,1920,1080,1024.0,0,1,127.33567457123111,False,False,False,False,False,False,True,False,False,False,False,False,False,False,False,False,False,False,False,False,False,False,True,False,False,False,False,False,False,False,True,150358.42440000002
15.6,16.0,2.4,0,0,1920,1080,512.0,1,0,141.21199808219862,False,False,False,False,False,False,False,False,True,False,False,False,False,False,False,False,False,False,True,False,False,False,False,False,False,False,False,False,True,False,False,63882.72
12.5,8.0,1.5,0,0,1366,768,256.0,1,0,125.36742798669837,False,False,False,True,False,False,False,False,False,False,False,False,False,False,False,False,False,False,False,False,False,True,False,False,False,False,False,False,False,False,True,75289.968
17.3,8.0,2.9,0,0,1920,1080,1152.0,1,1,127.33567457123111,False,False,False,False,False,False,False,False,False,False,False,False,True,False,False,False,False,False,True,False,False,False,False,False,False,False,False,False,True,False,False,80516.2032
15.6,4.0,2.1,1,1,1920,1080,256.0,1,0,141.21199808219862,False,False,False,False,False,False,False,False,True,False,False,False,False,False,False,False,False,False,False,False,False,False,False,False,False,False,False,False,True,False,False,46193.76
15.6,4.0,2.1,0,0,1920,1080,1024.0,0,1,141.21199808219862,False,False,False,False,False,False,True,False,False,False,False,False,False,False,False,False,False,False,False,False,True,False,False,False,False,False,False,False,True,False,False,21205.44
15.6,16.0,2.59,1,0,1920,1080,1152.0,1,1,141.21199808219862,False,True,False,False,False,False,False,False,False,False,False,False,False,False,False,False,False,False,True,False,False,False,False,False,False,False,False,False,True,False,False,71341.92
13.3,8.0,1.16,0,1,3200,1800,256.0,1,0,276.053530085501,False,False,False,False,False,False,True,False,False,False,False,False,False,False,False,False,False,False,False,False,True,False,False,False,False,False,False,False,True,False,False,90522.72
15.6,4.0,2.24,0,0,1366,768,500.0,0,1,100.45466986113651,False,False,False,True,False,False,False,False,False,False,False,False,False,False,False,False,False,False,False,False,True,False,False,False,False,False,False,False,False,False,True,40980.312
15.6,4.0,2.1,0,0,1366,768,128.0,1,0,100.45466986113651,False,False,False,False,False,False,False,False,True,False,False,False,False,False,False,False,False,False,False,False,True,False,False,False,False,False,False,False,True,False,False,22857.12
13.3,8.0,1.16,0,0,1920,1080,512.0,1,0,165.6321180513006,False,False,False,False,False,False,True,False,False,False,False,False,False,False,False,False,False,False,False,False,False,True,False,False,False,False,False,False,True,False,False,104908.32
10.1,4.0,0.69,1,1,1920,1200,64.0,0,0,224.17380907857276,False,False,False,False,False,False,False,False,True,False,False,False,False,False,False,False,False,False,False,False,False,False,False,False,False,False,False,False,False,False,False,29250.72
13.3,8.0,1.23,0,0,1920,1080,256.0,1,0,165.6321180513006,False,False,False,True,False,False,False,False,False,False,False,False,False,False,False,False,False,False,False,False,False,True,False,False,False,False,False,False,True,False,False,73473.12
17.3,16.0,3.575,1,0,1920,1080,1280.0,1,0,127.33567457123111,False,False,False,False,False,False,False,False,True,False,False,False,False,False,False,False,False,False,True,False,False,False,False,False,False,False,False,False,True,False,False,146519.4672
12.5,8.0,1.25,0,1,3840,2160,256.0,1,0,352.4651472131677,False,False,False,False,False,False,False,False,False,False,False,False,False,True,False,False,False,False,False,False,False,True,False,False,False,False,False,False,True,False,False,54825.12
13.3,16.0,1.05,0,0,1920,1080,512.0,1,0,165.6321180513006,False,False,False,False,False,False,False,False,False,False,False,False,False,False,False,True,False,False,False,False,False,True,False,False,False,False,False,False,True,False,False,118601.28
17.3,8.0,3.52,0,0,1920,1080,1152.0,1,1,127.33567457123111,False,True,False,False,False,False,False,False,False,False,False,False,False,False,False,False,False,False,True,False,False,False,False,False,False,False,False,False,True,False,False,69929.4672
13.3,4.0,1.35,0,0,1920,1080,32.0,0,0,165.6321180513006,False,False,False,False,False,False,False,False,False,False,False,False,False,False,False,False,True,False,False,False,True,False,False,False,False,False,False,False,True,False,False,10442.88
13.3,8.0,1.16,0,0,1920,1080,256.0,1,0,165.6321180513006,False,False,False,False,False,False,True,False,False,False,False,False,False,False,False,False,False,False,False,False,True,False,False,False,False,False,False,False,True,False,False,90043.2
14.0,8.0,1.43,0,0,1920,1080,256.0,1,0,157.3505121487356,False,False,False,False,False,False,True,False,False,False,False,False,False,False,False,False,False,False,False,False,True,False,False,False,False,False,False,False,False,False,True,80612.64
15.6,4.0,2.09,0,0,1366,768,500.0,0,1,100.45466986113651,False,False,False,True,False,False,False,False,False,False,False,False,False,False,False,False,False,False,False,False,True,False,False,False,True,False,False,False,False,False,False,27899.0064
15.6,4.0,2.0,0,0,1366,768,1024.0,0,1,100.45466986113651,False,True,False,False,False,False,False,False,False,False,False,False,False,False,False,False,False,False,False,False,True,False,False,False,False,False,False,False,True,False,False,23176.8
14.0,8.0,1.8,1,1,1920,1080,256.0,1,0,157.3505121487356,False,False,False,False,False,False,False,False,True,False,False,False,False,False,False,False,False,False,False,False,False,False,False,False,False,False,False,False,True,False,False,88924.32
10.1,4.0,0.69,1,1,1920,1200,64.0,0,0,224.17380907857276,False,False,False,False,False,False,False,False,True,False,False,False,False,False,False,False,False,False,False,False,False,False,False,False,False,False,False,False,True,False,False,25521.12
12.5,8.0,1.26,0,0,1366,768,256.0,1,0,125.36742798669837,False,False,False,False,False,False,True,False,False,False,False,False,False,False,False,False,False,False,False,False,False,True,False,False,False,False,False,False,False,False,True,100965.6
15.6,8.0,2.4,1,0,1920,1080,1152.0,1,1,141.21199808219862,False,False,False,False,False,False,False,False,True,False,False,False,False,False,False,False,False,False,True,False,False,False,False,False,False,False,False,True,False,False,False,52693.92
17.3,8.0,3.35,1,0,1920,1080,1152.0,1,1,127.33567457123111,False,False,False,False,False,False,True,False,False,False,False,False,False,False,False,False,False,False,True,False,False,False,False,False,False,False,False,False,True,False,False,60153.12
15.6,8.0,2.04,0,0,1366,768,2048.0,0,1,100.45466986113651,False,False,False,False,False,False,True,False,False,False,False,False,False,False,False,False,False,False,False,False,True,False,False,False,False,False,False,False,True,False,False,33513.12
14.0,8.0,1.8,1,1,1920,1080,512.0,1,0,157.3505121487356,False,False,False,False,False,False,False,False,True,False,False,False,False,False,False,False,False,False,False,False,False,False,False,False,False,False,False,False,False,False,True,109244.2464
14.0,4.0,1.5,0,0,1366,768,32.0,0,0,111.93520355955211,False,True,False,False,False,False,False,False,False,False,False,False,False,False,False,False,False,False,False,False,True,False,False,False,False,False,False,False,True,False,False,14811.84
15.6,8.0,1.84,0,0,1920,1080,256.0,1,0,141.21199808219862,False,False,False,False,False,False,True,False,False,False,False,False,False,False,False,False,False,False,False,False,False,True,False,False,False,False,False,False,True,False,False,40066.56
15.6,4.0,2.23,0,0,1920,1080,1024.0,0,1,141.21199808219862,False,False,False,False,False,False,False,False,False,False,False,False,False,False,False,False,False,False,False,False,True,False,False,False,False,False,False,False,True,False,False,32820.48
15.6,16.0,2.5,0,0,1920,1080,1024.0,0,0,141.21199808219862,False,False,False,False,False,False,False,False,True,False,False,False,False,False,False,False,False,False,False,False,True,False,False,False,False,False,False,False,True,False,False,58554.72
17.3,8.0,3.0,1,0,1920,1080,256.0,1,0,127.33567457123111,False,False,False,False,False,False,True,False,False,False,False,False,False,False,False,False,False,False,False,False,False,False,True,False,False,False,False,False,False,False,True,150358.42440000002
15.6,8.0,2.5,0,0,1366,768,1024.0,0,1,100.45466986113651,False,False,False,True,False,False,False,False,False,False,False,False,False,False,False,False,False,False,False,False,True,False,False,False,False,False,False,False,True,False,False,41771.52
17.3,16.0,3.575,0,0,1920,1080,1280.0,1,1,127.33567457123111,False,False,False,False,False,False,False,False,False,False,False,False,True,False,False,False,False,False,True,False,False,False,False,False,False,False,False,False,True,False,False,127818.72
15.6,8.0,1.88,0,0,1920,1080,256.0,1,0,141.21199808219862,False,False,False,False,False,False,True,False,False,False,False,False,False,False,False,False,False,False,False,False,False,True,False,False,False,False,False,False,False,False,True,115709.2416
14.0,16.0,2.8,1,1,2560,1440,512.0,1,0,209.8006828649808,False,False,False,False,False,False,False,False,True,False,False,False,False,False,False,False,False,False,False,False,False,False,False,False,False,False,False,False,True,False,False,130003.2
15.6,8.0,2.4,0,0,1920,1080,1152.0,1,1,141.21199808219862,False,False,False,False,False,False,False,False,False,False,False,False,True,False,False,False,False,False,True,False,False,False,False,False,False,False,False,False,True,False,False,60888.384
13.3,8.0,1.48,0,1,1920,1080,256.0,1,0,165.6321180513006,False,False,False,False,False,False,True,False,False,False,False,False,False,False,False,False,False,False,False,False,False,False,False,False,False,False,False,False,True,False,False,86793.12
15.6,8.0,2.59,1,0,1920,1080,256.0,1,0,141.21199808219862,False,False,False,False,False,False,True,False,False,False,False,False,False,False,False,False,False,False,False,False,False,False,True,False,False,False,False,False,False,False,True,118761.12
13.3,8.0,1.48,0,1,2560,1440,256.0,1,0,220.84282406840083,False,False,False,False,False,False,True,False,False,False,False,False,False,False,False,False,False,False,False,False,False,False,False,False,False,False,False,False,True,False,False,95850.72
15.6,8.0,2.0,0,0,1920,1080,256.0,1,0,141.21199808219862,False,False,False,False,False,False,True,False,False,False,False,False,False,False,False,False,False,False,False,False,False,False,True,False,False,False,False,False,False,False,True,101178.72
12.5,8.0,1.26,0,0,1920,1080,256.0,1,0,176.23257360658386,False,False,False,False,False,False,True,False,False,False,False,False,False,False,False,False,False,False,False,False,False,True,False,False,False,False,False,False,False,False,True,122381.496
15.6,8.0,2.18,0,0,1920,1080,256.0,1,0,141.21199808219862,False,False,False,True,False,False,False,False,False,False,False,False,False,False,False,False,False,False,False,False,True,False,False,False,False,False,False,False,True,False,False,53807.472
15.6,8.0,1.88,0,0,1920,1080,256.0,1,0,141.21199808219862,False,False,False,False,False,False,True,False,False,False,False,False,False,False,False,False,False,False,False,False,True,False,False,False,False,False,False,False,False,False,True,84129.12
14.0,8.0,1.27,1,1,2560,1440,256.0,1,0,209.8006828649808,False,False,False,False,False,False,False,False,True,False,False,False,False,False,False,False,False,False,False,False,False,False,False,False,False,False,False,False,True,False,False,124621.92
15.6,4.0,1.9,0,0,1366,768,1024.0,0,1,100.45466986113651,False,False,False,False,False,False,False,False,True,False,False,False,False,False,False,False,False,False,False,False,True,False,False,False,False,False,False,True,False,False,False,18061.92
15.6,4.0,1.86,0,0,1366,768,500.0,0,1,100.45466986113651,False,False,False,False,False,False,True,False,False,False,False,False,False,False,False,False,False,False,False,False,True,False,False,False,False,False,False,False,True,False,False,15824.16
15.6,8.0,2.32,0,0,1920,1080,1024.0,0,1,141.21199808219862,False,False,False,False,False,False,False,False,True,False,False,False,False,False,False,False,False,False,False,False,True,False,False,False,False,False,False,True,False,False,False,31914.72
15.6,8.0,2.62,0,0,1920,1080,1024.0,0,1,141.21199808219862,False,False,False,True,False,False,False,False,False,False,False,False,False,False,False,False,False,False,True,False,False,False,False,False,False,False,False,False,True,False,False,63882.72
15.6,8.0,2.04,1,1,3840,2160,256.0,1,0,282.42399616439724,False,False,False,True,False,False,False,False,False,False,False,False,False,False,False,False,False,False,False,False,True,False,False,False,False,False,False,False,True,False,False,119916.2304
15.6,4.0,1.91,0,0,1920,1080,256.0,1,0,141.21199808219862,False,False,False,False,False,False,True,False,False,False,False,False,False,False,False,False,False,False,False,False,True,False,False,False,False,False,False,False,True,False,False,25515.2592
17.3,16.0,2.7,0,0,1920,1080,1280.0,1,1,127.33567457123111,False,False,False,False,False,False,False,False,False,False,False,False,True,False,False,False,False,False,True,False,False,False,False,False,False,False,False,False,True,False,False,79536.384
14.0,12.0,1.4,0,0,1920,1080,512.0,1,0,157.3505121487356,False,False,False,False,False,False,False,False,True,False,False,False,False,False,False,False,False,False,False,False,False,True,False,False,False,False,False,False,False,False,True,122490.72
15.6,8.0,2.5,0,0,1920,1080,1024.0,0,0,141.21199808219862,False,False,False,False,False,False,False,False,True,False,False,False,False,False,False,False,False,False,False,False,True,False,False,False,False,False,False,False,True,False,False,42010.7472
13.3,8.0,1.48,0,1,2560,1440,512.0,1,0,220.84282406840083,False,False,False,False,False,False,True,False,False,False,False,False,False,False,False,False,False,False,False,False,False,False,False,False,False,False,False,False,True,False,False,108744.48
14.0,8.0,1.7,0,0,1920,1080,256.0,1,0,157.3505121487356,False,False,False,False,False,False,False,False,True,False,False,False,False,False,False,False,False,False,False,False,False,True,False,False,False,False,False,False,False,False,True,79866.72
14.0,16.0,1.7,0,0,1920,1080,1280.0,1,1,157.3505121487356,False,False,False,False,False,False,False,False,False,False,False,False,True,False,False,False,False,False,True,False,False,False,False,False,False,False,False,False,True,False,False,94252.32
15.6,8.0,2.62,1,0,1920,1080,1024.0,0,1,141.21199808219862,False,False,False,False,False,False,True,False,False,False,False,False,False,False,False,False,False,False,True,False,False,False,False,False,False,False,False,False,True,False,False,47898.72
15.6,8.0,2.2,0,0,1366,768,1024.0,0,1,100.45466986113651,False,False,False,False,False,False,False,False,True,False,False,False,False,False,False,False,False,False,False,False,True,False,False,False,False,False,False,False,True,False,False,24455.52
15.6,4.0,2.1,0,0,1366,768,500.0,0,1,100.45466986113651,False,False,False,False,False,False,True,False,False,False,False,False,False,False,False,False,False,False,False,False,True,False,False,False,False,False,False,True,False,False,False,25414.0272
15.6,8.0,2.62,0,0,3840,2160,1152.0,1,1,282.42399616439724,False,False,False,True,False,False,False,False,False,False,False,False,False,False,False,False,False,False,True,False,False,False,False,False,False,False,False,False,True,False,False,79813.44
15.6,8.0,1.95,1,0,1920,1080,256.0,1,0,141.21199808219862,False,False,False,False,False,False,False,False,True,False,False,False,False,False,False,False,False,False,False,False,True,False,False,False,False,False,False,False,True,False,False,74059.2
15.6,4.0,2.2,0,0,1920,1080,1024.0,0,1,141.21199808219862,False,False,False,False,False,False,False,False,True,False,False,False,False,False,False,False,False,False,False,False,True,False,False,False,False,False,False,False,True,False,False,24935.04
14.0,2.0,1.44,0,0,1366,768,32.0,0,0,111.93520355955211,False,False,False,False,False,False,True,False,False,False,False,False,False,False,False,False,False,False,False,False,True,False,False,False,False,False,False,False,True,False,False,13266.72
15.6,8.0,2.2,1,0,1920,1080,1024.0,0,1,141.21199808219862,False,False,False,False,False,False,False,False,False,False,False,False,True,False,False,False,False,False,True,False,False,False,False,False,False,False,False,False,True,False,False,44701.92
15.6,8.0,1.96,0,0,1920,1080,256.0,1,0,141.21199808219862,False,False,False,False,False,False,True,False,False,False,False,False,False,False,False,False,False,False,False,False,True,False,False,False,False,False,False,False,True,False,False,36177.12
15.6,16.0,2.1,0,0,1920,1080,512.0,1,0,141.21199808219862,False,False,False,False,False,False,True,False,False,False,False,False,False,False,False,False,False,False,False,False,True,False,False,False,False,False,False,False,True,False,False,61751.52
15.6,4.0,2.2,0,0,1366,768,500.0,0,1,100.45466986113651,False,True,False,False,False,False,False,False,False,False,False,False,False,False,False,False,False,False,False,False,True,False,False,False,False,False,False,False,True,False,False,19660.32
15.6,4.0,2.1,0,0,1366,768,500.0,0,1,100.45466986113651,False,False,False,False,False,False,False,False,True,False,False,False,False,False,False,False,False,False,False,False,True,False,False,False,False,False,False,True,False,False,False,21205.44
15.6,8.0,2.2,0,0,1920,1080,1024.0,0,1,141.21199808219862,False,False,False,False,False,False,False,False,True,False,False,False,False,False,False,False,False,False,False,False,True,False,False,False,False,False,False,True,False,False,False,37775.52
14.0,4.0,2.0,0,0,1920,1080,256.0,1,0,157.3505121487356,False,True,False,False,False,False,False,False,False,False,False,False,False,False,False,False,False,False,False,False,True,False,False,False,False,False,False,False,True,False,False,40972.32
15.6,4.0,2.32,0,0,1920,1080,1024.0,0,0,141.21199808219862,False,False,False,False,False,False,False,False,True,False,False,False,False,False,False,False,False,False,False,False,True,False,False,False,False,False,False,False,False,False,True,43956.0
15.6,16.0,3.31,1,0,1920,1080,512.0,1,0,141.21199808219862,False,False,False,False,False,False,False,False,True,False,False,False,False,False,False,False,False,False,True,False,False,False,False,False,False,False,False,False,True,False,False,69530.4
15.6,16.0,1.91,0,0,1920,1080,1152.0,1,1,141.21199808219862,False,False,False,False,False,False,False,False,False,False,False,False,True,False,False,False,False,False,True,False,False,False,False,False,False,False,False,False,True,False,False,114731.5536
15.6,4.0,2.07,0,0,1366,768,500.0,0,1,100.45466986113651,False,False,False,False,False,False,True,False,False,False,False,False,False,False,False,False,False,False,False,False,True,False,False,False,False,False,False,False,True,False,False,34632.0
14.0,8.0,1.36,1,1,2560,1440,256.0,1,0,209.8006828649808,False,False,False,False,False,False,False,False,True,False,False,False,False,False,False,False,False,False,False,False,False,False,False,False,False,False,False,False,True,False,False,87219.36
15.6,6.0,1.54,0,0,1920,1080,256.0,1,0,141.21199808219862,False,False,False,False,False,False,False,False,True,False,False,False,False,False,False,False,False,False,False,False,False,True,False,False,False,False,False,False,True,False,False,44275.68
15.6,8.0,1.98,0,0,1920,1080,256.0,1,0,141.21199808219862,False,False,False,True,False,False,False,False,False,False,False,False,False,False,False,False,False,False,False,False,True,False,False,False,True,False,False,False,False,False,False,47686.1328
15.6,4.0,2.1,0,0,1366,768,500.0,0,1,100.45466986113651,False,False,False,False,False,False,False,False,False,False,False,False,False,False,False,False,False,False,False,False,True,False,False,False,False,False,False,False,True,False,False,17742.24
15.6,6.0,2.18,1,0,1920,1080,1024.0,0,1,141.21199808219862,False,False,False,False,False,False,True,False,False,False,False,False,False,False,False,False,False,False,False,False,True,False,False,False,False,False,False,False,True,False,False,42570.72
15.6,8.0,2.591,1,0,1920,1080,1280.0,1,1,141.21199808219862,False,True,False,False,False,False,False,False,False,False,False,False,False,False,False,False,False,False,True,False,False,False,False,False,False,False,False,False,True,False,False,48431.52
15.6,16.0,2.09,0,1,1920,1080,512.0,1,0,141.21199808219862,False,False,False,True,False,False,False,False,False,False,False,False,False,False,False,False,False,False,False,False,False,False,False,False,False,False,False,False,True,False,False,62817.12
15.6,4.0,2.23,0,0,1920,1080,256.0,1,0,141.21199808219862,False,False,False,False,False,False,False,False,False,False,False,False,False,False,False,False,False,False,False,False,True,False,False,False,False,False,False,False,True,False,False,36816.48
13.3,8.0,1.23,0,1,3200,1800,256.0,1,0,276.053530085501,False,False,False,True,False,False,False,False,False,False,False,False,False,False,False,False,False,False,False,False,False,True,False,False,True,False,False,False,False,False,False,58554.72
17.3,16.0,3.575,1,0,1920,1080,1280.0,1,1,127.33567457123111,False,False,False,False,False,False,False,False,False,False,False,False,False,False,False,False,False,False,True,False,False,False,False,False,False,False,False,False,True,False,False,138474.72
15.6,8.0,2.4,1,0,1920,1080,1024.0,0,1,141.21199808219862,False,False,False,False,False,False,False,False,True,False,False,False,False,False,False,False,False,False,True,False,False,False,False,False,False,False,False,False,True,False,False,43636.32
12.3,4.0,1.15,1,1,2400,1600,32.0,0,0,234.50740003017813,False,False,False,False,False,False,False,False,False,False,False,False,False,False,True,False,False,False,False,False,False,False,False,True,False,False,False,False,False,False,False,35111.52
15.6,4.0,1.86,0,0,1366,768,500.0,0,1,100.45466986113651,False,False,False,False,False,False,True,False,False,False,False,False,False,False,False,False,False,False,False,False,True,False,False,False,False,False,False,False,True,False,False,25840.8
12.0,8.0,0.92,1,0,2304,1440,256.0,0,0,226.41554716935852,True,False,False,False,False,False,False,False,False,False,False,False,False,False,False,False,False,False,False,False,False,True,False,False,False,True,False,False,False,False,False,61964.64
13.3,8.0,1.6,1,1,1920,1080,256.0,1,0,165.6321180513006,False,False,False,True,False,False,False,False,False,False,False,False,False,False,False,False,False,False,False,False,False,False,False,False,False,False,False,False,True,False,False,63882.72
15.6,12.0,2.21,1,0,1920,1080,1152.0,1,1,141.21199808219862,False,False,False,False,False,False,True,False,False,False,False,False,False,False,False,False,False,False,False,False,True,False,False,False,False,False,False,False,True,False,False,70702.56
15.6,4.0,1.9,0,0,1366,768,1024.0,0,1,100.45466986113651,False,False,False,False,False,False,False,False,True,False,False,False,False,False,False,False,False,False,False,False,True,False,False,False,False,False,False,True,False,False,False,19607.04
17.3,16.0,3.575,1,0,1920,1080,1536.0,1,1,127.33567457123111,False,True,False,False,False,False,False,False,False,False,False,False,False,False,False,False,False,False,True,False,False,False,False,False,False,False,False,False,True,False,False,114552.0
15.6,4.0,2.1,0,0,1366,768,1024.0,0,1,100.45466986113651,False,False,False,False,False,False,False,False,False,False,False,False,False,False,False,False,False,False,False,False,True,False,False,False,True,False,False,False,False,False,False,14492.16
17.3,16.0,2.43,0,0,1920,1080,1280.0,1,1,127.33567457123111,False,False,False,False,False,False,False,False,False,False,False,False,True,False,False,False,False,False,True,False,False,False,False,False,False,False,False,False,True,False,False,109165.392
15.6,4.0,2.3,0,0,1366,768,128.0,1,0,100.45466986113651,False,False,False,True,False,False,False,False,False,False,False,False,False,False,False,False,False,False,False,False,True,False,False,False,False,False,False,False,True,False,False,26586.72
15.6,8.0,2.2,0,0,1366,768,500.0,0,1,100.45466986113651,False,False,False,False,False,False,False,False,True,False,False,False,False,False,False,False,False,False,False,False,True,False,False,False,False,False,False,True,False,False,False,33513.12
13.3,16.0,1.2,0,1,3200,1800,512.0,1,0,276.053530085501,False,False,False,True,False,False,False,False,False,False,False,False,False,False,False,False,False,False,False,False,False,True,False,False,False,False,False,False,True,False,False,142790.4
15.6,8.0,2.2,0,0,1920,1080,1024.0,0,1,141.21199808219862,False,True,False,False,False,False,False,False,False,False,False,False,False,False,False,False,False,False,True,False,False,False,False,False,False,False,False,False,True,False,False,62284.32
15.6,8.0,2.36,0,0,1920,1080,256.0,1,0,141.21199808219862,False,False,False,True,False,False,False,False,False,False,False,False,False,False,False,False,False,False,False,False,True,False,False,False,False,False,False,False,True,False,False,47365.92
15.6,8.0,1.91,0,0,1366,768,256.0,1,0,100.45466986113651,False,False,False,False,False,False,True,False,False,False,False,False,False,False,False,False,False,False,False,False,True,False,False,False,False,False,False,False,True,False,False,30849.12
15.6,4.0,2.2,0,0,1366,768,500.0,0,1,100.45466986113651,False,False,False,False,False,False,False,False,True,False,False,False,False,False,False,False,False,False,False,False,True,False,False,False,False,False,False,False,True,False,False,15930.72
17.3,8.0,3.3,0,0,1600,900,1024.0,0,1,106.11306214269258,False,False,False,False,False,False,False,False,False,False,False,False,False,False,False,False,False,False,False,False,True,False,False,False,False,False,False,False,True,False,False,33513.12
15.6,16.0,2.2,0,0,1920,1080,1280.0,1,1,141.21199808219862,False,True,False,False,False,False,False,False,False,False,False,False,False,False,False,False,False,False,True,False,False,False,False,False,False,False,False,False,True,False,False,130482.72
12.0,8.0,0.92,1,0,2304,1440,512.0,0,0,226.41554716935852,True,False,False,False,False,False,False,False,False,False,False,False,False,False,False,False,False,False,False,False,False,True,False,False,False,True,False,False,False,False,False,68145.12
15.6,16.0,2.2,0,0,1920,1080,1152.0,1,1,141.21199808219862,False,True,False,False,False,False,False,False,False,False,False,False,False,False,False,False,False,False,False,False,True,False,False,False,False,False,False,False,True,False,False,93186.72
17.3,16.0,2.43,1,0,1920,1080,1280.0,1,1,127.33567457123111,False,False,False,False,False,False,False,False,False,False,False,False,True,False,False,False,False,False,True,False,False,False,False,False,False,False,False,False,True,False,False,103842.1872
15.6,8.0,2.191,1,1,1920,1080,256.0,1,0,141.21199808219862,False,False,False,True,False,False,False,False,False,False,False,False,False,False,False,False,False,False,False,False,False,False,False,False,False,False,False,False,True,False,False,53226.72
17.3,16.0,2.9,0,0,1920,1080,1280.0,1,1,127.33567457123111,False,True,False,False,False,False,False,False,False,False,False,False,False,False,False,False,False,False,True,False,False,False,False,False,False,False,False,False,True,False,False,103842.72
11.6,2.0,1.3,0,0,1366,768,32.0,1,0,135.0942111925629,False,False,False,False,False,False,False,False,False,False,False,False,False,False,False,False,False,False,False,True,False,False,False,True,False,False,False,False,False,False,False,9270.72
17.3,4.0,3.3,0,0,1600,900,1024.0,0,1,106.11306214269258,False,False,False,False,False,False,False,False,False,False,False,False,False,False,False,False,False,False,False,False,True,False,False,False,False,False,False,False,True,False,False,31861.44
17.3,8.0,2.8,0,0,1600,900,1024.0,0,1,106.11306214269258,False,False,False,False,False,False,False,False,True,False,False,False,False,False,False,False,False,False,False,False,True,False,False,False,False,False,False,True,False,False,False,28717.92
15.6,8.0,2.6,1,0,1920,1080,1152.0,1,1,141.21199808219862,False,False,False,False,False,False,False,False,True,False,False,False,False,False,False,False,False,False,True,False,False,False,False,False,False,False,False,False,True,False,False,67772.16
14.0,8.0,1.2,1,1,1920,1080,256.0,1,0,157.3505121487356,False,False,False,False,False,False,False,False,False,False,False,False,False,False,False,False,False,False,False,False,False,False,False,False,False,False,False,False,True,False,False,61218.72
15.6,8.0,2.3,1,0,1920,1080,256.0,1,0,141.21199808219862,False,False,False,False,False,False,False,False,True,False,False,False,False,False,False,False,False,False,False,False,True,False,False,False,False,False,False,False,True,False,False,81465.12
15.6,8.0,2.2,0,0,1920,1080,1152.0,1,1,141.21199808219862,False,False,False,False,False,False,False,False,False,False,False,False,True,False,False,False,False,False,True,False,False,False,False,False,False,False,False,False,True,False,False,78647.1408
15.6,6.0,2.1,0,0,1920,1080,1024.0,0,1,141.21199808219862,False,False,False,False,False,False,True,False,False,False,False,False,False,False,False,False,False,False,False,False,True,False,False,False,False,False,False,False,True,False,False,28185.12
12.5,8.0,1.26,0,1,1920,1080,256.0,1,0,176.23257360658386,False,False,False,True,False,False,False,False,False,False,False,False,False,False,False,False,False,False,False,False,False,True,False,False,False,False,False,False,False,False,True,91288.3536
15.0,4.0,2.08,0,1,1920,1080,500.0,0,1,146.86047800548656,False,False,False,True,False,False,False,False,False,False,False,False,False,False,False,False,False,False,False,False,False,False,False,False,False,False,False,False,True,False,False,27119.52
15.6,4.0,2.65,0,0,1366,768,1024.0,0,1,100.45466986113651,False,True,False,False,False,False,False,False,False,False,False,False,False,False,False,False,False,False,False,False,True,False,False,False,False,False,False,False,True,False,False,16463.52
13.3,8.0,1.29,0,1,3200,1800,256.0,1,0,276.053530085501,False,False,False,True,False,False,False,False,False,False,False,False,False,False,False,False,False,False,False,False,False,True,False,False,False,False,False,False,True,False,False,78694.56
15.6,4.0,2.18,0,0,1366,768,1024.0,0,1,100.45466986113651,False,False,False,True,False,False,False,False,False,False,False,False,False,False,False,False,False,False,False,False,True,False,False,False,True,False,False,False,False,False,False,27804.7008
15.6,16.0,2.6,1,1,1920,1080,1152.0,1,1,141.21199808219862,False,False,False,False,False,False,False,False,True,False,False,False,False,False,False,False,False,False,True,False,False,False,False,False,False,False,False,False,True,False,False,54825.12
15.6,8.0,2.2,0,0,1920,1080,1152.0,1,1,141.21199808219862,False,False,False,False,False,False,False,False,False,False,False,False,True,False,False,False,False,False,True,False,False,False,False,False,False,False,False,False,True,False,False,61218.72
12.5,16.0,1.3,1,1,1920,1080,512.0,1,0,176.23257360658386,False,False,False,False,False,False,False,False,True,False,False,False,False,False,False,False,False,False,False,True,False,False,False,False,False,False,False,False,True,False,False,87912.0
14.0,16.0,1.95,0,0,1920,1080,1024.0,1,0,157.3505121487356,False,False,False,False,False,False,False,False,False,False,False,False,False,True,False,False,False,False,True,False,False,False,False,False,False,False,False,False,True,False,False,150358.42440000002
15.6,8.0,2.3,0,1,1366,768,1024.0,0,1,100.45466986113651,False,False,False,True,False,False,False,False,False,False,False,False,False,False,False,False,False,False,False,False,True,False,False,False,False,False,False,False,True,False,False,24988.8528
17.3,16.0,2.7,0,0,1920,1080,1280.0,1,1,127.33567457123111,False,False,False,False,False,False,False,False,False,False,False,False,True,False,False,False,False,False,True,False,False,False,False,False,False,False,False,False,True,False,False,85141.44
11.6,4.0,1.08,0,0,1366,768,256.0,0,0,135.0942111925629,True,False,False,False,False,False,False,False,False,False,False,False,False,False,False,False,False,False,False,False,False,True,False,False,False,True,False,False,False,False,False,51095.52
15.6,4.0,2.1,0,0,1920,1080,1024.0,0,1,141.21199808219862,False,False,False,False,False,False,True,False,False,False,False,False,False,False,False,False,False,False,False,False,True,False,False,False,False,False,False,False,True,False,False,25467.84
14.0,8.0,1.54,0,0,2560,1440,256.0,1,0,209.8006828649808,False,False,False,False,False,False,True,False,False,False,False,False,False,False,False,False,False,False,False,False,False,True,False,False,False,False,False,False,False,False,True,117119.5632
15.6,4.0,2.24,0,0,1366,768,500.0,0,1,100.45466986113651,False,False,False,True,False,False,False,False,False,False,False,False,False,False,False,False,False,False,False,False,True,False,False,False,False,False,False,False,False,False,True,39267.36
15.6,8.0,2.3,0,0,1920,1080,1152.0,1,1,141.21199808219862,False,False,False,False,False,False,False,False,False,False,False,False,True,False,False,False,False,False,True,False,False,False,False,False,False,False,False,False,True,False,False,62284.32
13.3,16.0,1.4,1,0,1920,1080,512.0,1,0,165.6321180513006,False,False,False,False,False,False,False,False,True,False,False,False,False,False,False,False,False,False,False,False,True,False,False,False,False,False,False,False,True,False,False,79866.72
15.6,6.0,2.2,0,0,1920,1080,256.0,1,0,141.21199808219862,False,False,False,False,False,False,False,False,True,False,False,False,False,False,False,False,False,False,False,False,True,False,False,False,False,False,False,False,True,False,False,31838.5296
13.3,8.0,1.45,0,0,1920,1080,256.0,1,0,165.6321180513006,False,True,False,False,False,False,False,False,False,False,False,False,False,False,False,False,False,False,False,False,False,True,False,False,False,False,False,False,True,False,False,68198.4
15.6,4.0,2.4,0,0,1366,768,500.0,0,1,100.45466986113651,False,False,False,False,False,False,False,False,False,False,False,False,False,False,False,False,False,False,False,False,True,False,False,False,True,False,False,False,False,False,False,19276.704
17.3,16.0,2.77,0,1,1920,1080,512.0,1,0,127.33567457123111,False,False,False,True,False,False,False,False,False,False,False,False,False,False,False,False,False,False,False,False,False,False,False,False,False,False,False,False,True,False,False,95850.72
14.0,4.0,1.54,0,0,1920,1080,256.0,1,0,157.3505121487356,False,False,False,False,False,False,True,False,False,False,False,False,False,False,False,False,False,False,False,False,True,False,False,False,False,False,False,False,False,False,True,58607.4672
14.0,4.0,1.6,0,0,1366,768,500.0,0,1,111.93520355955211,False,False,False,True,False,False,False,False,False,False,False,False,False,False,False,False,False,False,False,False,True,False,False,False,False,False,False,False,True,False,False,46620.0
15.6,16.0,2.34,1,0,1920,1080,1280.0,1,1,141.21199808219862,False,True,False,False,False,False,False,False,False,False,False,False,False,False,False,False,False,False,True,False,False,False,False,False,False,False,False,False,True,False,False,123876.0
15.6,8.0,2.3,1,0,1920,1080,256.0,1,0,141.21199808219862,False,False,False,False,False,False,False,False,True,False,False,False,False,False,False,False,False,False,False,False,True,False,False,False,False,False,False,True,False,False,False,30529.44
13.3,8.0,1.24,0,1,3200,1800,256.0,1,0,276.053530085501,False,False,False,True,False,False,False,False,False,False,False,False,False,False,False,False,False,False,False,False,False,False,False,False,False,False,False,False,True,False,False,96596.64
15.6,4.0,2.2,0,0,1366,768,500.0,0,1,100.45466986113651,False,False,False,True,False,False,False,False,False,False,False,False,False,False,False,False,False,False,False,False,True,False,False,False,True,False,False,False,False,False,False,17262.72
15.6,4.0,1.86,0,0,1366,768,500.0,0,1,100.45466986113651,False,False,False,False,False,False,True,False,False,False,False,False,False,False,False,False,False,False,False,False,True,False,False,False,False,False,False,False,True,False,False,21258.72
15.6,6.0,2.4,0,0,1920,1080,128.0,1,0,141.21199808219862,False,False,False,False,False,False,False,False,True,False,False,False,False,False,False,False,False,False,False,False,True,False,False,False,False,False,False,False,True,False,False,30316.32
14.0,8.0,1.9,1,0,1920,1080,256.0,1,0,157.3505121487356,False,False,False,False,False,False,False,False,True,False,False,False,False,False,False,False,False,False,False,False,True,False,False,False,False,False,False,False,True,False,False,57116.16
15.6,4.0,2.2,0,0,1366,768,500.0,0,1,100.45466986113651,False,False,False,True,False,False,False,False,False,False,False,False,False,False,False,False,False,False,False,False,True,False,False,False,False,False,False,False,True,False,False,23655.7872
15.6,4.0,2.0,0,0,1366,768,1024.0,0,1,100.45466986113651,False,True,False,False,False,False,False,False,False,False,False,False,False,False,False,False,False,False,False,False,True,False,False,False,False,False,False,False,True,False,False,18061.92
17.3,16.0,3.575,1,0,1920,1080,1152.0,1,1,127.33567457123111,False,True,False,False,False,False,False,False,False,False,False,False,False,False,False,False,False,False,True,False,False,False,False,False,False,False,False,False,True,False,False,101232.0
15.6,4.0,2.29,0,0,1366,768,500.0,0,1,100.45466986113651,False,False,False,True,False,False,False,False,False,False,False,False,False,False,False,False,False,False,False,False,True,False,False,False,False,False,False,False,True,False,False,26107.2
15.6,8.0,2.32,0,0,1920,1080,1024.0,0,0,141.21199808219862,False,False,False,False,False,False,False,False,True,False,False,False,False,False,False,False,False,False,False,False,True,False,False,False,False,False,False,False,False,False,True,47685.6
15.6,8.0,2.4,0,0,1920,1080,1152.0,1,1,141.21199808219862,False,False,False,False,False,False,False,False,False,False,False,False,True,False,False,False,False,False,True,False,False,False,False,False,False,False,False,False,True,False,False,65481.12
14.0,4.0,1.8,0,1,1920,1080,128.0,1,0,157.3505121487356,False,False,False,False,False,False,False,False,True,False,False,False,False,False,False,False,False,False,False,False,False,False,False,False,False,False,False,False,True,False,False,44382.7728
13.3,8.0,1.2,1,0,1920,1080,512.0,1,0,165.6321180513006,False,True,False,False,False,False,False,False,False,False,False,False,False,False,False,False,False,False,False,False,False,True,False,False,False,False,False,False,True,False,False,38841.12
15.6,6.0,2.3,0,0,1366,768,1024.0,0,1,100.45466986113651,False,False,False,True,False,False,False,False,False,False,False,False,False,False,False,False,False,False,False,False,True,False,False,False,False,False,False,False,True,False,False,24455.52
15.6,4.0,2.4,0,0,1366,768,500.0,0,1,100.45466986113651,False,False,False,False,False,False,False,False,False,False,False,False,False,False,False,False,False,False,False,False,True,False,False,False,True,False,False,False,False,False,False,15397.92
15.6,2.0,2.2,0,0,1366,768,500.0,0,1,100.45466986113651,False,False,False,True,False,False,False,False,False,False,False,False,False,False,False,False,False,False,False,False,True,False,False,False,False,False,False,False,True,False,False,20193.12
15.6,8.0,2.6,1,0,1920,1080,1024.0,0,1,141.21199808219862,False,False,False,False,False,False,False,False,True,False,False,False,False,False,False,False,False,False,False,False,True,False,False,False,False,False,False,False,True,False,False,47898.72
15.6,6.0,2.04,0,0,1920,1080,1024.0,0,0,141.21199808219862,False,False,False,False,False,False,True,False,False,False,False,False,False,False,False,False,False,False,False,False,True,False,False,False,False,False,False,False,True,False,False,29303.4672
15.6,8.0,2.3,0,0,1366,768,1024.0,0,1,100.45466986113651,False,False,False,True,False,False,False,False,False,False,False,False,False,False,False,False,False,False,False,False,True,False,False,False,True,False,False,False,False,False,False,42943.1472
11.6,2.0,1.17,0,0,1366,768,32.0,0,0,135.0942111925629,False,False,False,False,False,False,True,False,False,False,False,False,False,False,False,False,False,False,False,True,False,False,False,False,False,False,False,False,True,False,False,11135.52
15.6,4.0,2.2,0,0,1366,768,500.0,0,1,100.45466986113651,False,True,False,False,False,False,False,False,False,False,False,False,False,False,False,False,False,False,False,False,True,False,False,False,False,False,False,False,True,False,False,38378.6496
14.0,4.0,1.8,1,1,1920,1080,128.0,1,0,157.3505121487356,False,False,False,False,False,False,False,False,True,False,False,False,False,False,False,False,False,False,False,False,False,False,False,False,False,False,False,False,True,False,False,33992.64
13.3,16.0,1.3,1,1,3200,1800,512.0,1,0,276.053530085501,False,False,False,False,False,False,False,False,True,False,False,False,False,False,False,False,False,False,False,False,False,False,False,False,False,False,False,False,True,False,False,79866.72
14.0,2.0,1.5,0,0,1366,768,64.0,0,0,111.93520355955211,False,False,False,False,False,False,False,False,True,False,False,False,False,False,False,False,False,False,False,False,True,False,False,False,False,False,False,False,True,False,False,12201.12
15.6,6.0,2.19,0,0,1366,768,1024.0,0,1,100.45466986113651,False,False,False,False,False,False,True,False,False,False,False,False,False,False,False,False,False,False,False,False,True,False,False,False,False,False,False,False,True,False,False,40705.92
